ticket_id,customer_id,agent_id,channel,category,created_at,first_response_minutes,resolution_hours,csat_score
TKT000001,CU02584,AG030,Email,Account Access,2025-05-26 22:06:00,155.9,7.4,4
TKT000002,CU02865,AG035,Social Media,Delivery,2025-11-30 14:46:00,149.8,4.3,5
TKT000003,CU01071,AG006,Chat,Billing,2025-01-27 10:27:00,4.6,51.4,3
TKT000004,CU01429,AG010,Phone,Delivery,2025-09-13 07:26:00,6.4,14.7,5
TKT000005,CU03781,AG002,Phone,Billing,2025-09-25 20:30:00,2.1,0.4,4
TKT000006,CU03408,AG020,Web Form,Account Access,2025-12-18 20:31:00,54.6,21.0,5
TKT000007,CU01653,AG020,Chat,Refund,2025-08-01 09:55:00,2.5,3.3,2
TKT000008,CU00964,AG002,Phone,Technical Issue,2025-12-15 12:35:00,6.2,0.7,2
TKT000009,CU01206,AG027,Chat,Technical Issue,2025-06-14 15:47:00,3.2,4.0,4
TKT000010,CU02154,AG001,Chat,Account Access,2025-04-07 07:49:00,1.9,1.8,4
TKT000011,CU02268,AG032,Email,Technical Issue,2025-12-22 13:03:00,106.9,58.1,5
TKT000012,CU00737,AG029,Phone,Technical Issue,2025-07-10 09:48:00,7.0,6.5,3
TKT000013,CU00264,AG033,Email,Delivery,2025-04-29 09:49:00,172.3,23.9,5
TKT000014,CU01982,AG005,Phone,Technical Issue,2025-08-23 14:38:00,4.7,42.3,4
TKT000015,CU03190,AG035,Web Form,Delivery,2025-06-04 10:04:00,37.3,4.8,4
TKT000016,CU00610,AG022,Email,Technical Issue,2025-09-30 14:00:00,444.3,5.3,4
TKT000017,CU01634,AG035,Chat,Technical Issue,2025-09-27 09:00:00,2.3,4.8,1
TKT000018,CU00647,AG028,Chat,Billing,2025-01-07 13:42:00,1.9,6.8,2
TKT000019,CU00969,AG027,Web Form,Product Inquiry,2025-07-11 20:32:00,63.1,4.5,3
TKT000020,CU02449,AG002,Social Media,Account Access,2025-11-08 13:22:00,83.7,5.0,4
TKT000021,CU01145,AG028,Email,Billing,2025-08-29 13:31:00,68.9,5.1,1
TKT000022,CU01056,AG018,Web Form,Billing,2025-09-20 13:27:00,64.8,3.4,3
TKT000023,CU03983,AG034,Social Media,Account Access,2025-12-23 18:18:00,40.5,5.8,2
TKT000024,CU00690,AG028,Phone,Delivery,2025-05-06 15:45:00,4.2,3.1,5
TKT000025,CU00758,AG003,Chat,Technical Issue,2025-09-11 03:27:00,1.0,10.4,4
TKT000026,CU03720,AG036,Email,Technical Issue,2025-01-11 07:32:00,42.8,8.5,4
TKT000027,CU02201,AG003,Chat,Account Access,2025-02-25 14:55:00,2.8,4.7,4
TKT000028,CU00173,AG012,Chat,Delivery,2025-09-12 16:54:00,1.1,6.2,5
TKT000029,CU01700,AG009,Email,Refund,2025-03-18 07:40:00,177.8,3.0,4
TKT000030,CU02261,AG039,Phone,Account Access,2025-10-15 13:54:00,4.4,45.2,1
TKT000031,CU01013,AG007,Chat,Delivery,2025-11-14 15:20:00,2.2,2.4,4
TKT000032,CU02194,AG034,Email,Account Access,2025-11-23 11:22:00,99.2,41.9,3
TKT000033,CU02595,AG009,Email,Account Access,2025-01-18 15:56:00,130.3,4.4,3
TKT000034,CU01003,AG027,Chat,Delivery,2025-04-29 10:53:00,1.4,37.8,5
TKT000035,CU03250,AG004,Chat,Technical Issue,2025-07-05 15:09:00,3.4,40.5,3
TKT000036,CU01812,AG016,Chat,Product Inquiry,2025-01-06 17:00:00,1.5,7.5,5
TKT000037,CU03854,AG025,Web Form,Billing,2025-11-27 21:10:00,48.0,13.3,3
TKT000038,CU00351,AG029,Social Media,Account Access,2025-12-19 15:45:00,135.6,5.1,5
TKT000039,CU01297,AG035,Chat,Account Access,2025-10-11 11:13:00,1.4,6.9,3
TKT000040,CU02886,AG033,Social Media,Refund,2025-04-12 16:59:00,33.6,6.2,4
TKT000041,CU03580,AG021,Web Form,Technical Issue,2025-02-12 17:13:00,30.7,11.2,2
TKT000042,CU00887,AG013,Chat,Refund,2025-10-29 11:10:00,3.6,17.4,5
TKT000043,CU03922,AG011,Email,Technical Issue,2025-09-28 11:04:00,146.5,7.1,5
TKT000044,CU00774,AG040,Email,Technical Issue,2025-12-12 08:56:00,164.4,5.0,5
TKT000045,CU01665,AG025,Chat,Refund,2025-05-20 15:18:00,2.4,7.3,4
TKT000046,CU01260,AG037,Chat,Technical Issue,2025-03-03 12:49:00,5.3,6.1,4
TKT000047,CU01698,AG018,Phone,Delivery,2025-11-25 08:32:00,1.3,2.4,3
TKT000048,CU03610,AG020,Phone,Billing,2025-02-09 14:09:00,3.7,60.8,1
TKT000049,CU02931,AG034,Chat,Product Inquiry,2025-07-29 22:13:00,2.0,63.7,4
TKT000050,CU03186,AG029,Email,Refund,2025-06-22 05:05:00,138.4,10.7,3
TKT000051,CU01016,AG009,Social Media,Billing,2025-07-20 13:06:00,139.7,19.7,5
TKT000052,CU03788,AG021,Email,Refund,2025-05-27 20:48:00,220.4,1.8,4
TKT000053,CU01743,AG009,Chat,Technical Issue,2025-01-04 21:39:00,1.8,8.3,5
TKT000054,CU02608,AG031,Chat,Delivery,2025-08-15 10:09:00,1.0,2.1,3
TKT000055,CU02791,AG002,Chat,Delivery,2025-04-02 08:25:00,7.9,15.9,4
TKT000056,CU02652,AG034,Phone,Delivery,2025-02-12 12:13:00,4.0,38.2,3
TKT000057,CU02408,AG038,Phone,Delivery,2025-05-31 10:39:00,4.2,9.5,4
TKT000058,CU01921,AG001,Phone,Refund,2025-04-17 13:07:00,8.0,1.4,3
TKT000059,CU02591,AG026,Email,Account Access,2025-09-22 14:14:00,112.8,7.8,3
TKT000060,CU03621,AG004,Email,Product Inquiry,2025-05-13 17:40:00,284.9,13.6,5
TKT000061,CU01560,AG015,Web Form,Technical Issue,2025-07-09 15:45:00,46.5,11.7,5
TKT000062,CU02044,AG014,Web Form,Billing,2025-06-27 19:58:00,150.4,52.5,2
TKT000063,CU00721,AG021,Phone,Refund,2025-11-08 16:58:00,5.1,3.3,4
TKT000064,CU01421,AG037,Email,Billing,2025-02-07 13:42:00,96.6,8.9,2
TKT000065,CU03089,AG019,Phone,Billing,2025-01-13 07:15:00,13.3,7.6,4
TKT000066,CU02562,AG016,Email,Delivery,2025-11-13 17:49:00,195.0,46.4,5
TKT000067,CU00845,AG004,Email,Account Access,2025-04-28 16:38:00,100.2,3.3,5
TKT000068,CU02185,AG036,Chat,Technical Issue,2025-09-19 10:57:00,1.0,8.1,5
TKT000069,CU03248,AG013,Chat,Technical Issue,2025-08-07 09:45:00,2.9,9.6,5
TKT000070,CU00497,AG019,Email,Billing,2025-10-06 15:48:00,299.7,1.4,4
TKT000071,CU00248,AG004,Email,Billing,2025-08-29 06:32:00,173.2,4.4,4
TKT000072,CU01571,AG012,Email,Technical Issue,2025-03-31 17:48:00,167.9,9.3,4
TKT000073,CU02627,AG023,Email,Refund,2025-07-03 09:17:00,329.9,3.8,5
TKT000074,CU01254,AG037,Web Form,Billing,2025-04-22 14:05:00,76.4,39.4,2
TKT000075,CU03285,AG014,Chat,Refund,2025-05-26 10:12:00,1.4,14.2,1
TKT000076,CU03388,AG023,Phone,Product Inquiry,2025-07-18 13:34:00,2.9,5.5,4
TKT000077,CU02131,AG036,Phone,Billing,2025-01-27 17:38:00,5.4,1.0,4
TKT000078,CU01516,AG015,Email,Product Inquiry,2025-01-12 10:29:00,184.5,50.1,2
TKT000079,CU00167,AG012,Web Form,Technical Issue,2025-09-12 03:28:00,100.1,4.7,5
TKT000080,CU03287,AG002,Chat,Delivery,2025-02-02 06:11:00,2.4,17.8,4
TKT000081,CU03582,AG037,Email,Product Inquiry,2025-11-26 06:50:00,203.5,3.8,4
TKT000082,CU01770,AG005,Email,Refund,2025-08-23 12:13:00,169.5,65.5,5
TKT000083,CU02066,AG009,Chat,Technical Issue,2025-10-23 06:05:00,3.4,5.2,5
TKT000084,CU03015,AG006,Phone,Technical Issue,2025-06-22 11:09:00,6.0,5.3,5
TKT000085,CU02782,AG029,Social Media,Technical Issue,2025-09-13 16:01:00,78.1,2.7,4
TKT000086,CU00542,AG015,Social Media,Product Inquiry,2025-03-09 19:59:00,81.1,1.4,5
TKT000087,CU02690,AG029,Chat,Technical Issue,2025-08-20 09:22:00,2.4,4.0,5
TKT000088,CU03699,AG025,Email,Account Access,2025-04-24 19:47:00,148.9,7.4,4
TKT000089,CU03003,AG001,Email,Billing,2025-10-09 22:28:00,288.4,11.7,4
TKT000090,CU01923,AG013,Chat,Billing,2025-05-15 15:55:00,2.2,4.9,3
TKT000091,CU02093,AG001,Email,Billing,2025-10-11 16:38:00,64.0,5.7,3
TKT000092,CU01040,AG003,Phone,Billing,2025-11-23 13:14:00,2.1,3.6,4
TKT000093,CU02644,AG019,Email,Account Access,2025-01-03 06:06:00,122.7,8.1,3
TKT000094,CU00966,AG011,Chat,Billing,2025-01-23 21:10:00,3.0,7.4,5
TKT000095,CU01368,AG004,Email,Billing,2025-05-11 20:35:00,93.9,44.4,4
TKT000096,CU01061,AG017,Email,Account Access,2025-07-19 10:01:00,200.3,1.2,4
TKT000097,CU01342,AG019,Web Form,Billing,2025-11-13 09:48:00,36.1,7.2,5
TKT000098,CU01467,AG040,Email,Delivery,2025-06-10 06:17:00,152.8,68.9,1
TKT000099,CU00332,AG027,Chat,Account Access,2025-11-07 13:54:00,2.5,71.0,4
TKT000100,CU02871,AG016,Chat,Account Access,2025-09-24 20:07:00,1.1,2.0,5
TKT000101,CU01764,AG019,Email,Technical Issue,2025-09-17 04:53:00,174.0,4.5,4
TKT000102,CU03799,AG004,Web Form,Technical Issue,2025-11-29 14:52:00,133.7,20.1,4
TKT000103,CU00724,AG016,Social Media,Refund,2025-04-23 18:31:00,80.7,11.4,4
TKT000104,CU02677,AG024,Phone,Refund,2025-09-02 11:28:00,4.2,49.6,1
TKT000105,CU00717,AG001,Phone,Technical Issue,2025-10-19 14:53:00,4.6,5.9,4
TKT000106,CU02189,AG037,Chat,Billing,2025-12-20 12:48:00,2.1,3.4,5
TKT000107,CU01964,AG021,Email,Billing,2025-03-26 06:32:00,141.9,7.0,4
TKT000108,CU01795,AG032,Social Media,Delivery,2025-10-15 13:19:00,87.4,13.8,3
TKT000109,CU02619,AG012,Email,Technical Issue,2025-03-23 07:04:00,59.1,6.2,4
TKT000110,CU03313,AG034,Web Form,Product Inquiry,2025-12-18 15:55:00,70.6,71.6,3
TKT000111,CU01267,AG015,Chat,Technical Issue,2025-07-15 10:58:00,1.1,23.4,4
TKT000112,CU03399,AG038,Email,Product Inquiry,2025-11-16 17:52:00,172.2,4.0,4
TKT000113,CU00740,AG021,Phone,Technical Issue,2025-07-28 14:00:00,5.9,4.1,4
TKT000114,CU01173,AG026,Phone,Billing,2025-01-28 20:25:00,5.0,2.9,3
TKT000115,CU01243,AG009,Email,Technical Issue,2025-05-09 16:17:00,86.1,4.3,4
TKT000116,CU03814,AG040,Email,Technical Issue,2025-08-11 16:26:00,166.5,4.0,5
TKT000117,CU00475,AG008,Social Media,Product Inquiry,2025-08-09 10:02:00,80.0,4.4,4
TKT000118,CU01581,AG002,Email,Billing,2025-07-20 12:32:00,101.2,1.5,4
TKT000119,CU01698,AG018,Web Form,Technical Issue,2025-09-16 16:32:00,171.1,4.9,4
TKT000120,CU03201,AG034,Email,Product Inquiry,2025-07-30 16:14:00,85.4,13.8,5
TKT000121,CU01944,AG037,Chat,Technical Issue,2025-03-07 15:34:00,2.6,60.8,3
TKT000122,CU03868,AG035,Phone,Technical Issue,2025-01-29 00:32:00,9.3,4.8,2
TKT000123,CU02962,AG023,Phone,Technical Issue,2025-04-16 02:38:00,4.9,43.5,3
TKT000124,CU02815,AG037,Phone,Billing,2025-02-20 06:14:00,2.9,9.7,2
TKT000125,CU03012,AG020,Phone,Product Inquiry,2025-09-13 03:08:00,3.0,4.7,4
TKT000126,CU00647,AG020,Social Media,Technical Issue,2025-12-23 17:19:00,41.7,9.2,4
TKT000127,CU01797,AG008,Chat,Delivery,2025-12-05 14:01:00,2.1,0.4,5
TKT000128,CU02345,AG032,Phone,Technical Issue,2025-07-26 13:41:00,4.3,16.2,3
TKT000129,CU00834,AG013,Phone,Technical Issue,2025-11-19 07:15:00,3.5,46.6,5
TKT000130,CU00476,AG008,Chat,Delivery,2025-08-29 17:19:00,4.4,10.4,3
TKT000131,CU00544,AG015,Phone,Delivery,2025-02-17 07:03:00,3.9,10.9,5
TKT000132,CU03157,AG025,Chat,Account Access,2025-08-03 09:31:00,1.0,23.9,4
TKT000133,CU02628,AG011,Chat,Technical Issue,2025-07-27 17:02:00,4.6,23.8,3
TKT000134,CU01126,AG015,Email,Technical Issue,2025-07-20 15:28:00,74.4,4.9,1
TKT000135,CU02949,AG014,Email,Delivery,2025-10-20 07:15:00,189.2,8.4,4
TKT000136,CU02781,AG024,Email,Account Access,2025-12-26 06:37:00,203.3,52.8,4
TKT000137,CU03267,AG029,Phone,Billing,2025-03-28 11:59:00,3.9,58.5,1
TKT000138,CU03641,AG028,Chat,Technical Issue,2025-01-07 14:33:00,3.4,2.2,3
TKT000139,CU03529,AG006,Chat,Delivery,2025-08-23 09:48:00,2.1,6.5,5
TKT000140,CU00725,AG014,Web Form,Technical Issue,2025-02-10 14:11:00,46.2,15.7,4
TKT000141,CU03078,AG026,Chat,Delivery,2025-06-06 11:21:00,1.0,4.8,5
TKT000142,CU01572,AG009,Chat,Delivery,2025-12-07 14:48:00,1.0,6.2,4
TKT000143,CU01613,AG003,Email,Technical Issue,2025-08-30 16:22:00,651.8,67.3,1
TKT000144,CU02589,AG013,Phone,Account Access,2025-12-09 18:55:00,6.1,8.2,4
TKT000145,CU02409,AG028,Chat,Account Access,2025-01-12 09:55:00,4.1,9.6,1
TKT000146,CU01679,AG027,Email,Account Access,2025-09-15 07:44:00,572.1,2.4,1
TKT000147,CU03998,AG006,Phone,Product Inquiry,2025-04-25 07:39:00,3.4,8.1,5
TKT000148,CU00700,AG028,Chat,Account Access,2025-01-28 08:20:00,1.9,3.0,1
TKT000149,CU00388,AG008,Social Media,Technical Issue,2025-04-23 10:50:00,37.3,52.5,3
TKT000150,CU00117,AG030,Social Media,Billing,2025-12-07 03:59:00,78.8,12.9,5
TKT000151,CU03257,AG023,Social Media,Delivery,2025-06-02 18:51:00,77.7,10.4,5
TKT000152,CU01627,AG006,Chat,Billing,2025-12-01 18:20:00,1.7,4.1,4
TKT000153,CU01750,AG015,Social Media,Delivery,2025-02-11 16:10:00,164.8,12.4,4
TKT000154,CU02597,AG033,Email,Technical Issue,2025-08-28 11:54:00,213.2,67.9,2
TKT000155,CU01742,AG018,Phone,Technical Issue,2025-06-09 16:00:00,6.8,3.1,5
TKT000156,CU02296,AG028,Email,Technical Issue,2025-04-20 14:47:00,73.5,3.7,3
TKT000157,CU00234,AG030,Chat,Refund,2025-07-17 15:16:00,2.1,7.1,5
TKT000158,CU00625,AG002,Web Form,Delivery,2025-08-13 07:46:00,68.2,21.9,5
TKT000159,CU03729,AG038,Social Media,Account Access,2025-01-10 19:35:00,258.3,2.2,4
TKT000160,CU01803,AG014,Email,Billing,2025-08-27 11:06:00,153.3,2.9,5
TKT000161,CU00670,AG032,Email,Product Inquiry,2025-04-20 09:54:00,131.4,10.7,4
TKT000162,CU01478,AG019,Phone,Refund,2025-10-21 11:56:00,7.5,6.0,4
TKT000163,CU01340,AG024,Web Form,Billing,2025-03-06 09:18:00,49.0,9.4,4
TKT000164,CU01097,AG015,Email,Delivery,2025-04-15 23:09:00,186.2,7.5,3
TKT000165,CU01175,AG035,Phone,Product Inquiry,2025-12-21 15:51:00,5.2,8.6,5
TKT000166,CU02918,AG005,Chat,Billing,2025-04-01 19:26:00,1.5,1.1,5
TKT000167,CU00428,AG036,Email,Billing,2025-02-17 21:39:00,98.3,5.7,4
TKT000168,CU01239,AG009,Phone,Account Access,2025-07-20 14:49:00,3.9,14.5,4
TKT000169,CU01872,AG036,Phone,Billing,2025-08-18 17:39:00,3.2,21.7,4
TKT000170,CU02161,AG001,Email,Delivery,2025-07-26 19:28:00,61.4,8.7,4
TKT000171,CU03523,AG001,Chat,Account Access,2025-05-27 08:42:00,3.0,21.1,5
TKT000172,CU03693,AG004,Social Media,Technical Issue,2025-02-09 09:04:00,123.2,8.2,5
TKT000173,CU01190,AG022,Chat,Billing,2025-04-15 11:30:00,1.3,8.1,5
TKT000174,CU02158,AG011,Email,Delivery,2025-01-21 15:36:00,88.2,8.7,4
TKT000175,CU00090,AG024,Social Media,Technical Issue,2025-11-08 17:40:00,117.7,3.6,4
TKT000176,CU02469,AG033,Email,Billing,2025-04-05 10:13:00,367.0,3.9,4
TKT000177,CU00612,AG002,Phone,Technical Issue,2025-08-31 18:47:00,7.0,30.5,3
TKT000178,CU00293,AG022,Chat,Refund,2025-04-05 15:19:00,3.9,3.4,5
TKT000179,CU02687,AG030,Chat,Technical Issue,2025-08-15 11:35:00,1.7,2.1,4
TKT000180,CU00713,AG017,Email,Technical Issue,2025-02-03 15:42:00,175.9,51.8,3
TKT000181,CU01910,AG038,Phone,Refund,2025-02-04 18:02:00,3.7,3.5,3
TKT000182,CU00404,AG027,Email,Technical Issue,2025-04-26 10:57:00,93.9,5.4,4
TKT000183,CU02983,AG002,Chat,Delivery,2025-04-05 11:30:00,2.2,7.3,4
TKT000184,CU03060,AG022,Phone,Billing,2025-04-28 15:00:00,2.5,14.4,1
TKT000185,CU02300,AG016,Email,Refund,2025-04-11 12:35:00,92.9,2.2,5
TKT000186,CU03344,AG006,Email,Technical Issue,2025-09-11 08:15:00,109.6,9.4,5
TKT000187,CU01748,AG039,Web Form,Technical Issue,2025-06-08 18:52:00,45.7,5.7,3
TKT000188,CU00746,AG009,Chat,Technical Issue,2025-02-26 09:09:00,2.0,2.9,4
TKT000189,CU00606,AG004,Phone,Product Inquiry,2025-12-03 09:00:00,1.3,34.1,3
TKT000190,CU00878,AG009,Phone,Refund,2025-08-20 18:43:00,2.4,10.6,4
TKT000191,CU00802,AG033,Phone,Billing,2025-05-28 15:02:00,9.5,10.6,5
TKT000192,CU01293,AG024,Phone,Technical Issue,2025-07-05 12:11:00,4.0,3.0,5
TKT000193,CU00858,AG033,Chat,Technical Issue,2025-04-30 11:22:00,2.7,6.2,3
TKT000194,CU02365,AG019,Web Form,Technical Issue,2025-05-24 08:52:00,69.1,6.2,1
TKT000195,CU00594,AG005,Email,Technical Issue,2025-01-26 06:48:00,131.9,2.0,5
TKT000196,CU02488,AG016,Web Form,Refund,2025-10-31 19:36:00,33.8,4.6,5
TKT000197,CU01337,AG008,Web Form,Technical Issue,2025-05-21 05:29:00,40.6,42.3,2
TKT000198,CU02748,AG023,Phone,Refund,2025-09-12 06:40:00,11.7,58.4,4
TKT000199,CU02052,AG011,Email,Technical Issue,2025-01-20 16:18:00,104.4,68.1,3
TKT000200,CU03621,AG039,Phone,Refund,2025-02-03 19:53:00,10.3,69.6,2
TKT000201,CU01760,AG016,Chat,Billing,2025-05-14 16:41:00,1.6,9.4,5
TKT000202,CU01181,AG013,Social Media,Technical Issue,2025-01-14 09:35:00,75.5,4.6,3
TKT000203,CU02357,AG040,Email,Refund,2025-12-20 09:30:00,146.0,58.1,1
TKT000204,CU02636,AG021,Email,Technical Issue,2025-01-15 21:37:00,127.1,2.5,4
TKT000205,CU01757,AG007,Email,Refund,2025-07-22 16:34:00,83.5,3.8,3
TKT000206,CU02239,AG020,Social Media,Delivery,2025-05-09 18:41:00,89.3,63.6,4
TKT000207,CU01884,AG011,Social Media,Product Inquiry,2025-03-18 12:25:00,40.0,1.1,5
TKT000208,CU01224,AG029,Chat,Refund,2025-02-21 17:17:00,2.4,11.4,4
TKT000209,CU01255,AG023,Email,Technical Issue,2025-04-20 22:43:00,158.4,48.7,4
TKT000210,CU03630,AG030,Chat,Billing,2025-01-19 11:18:00,3.0,3.0,5
TKT000211,CU02702,AG038,Phone,Delivery,2025-07-28 10:00:00,3.0,1.7,4
TKT000212,CU00382,AG030,Social Media,Billing,2025-03-27 05:04:00,135.1,8.7,3
TKT000213,CU03849,AG014,Chat,Account Access,2025-01-08 16:00:00,2.5,3.3,4
TKT000214,CU02849,AG009,Web Form,Technical Issue,2025-02-12 09:31:00,59.0,9.8,5
TKT000215,CU00201,AG022,Email,Delivery,2025-11-25 09:40:00,415.3,36.0,4
TKT000216,CU02912,AG018,Email,Billing,2025-03-29 15:17:00,181.4,12.7,5
TKT000217,CU02359,AG013,Chat,Technical Issue,2025-07-31 16:01:00,1.5,3.8,2
TKT000218,CU03662,AG033,Chat,Product Inquiry,2025-05-30 11:38:00,4.7,4.5,4
TKT000219,CU01958,AG037,Email,Refund,2025-06-29 20:20:00,185.4,3.3,3
TKT000220,CU02075,AG016,Phone,Billing,2025-11-08 08:47:00,10.6,1.2,3
TKT000221,CU01259,AG028,Email,Technical Issue,2025-09-19 13:21:00,50.5,68.4,2
TKT000222,CU01287,AG040,Email,Delivery,2025-07-21 14:38:00,118.7,14.5,3
TKT000223,CU02472,AG001,Social Media,Technical Issue,2025-03-15 14:36:00,76.4,5.7,4
TKT000224,CU03311,AG015,Phone,Account Access,2025-11-07 15:17:00,1.4,3.3,4
TKT000225,CU03563,AG030,Chat,Delivery,2025-01-08 15:46:00,2.2,0.4,4
TKT000226,CU03084,AG020,Email,Billing,2025-07-23 17:48:00,114.1,3.7,5
TKT000227,CU02440,AG032,Email,Billing,2025-08-13 17:49:00,46.6,51.6,4
TKT000228,CU02002,AG019,Chat,Technical Issue,2025-12-12 22:19:00,1.3,8.6,4
TKT000229,CU01359,AG003,Chat,Billing,2025-02-28 20:16:00,4.3,10.8,5
TKT000230,CU03072,AG018,Email,Account Access,2025-04-16 13:17:00,230.8,1.5,4
TKT000231,CU01273,AG017,Email,Technical Issue,2025-01-05 16:09:00,94.7,71.4,2
TKT000232,CU01072,AG034,Email,Product Inquiry,2025-04-01 11:52:00,93.1,7.2,5
TKT000233,CU03472,AG006,Email,Delivery,2025-12-06 15:58:00,224.8,11.2,4
TKT000234,CU02359,AG007,Email,Technical Issue,2025-01-04 00:49:00,47.5,57.2,5
TKT000235,CU01417,AG006,Chat,Account Access,2025-10-15 11:02:00,2.8,12.0,5
TKT000236,CU03461,AG023,Web Form,Billing,2025-12-08 19:56:00,20.1,33.4,2
TKT000237,CU03851,AG040,Web Form,Billing,2025-02-11 15:48:00,135.7,6.2,4
TKT000238,CU01272,AG025,Email,Account Access,2025-05-12 02:04:00,201.1,53.5,3
TKT000239,CU02086,AG033,Phone,Technical Issue,2025-11-24 13:01:00,1.5,7.9,4
TKT000240,CU01935,AG035,Chat,Technical Issue,2025-09-20 11:15:00,1.6,1.1,4
TKT000241,CU02807,AG025,Email,Technical Issue,2025-01-25 17:29:00,166.7,5.7,2
TKT000242,CU03805,AG025,Social Media,Technical Issue,2025-11-12 07:21:00,30.2,9.9,3
TKT000243,CU02195,AG010,Web Form,Delivery,2025-10-21 14:38:00,53.7,62.0,2
TKT000244,CU03193,AG039,Chat,Product Inquiry,2025-04-24 16:41:00,2.6,6.4,5
TKT000245,CU02383,AG032,Phone,Delivery,2025-06-01 14:28:00,1.3,59.2,1
TKT000246,CU03549,AG035,Phone,Product Inquiry,2025-04-22 10:22:00,6.0,7.2,5
TKT000247,CU01619,AG040,Email,Account Access,2025-07-09 17:33:00,130.7,10.4,5
TKT000248,CU01541,AG014,Email,Billing,2025-10-12 17:06:00,231.8,6.5,5
TKT000249,CU01690,AG006,Chat,Refund,2025-09-01 11:01:00,1.8,9.8,4
TKT000250,CU03987,AG035,Phone,Technical Issue,2025-12-20 09:47:00,2.2,0.4,5
TKT000251,CU02446,AG019,Email,Technical Issue,2025-02-06 15:09:00,74.2,48.5,3
TKT000252,CU00611,AG039,Phone,Product Inquiry,2025-12-04 11:58:00,3.4,6.6,4
TKT000253,CU00164,AG028,Chat,Delivery,2025-11-28 10:33:00,1.8,8.5,4
TKT000254,CU02076,AG011,Phone,Product Inquiry,2025-05-20 12:31:00,7.2,12.4,5
TKT000255,CU03223,AG015,Chat,Technical Issue,2025-02-22 12:49:00,1.7,11.3,2
TKT000256,CU01918,AG025,Email,Delivery,2025-03-24 18:12:00,59.4,20.5,4
TKT000257,CU02241,AG016,Chat,Technical Issue,2025-12-10 21:32:00,1.6,42.3,2
TKT000258,CU03194,AG012,Phone,Billing,2025-01-04 16:27:00,1.7,3.9,4
TKT000259,CU02066,AG009,Social Media,Product Inquiry,2025-02-03 07:29:00,109.1,6.4,4
TKT000260,CU03635,AG026,Phone,Billing,2025-01-27 10:55:00,5.5,2.1,5
TKT000261,CU02552,AG002,Phone,Delivery,2025-03-04 08:59:00,6.0,2.2,5
TKT000262,CU02925,AG004,Chat,Refund,2025-10-16 15:24:00,1.7,65.7,4
TKT000263,CU03126,AG002,Chat,Refund,2025-01-22 14:23:00,1.4,3.7,4
TKT000264,CU02508,AG030,Chat,Technical Issue,2025-12-19 22:16:00,1.5,1.9,5
TKT000265,CU00201,AG002,Web Form,Technical Issue,2025-05-26 12:23:00,52.3,37.2,4
TKT000266,CU01710,AG017,Email,Product Inquiry,2025-07-14 07:25:00,105.8,52.7,2
TKT000267,CU00566,AG005,Phone,Account Access,2025-08-04 14:04:00,9.7,8.8,4
TKT000268,CU02042,AG024,Chat,Account Access,2025-10-24 11:13:00,1.6,4.9,3
TKT000269,CU00573,AG002,Email,Technical Issue,2025-08-17 08:46:00,132.3,2.9,4
TKT000270,CU02038,AG002,Chat,Technical Issue,2025-01-23 11:42:00,1.3,7.7,3
TKT000271,CU01376,AG017,Email,Product Inquiry,2025-10-30 09:04:00,93.8,23.9,4
TKT000272,CU00082,AG028,Web Form,Account Access,2025-02-02 09:53:00,27.3,4.3,4
TKT000273,CU00500,AG005,Email,Refund,2025-07-12 13:08:00,79.5,57.9,5
TKT000274,CU02013,AG020,Email,Technical Issue,2025-11-13 17:09:00,392.0,55.4,4
TKT000275,CU00316,AG033,Email,Technical Issue,2025-07-06 19:03:00,188.8,5.3,5
TKT000276,CU03424,AG026,Web Form,Account Access,2025-06-03 09:09:00,45.6,6.0,3
TKT000277,CU03035,AG031,Web Form,Refund,2025-04-30 12:11:00,38.3,67.7,2
TKT000278,CU02838,AG013,Email,Billing,2025-10-14 18:53:00,276.2,12.0,4
TKT000279,CU00689,AG038,Chat,Billing,2025-08-26 22:26:00,1.3,4.2,4
TKT000280,CU03183,AG006,Chat,Account Access,2025-10-23 18:11:00,1.0,12.4,2
TKT000281,CU02539,AG025,Phone,Technical Issue,2025-11-28 13:02:00,5.2,3.0,5
TKT000282,CU01562,AG018,Chat,Billing,2025-08-05 18:14:00,1.2,6.1,5
TKT000283,CU00002,AG002,Email,Account Access,2025-05-10 16:24:00,69.1,18.9,4
TKT000284,CU02116,AG038,Chat,Technical Issue,2025-08-05 07:26:00,1.1,3.5,3
TKT000285,CU03184,AG029,Chat,Delivery,2025-05-11 06:28:00,2.5,10.7,5
TKT000286,CU00134,AG010,Chat,Technical Issue,2025-03-16 20:12:00,1.9,3.5,5
TKT000287,CU00211,AG003,Social Media,Delivery,2025-05-06 20:06:00,52.4,10.1,4
TKT000288,CU01532,AG028,Chat,Refund,2025-06-24 12:29:00,2.6,7.1,5
TKT000289,CU02047,AG022,Phone,Refund,2025-03-25 15:03:00,2.5,5.0,5
TKT000290,CU01898,AG002,Email,Delivery,2025-04-26 10:53:00,56.9,1.9,5
TKT000291,CU01705,AG040,Phone,Account Access,2025-07-26 16:18:00,1.9,4.4,5
TKT000292,CU01021,AG029,Web Form,Billing,2025-02-19 12:39:00,55.7,8.9,4
TKT000293,CU00240,AG019,Email,Billing,2025-02-08 11:39:00,91.0,23.9,5
TKT000294,CU00125,AG010,Email,Technical Issue,2025-10-10 12:02:00,148.3,8.7,5
TKT000295,CU00396,AG011,Web Form,Delivery,2025-11-01 12:36:00,101.4,13.0,4
TKT000296,CU02762,AG019,Email,Technical Issue,2025-04-25 20:37:00,99.0,34.5,4
TKT000297,CU03144,AG003,Chat,Billing,2025-02-20 19:07:00,8.7,36.7,3
TKT000298,CU01741,AG015,Phone,Account Access,2025-06-18 08:34:00,4.7,5.5,4
TKT000299,CU00310,AG009,Phone,Delivery,2025-03-05 10:05:00,3.6,21.2,5
TKT000300,CU01663,AG005,Email,Billing,2025-11-17 10:27:00,67.2,4.7,4
TKT000301,CU03943,AG006,Email,Billing,2025-01-26 01:11:00,115.6,2.7,5
TKT000302,CU01000,AG014,Email,Account Access,2025-07-03 13:19:00,122.1,1.7,4
TKT000303,CU01965,AG016,Email,Product Inquiry,2025-05-20 13:52:00,212.6,36.2,3
TKT000304,CU02152,AG015,Phone,Delivery,2025-06-20 07:53:00,2.9,1.6,5
TKT000305,CU01320,AG028,Web Form,Technical Issue,2025-10-04 22:55:00,69.8,8.2,4
TKT000306,CU01753,AG021,Chat,Refund,2025-04-06 16:57:00,2.0,6.2,4
TKT000307,CU01887,AG008,Email,Technical Issue,2025-11-29 08:31:00,239.3,9.2,3
TKT000308,CU01896,AG039,Chat,Billing,2025-12-23 16:51:00,3.6,12.3,1
TKT000309,CU02871,AG030,Social Media,Technical Issue,2025-06-08 10:54:00,108.1,3.2,4
TKT000310,CU02324,AG019,Chat,Billing,2025-05-21 15:16:00,3.0,7.1,4
TKT000311,CU00214,AG002,Chat,Delivery,2025-03-27 12:07:00,3.7,6.1,5
TKT000312,CU00026,AG037,Email,Account Access,2025-10-24 08:23:00,188.1,3.6,3
TKT000313,CU01643,AG030,Email,Refund,2025-09-22 12:39:00,163.1,56.9,1
TKT000314,CU03631,AG019,Chat,Account Access,2025-06-14 21:07:00,2.5,12.2,5
TKT000315,CU00148,AG007,Phone,Technical Issue,2025-09-09 16:38:00,9.7,6.7,4
TKT000316,CU00285,AG005,Email,Account Access,2025-05-15 15:19:00,148.9,2.1,1
TKT000317,CU02718,AG012,Phone,Delivery,2025-09-06 18:26:00,6.0,9.7,3
TKT000318,CU01804,AG010,Email,Account Access,2025-10-27 18:22:00,96.5,3.9,4
TKT000319,CU00923,AG009,Chat,Billing,2025-06-11 19:44:00,4.6,6.8,4
TKT000320,CU00830,AG017,Phone,Account Access,2025-09-01 07:19:00,5.1,35.0,3
TKT000321,CU02661,AG002,Web Form,Account Access,2025-07-26 08:28:00,45.5,55.8,3
TKT000322,CU02096,AG014,Chat,Billing,2025-01-27 17:37:00,1.9,8.1,4
TKT000323,CU02553,AG035,Email,Refund,2025-01-23 23:51:00,124.2,2.7,3
TKT000324,CU01121,AG035,Web Form,Technical Issue,2025-04-07 14:27:00,55.2,1.7,5
TKT000325,CU02106,AG001,Chat,Technical Issue,2025-04-02 21:08:00,2.2,3.9,5
TKT000326,CU03441,AG028,Email,Delivery,2025-03-11 15:33:00,125.6,55.6,2
TKT000327,CU01267,AG040,Email,Refund,2025-12-05 07:01:00,58.5,11.6,5
TKT000328,CU01586,AG024,Email,Delivery,2025-08-10 20:39:00,371.5,10.8,4
TKT000329,CU00655,AG016,Chat,Billing,2025-01-16 18:22:00,2.3,46.5,1
TKT000330,CU02556,AG020,Chat,Product Inquiry,2025-11-26 13:38:00,2.3,14.9,3
TKT000331,CU00131,AG009,Chat,Billing,2025-04-21 16:07:00,1.9,31.6,1
TKT000332,CU00996,AG016,Chat,Billing,2025-12-27 11:29:00,3.3,8.4,4
TKT000333,CU02853,AG038,Chat,Account Access,2025-03-24 14:10:00,2.1,6.9,2
TKT000334,CU00078,AG025,Chat,Billing,2025-01-31 11:33:00,1.7,6.2,4
TKT000335,CU03957,AG018,Chat,Account Access,2025-02-17 13:02:00,1.7,4.5,3
TKT000336,CU01617,AG005,Social Media,Product Inquiry,2025-05-21 15:31:00,179.1,5.6,4
TKT000337,CU01595,AG037,Chat,Technical Issue,2025-12-04 05:25:00,2.2,3.4,3
TKT000338,CU02146,AG007,Chat,Technical Issue,2025-07-21 07:07:00,2.0,9.7,5
TKT000339,CU02557,AG029,Chat,Billing,2025-02-15 06:44:00,1.6,2.3,5
TKT000340,CU01839,AG013,Phone,Account Access,2025-04-27 14:50:00,3.4,10.1,4
TKT000341,CU03537,AG012,Web Form,Delivery,2025-06-28 11:33:00,99.7,23.9,4
TKT000342,CU03849,AG007,Social Media,Product Inquiry,2025-07-18 13:31:00,54.4,1.8,5
TKT000343,CU00802,AG016,Chat,Delivery,2025-11-03 13:21:00,2.9,9.6,4
TKT000344,CU02828,AG028,Chat,Product Inquiry,2025-01-17 04:16:00,2.9,45.8,1
TKT000345,CU01204,AG017,Email,Technical Issue,2025-01-02 17:00:00,157.6,12.1,5
TKT000346,CU03983,AG001,Chat,Technical Issue,2025-09-20 16:28:00,1.8,7.4,3
TKT000347,CU01014,AG011,Web Form,Billing,2025-02-09 15:30:00,24.3,2.1,4
TKT000348,CU01181,AG007,Chat,Refund,2025-09-07 04:01:00,2.9,6.3,5
TKT000349,CU02857,AG017,Chat,Technical Issue,2025-05-05 15:19:00,1.0,7.4,4
TKT000350,CU03157,AG037,Chat,Technical Issue,2025-05-22 13:33:00,2.2,4.9,5
TKT000351,CU00515,AG039,Chat,Billing,2025-02-23 16:14:00,2.1,6.7,5
TKT000352,CU02223,AG040,Web Form,Billing,2025-10-10 07:35:00,83.9,4.7,5
TKT000353,CU01383,AG005,Chat,Delivery,2025-03-08 16:27:00,1.2,4.8,3
TKT000354,CU02448,AG020,Chat,Product Inquiry,2025-01-03 21:55:00,1.2,0.9,5
TKT000355,CU02227,AG002,Chat,Technical Issue,2025-08-04 18:10:00,2.7,1.5,4
TKT000356,CU03944,AG020,Social Media,Account Access,2025-02-25 19:02:00,81.9,46.8,4
TKT000357,CU03735,AG024,Phone,Technical Issue,2025-03-04 06:19:00,1.3,29.5,4
TKT000358,CU02616,AG031,Web Form,Technical Issue,2025-03-21 13:48:00,54.8,1.5,4
TKT000359,CU02718,AG014,Email,Billing,2025-08-22 09:55:00,378.4,2.2,4
TKT000360,CU03596,AG002,Chat,Account Access,2025-10-02 14:37:00,2.7,6.9,5
TKT000361,CU00734,AG019,Chat,Account Access,2025-12-01 16:36:00,1.0,58.4,4
TKT000362,CU02904,AG018,Web Form,Delivery,2025-12-25 16:43:00,71.2,4.9,4
TKT000363,CU03089,AG025,Chat,Refund,2025-03-25 23:59:00,3.4,6.7,5
TKT000364,CU00510,AG004,Chat,Technical Issue,2025-03-20 21:56:00,1.0,7.1,5
TKT000365,CU03526,AG025,Web Form,Delivery,2025-03-19 09:37:00,47.0,19.0,5
TKT000366,CU02798,AG017,Phone,Delivery,2025-03-10 20:21:00,8.2,1.5,4
TKT000367,CU01389,AG030,Email,Technical Issue,2025-01-05 19:05:00,60.5,68.2,3
TKT000368,CU01938,AG040,Email,Billing,2025-08-03 16:09:00,120.0,38.6,3
TKT000369,CU01959,AG010,Web Form,Technical Issue,2025-01-06 09:39:00,48.9,6.8,5
TKT000370,CU03676,AG031,Chat,Technical Issue,2025-01-15 08:04:00,1.6,2.3,5
TKT000371,CU03877,AG006,Web Form,Billing,2025-05-25 12:51:00,117.2,4.0,3
TKT000372,CU03228,AG040,Social Media,Technical Issue,2025-10-23 04:28:00,176.3,1.5,3
TKT000373,CU02609,AG020,Chat,Product Inquiry,2025-06-28 10:54:00,1.7,4.7,2
TKT000374,CU00417,AG030,Web Form,Product Inquiry,2025-05-26 06:51:00,31.4,47.2,5
TKT000375,CU03660,AG032,Phone,Account Access,2025-03-08 13:33:00,8.1,40.9,5
TKT000376,CU00536,AG025,Chat,Delivery,2025-09-06 14:25:00,3.1,9.8,1
TKT000377,CU00668,AG016,Chat,Product Inquiry,2025-04-28 07:07:00,2.0,6.3,5
TKT000378,CU00279,AG031,Web Form,Billing,2025-12-30 19:57:00,78.8,3.3,3
TKT000379,CU03791,AG020,Email,Account Access,2025-02-21 07:38:00,199.9,49.0,2
TKT000380,CU01973,AG027,Email,Delivery,2025-10-14 11:24:00,86.5,69.5,3
TKT000381,CU00944,AG025,Phone,Product Inquiry,2025-09-06 13:08:00,2.9,2.2,5
TKT000382,CU00324,AG019,Chat,Refund,2025-05-14 14:51:00,2.0,36.9,1
TKT000383,CU01648,AG005,Email,Technical Issue,2025-05-24 10:03:00,48.3,2.7,3
TKT000384,CU02895,AG012,Chat,Delivery,2025-12-18 16:40:00,1.7,9.3,5
TKT000385,CU03979,AG038,Phone,Technical Issue,2025-09-26 10:12:00,2.6,13.0,4
TKT000386,CU02210,AG021,Social Media,Technical Issue,2025-01-16 09:37:00,98.9,41.6,4
TKT000387,CU02429,AG026,Email,Account Access,2025-07-20 12:05:00,75.4,2.6,3
TKT000388,CU03344,AG011,Social Media,Delivery,2025-09-28 07:48:00,114.0,15.0,4
TKT000389,CU03608,AG029,Chat,Technical Issue,2025-05-18 21:26:00,2.3,23.6,4
TKT000390,CU01120,AG020,Email,Billing,2025-09-10 14:26:00,132.4,1.1,3
TKT000391,CU03968,AG009,Web Form,Delivery,2025-08-17 08:56:00,71.2,5.1,5
TKT000392,CU02077,AG006,Email,Technical Issue,2025-04-30 17:11:00,193.9,3.0,3
TKT000393,CU03721,AG016,Social Media,Refund,2025-01-03 16:39:00,79.0,1.6,4
TKT000394,CU00470,AG023,Chat,Billing,2025-01-13 12:34:00,2.0,7.4,5
TKT000395,CU00390,AG012,Chat,Account Access,2025-09-09 22:41:00,1.4,2.6,5
TKT000396,CU03539,AG010,Phone,Technical Issue,2025-10-10 13:39:00,2.7,2.4,5
TKT000397,CU02691,AG011,Chat,Product Inquiry,2025-05-16 09:48:00,4.8,11.6,3
TKT000398,CU00701,AG012,Email,Product Inquiry,2025-06-23 17:21:00,125.3,47.3,2
TKT000399,CU03580,AG030,Email,Technical Issue,2025-07-07 20:14:00,139.1,48.5,2
TKT000400,CU00410,AG020,Email,Delivery,2025-11-19 09:40:00,134.2,13.1,5
TKT000401,CU02730,AG019,Email,Refund,2025-07-11 00:34:00,171.7,61.8,3
TKT000402,CU00821,AG007,Email,Technical Issue,2025-07-28 14:54:00,103.8,35.7,3
TKT000403,CU00283,AG022,Chat,Account Access,2025-07-23 16:42:00,1.6,53.5,3
TKT000404,CU03225,AG039,Chat,Refund,2025-02-17 09:14:00,3.3,9.0,5
TKT000405,CU03390,AG030,Email,Account Access,2025-09-14 21:18:00,61.8,6.9,1
TKT000406,CU00424,AG018,Chat,Product Inquiry,2025-11-28 08:41:00,2.2,6.8,4
TKT000407,CU00373,AG013,Chat,Technical Issue,2025-02-10 17:23:00,1.3,7.5,5
TKT000408,CU02458,AG015,Chat,Product Inquiry,2025-01-27 19:55:00,1.0,67.1,4
TKT000409,CU00115,AG002,Chat,Product Inquiry,2025-06-28 08:42:00,1.9,1.7,1
TKT000410,CU02985,AG002,Social Media,Technical Issue,2025-10-07 13:22:00,47.7,3.0,5
TKT000411,CU03663,AG032,Email,Billing,2025-01-31 03:48:00,67.2,0.7,5
TKT000412,CU03005,AG034,Email,Delivery,2025-09-29 15:41:00,583.7,8.4,5
TKT000413,CU00923,AG039,Email,Product Inquiry,2025-03-27 14:21:00,188.6,1.6,5
TKT000414,CU00761,AG026,Phone,Technical Issue,2025-03-08 17:25:00,5.5,43.3,2
TKT000415,CU02723,AG038,Phone,Billing,2025-03-11 13:37:00,3.9,2.9,5
TKT000416,CU00247,AG017,Phone,Refund,2025-07-12 11:14:00,2.1,5.8,5
TKT000417,CU02151,AG011,Phone,Billing,2025-08-07 08:39:00,3.7,43.3,4
TKT000418,CU01796,AG010,Phone,Account Access,2025-06-18 05:19:00,3.3,30.0,1
TKT000419,CU02979,AG010,Email,Account Access,2025-08-10 13:55:00,48.6,10.6,4
TKT000420,CU00810,AG030,Email,Product Inquiry,2025-10-21 20:34:00,375.0,33.8,1
TKT000421,CU03050,AG001,Social Media,Technical Issue,2025-10-31 17:47:00,85.7,7.9,4
TKT000422,CU02798,AG038,Email,Product Inquiry,2025-09-24 11:33:00,88.6,61.4,5
TKT000423,CU00955,AG031,Web Form,Account Access,2025-07-10 22:11:00,58.9,1.5,4
TKT000424,CU01427,AG016,Chat,Product Inquiry,2025-03-21 08:40:00,1.0,3.8,5
TKT000425,CU00265,AG029,Chat,Technical Issue,2025-09-29 23:37:00,1.2,2.8,5
TKT000426,CU01798,AG006,Phone,Delivery,2025-09-03 09:08:00,9.3,6.1,4
TKT000427,CU01043,AG018,Phone,Refund,2025-11-21 08:57:00,3.0,10.7,5
TKT000428,CU00454,AG005,Phone,Refund,2025-09-18 18:05:00,4.0,3.7,5
TKT000429,CU02240,AG005,Web Form,Technical Issue,2025-02-18 12:22:00,58.2,22.4,3
TKT000430,CU02271,AG001,Phone,Billing,2025-07-27 19:07:00,3.6,47.1,4
TKT000431,CU00344,AG032,Phone,Technical Issue,2025-09-21 16:45:00,3.0,4.8,4
TKT000432,CU00743,AG030,Chat,Technical Issue,2025-12-30 08:25:00,7.0,2.6,1
TKT000433,CU00331,AG036,Web Form,Delivery,2025-04-30 07:32:00,36.6,3.2,5
TKT000434,CU02716,AG040,Chat,Product Inquiry,2025-11-10 12:53:00,1.2,6.7,4
TKT000435,CU01353,AG039,Phone,Delivery,2025-04-12 14:26:00,5.2,5.6,5
TKT000436,CU00285,AG040,Phone,Technical Issue,2025-05-18 12:29:00,2.0,8.5,3
TKT000437,CU00767,AG001,Email,Technical Issue,2025-12-18 09:34:00,245.5,8.6,5
TKT000438,CU03904,AG032,Email,Billing,2025-03-01 09:55:00,125.3,26.2,1
TKT000439,CU01024,AG029,Social Media,Technical Issue,2025-03-17 13:25:00,96.6,7.2,5
TKT000440,CU02739,AG007,Email,Refund,2025-11-01 01:14:00,164.7,4.5,5
TKT000441,CU01874,AG006,Email,Technical Issue,2025-11-30 12:19:00,116.2,4.8,5
TKT000442,CU00727,AG040,Email,Technical Issue,2025-02-08 03:32:00,231.7,47.0,3
TKT000443,CU01230,AG036,Web Form,Delivery,2025-10-28 19:45:00,78.6,5.5,3
TKT000444,CU00057,AG014,Phone,Technical Issue,2025-08-04 15:51:00,5.3,6.5,5
TKT000445,CU02988,AG003,Chat,Billing,2025-11-17 08:31:00,1.0,1.7,4
TKT000446,CU01338,AG014,Phone,Account Access,2025-07-01 17:28:00,3.3,4.3,5
TKT000447,CU01997,AG001,Chat,Technical Issue,2025-08-02 13:56:00,1.9,0.9,5
TKT000448,CU00612,AG028,Web Form,Account Access,2025-03-26 13:40:00,143.0,69.1,2
TKT000449,CU03297,AG016,Email,Account Access,2025-08-02 09:00:00,64.3,34.8,3
TKT000450,CU00874,AG002,Social Media,Delivery,2025-06-02 11:39:00,63.4,9.2,4
TKT000451,CU02266,AG040,Social Media,Technical Issue,2025-05-27 19:46:00,163.2,9.7,5
TKT000452,CU03492,AG034,Chat,Billing,2025-04-13 08:46:00,1.2,13.0,4
TKT000453,CU02853,AG037,Chat,Delivery,2025-05-27 15:09:00,1.4,6.4,4
TKT000454,CU02413,AG040,Phone,Technical Issue,2025-03-03 09:30:00,10.0,48.5,5
TKT000455,CU03553,AG001,Social Media,Technical Issue,2025-11-07 12:45:00,110.1,6.7,5
TKT000456,CU00706,AG032,Chat,Billing,2025-05-28 13:56:00,3.2,10.5,2
TKT000457,CU03855,AG032,Web Form,Technical Issue,2025-05-22 07:52:00,81.8,3.5,3
TKT000458,CU02227,AG032,Email,Technical Issue,2025-12-24 06:47:00,149.3,63.8,3
TKT000459,CU01640,AG011,Chat,Product Inquiry,2025-06-27 13:47:00,2.1,3.3,4
TKT000460,CU01024,AG016,Email,Billing,2025-09-14 11:21:00,228.0,58.9,3
TKT000461,CU02980,AG038,Web Form,Account Access,2025-12-30 20:35:00,34.5,57.7,4
TKT000462,CU03905,AG003,Email,Technical Issue,2025-11-11 16:02:00,363.3,6.9,4
TKT000463,CU02761,AG026,Phone,Technical Issue,2025-05-10 19:07:00,3.0,3.5,5
TKT000464,CU00132,AG032,Email,Delivery,2025-07-14 20:15:00,245.8,9.4,5
TKT000465,CU01877,AG032,Chat,Delivery,2025-10-28 02:57:00,2.6,2.5,3
TKT000466,CU02930,AG024,Web Form,Product Inquiry,2025-07-02 19:14:00,40.7,16.8,5
TKT000467,CU01590,AG031,Chat,Technical Issue,2025-04-12 21:19:00,2.6,14.7,3
TKT000468,CU03092,AG037,Social Media,Technical Issue,2025-07-12 12:48:00,96.5,38.7,4
TKT000469,CU02830,AG031,Web Form,Delivery,2025-01-10 15:01:00,20.8,3.5,4
TKT000470,CU00269,AG005,Chat,Billing,2025-11-18 10:10:00,1.9,2.6,5
TKT000471,CU02232,AG010,Chat,Technical Issue,2025-08-05 07:00:00,1.0,40.6,3
TKT000472,CU00688,AG013,Phone,Billing,2025-04-04 09:35:00,5.3,14.2,5
TKT000473,CU01947,AG014,Web Form,Technical Issue,2025-06-24 06:44:00,50.9,7.7,1
TKT000474,CU01538,AG015,Phone,Refund,2025-01-12 13:55:00,6.5,51.2,2
TKT000475,CU03228,AG009,Phone,Refund,2025-10-15 15:49:00,2.7,70.4,3
TKT000476,CU03473,AG028,Chat,Delivery,2025-07-13 00:43:00,1.0,12.0,4
TKT000477,CU01846,AG005,Phone,Billing,2025-01-02 09:48:00,2.2,8.1,4
TKT000478,CU02148,AG032,Phone,Delivery,2025-06-17 06:55:00,12.2,62.1,4
TKT000479,CU02505,AG027,Chat,Delivery,2025-01-26 21:33:00,10.6,13.1,5
TKT000480,CU02622,AG039,Phone,Refund,2025-05-22 17:07:00,12.0,2.1,4
TKT000481,CU02542,AG001,Email,Account Access,2025-11-10 03:37:00,60.0,52.9,3
TKT000482,CU03133,AG012,Email,Product Inquiry,2025-08-27 17:18:00,65.6,13.0,5
TKT000483,CU03928,AG036,Social Media,Billing,2025-06-25 18:54:00,50.1,1.3,5
TKT000484,CU03313,AG020,Email,Account Access,2025-07-06 17:31:00,214.3,12.8,5
TKT000485,CU00539,AG023,Social Media,Refund,2025-07-04 19:39:00,286.9,5.4,5
TKT000486,CU01906,AG002,Email,Product Inquiry,2025-02-05 12:30:00,230.3,67.2,2
TKT000487,CU01846,AG031,Email,Product Inquiry,2025-03-24 09:21:00,155.4,4.2,3
TKT000488,CU02036,AG011,Chat,Billing,2025-10-26 18:54:00,1.2,19.3,2
TKT000489,CU02114,AG039,Social Media,Delivery,2025-12-04 18:57:00,76.9,8.3,4
TKT000490,CU02873,AG015,Chat,Billing,2025-02-23 10:53:00,2.1,3.5,3
TKT000491,CU01685,AG008,Chat,Delivery,2025-11-30 14:57:00,3.2,16.6,4
TKT000492,CU01054,AG024,Chat,Technical Issue,2025-01-12 14:01:00,1.5,14.2,4
TKT000493,CU01831,AG020,Email,Billing,2025-07-08 13:37:00,174.6,7.7,5
TKT000494,CU03418,AG019,Web Form,Product Inquiry,2025-10-30 14:25:00,64.0,8.0,4
TKT000495,CU01246,AG038,Web Form,Refund,2025-03-21 06:33:00,58.1,1.3,5
TKT000496,CU00084,AG015,Chat,Account Access,2025-12-13 12:27:00,1.6,4.3,5
TKT000497,CU03906,AG016,Phone,Technical Issue,2025-12-25 10:56:00,4.3,3.0,5
TKT000498,CU00784,AG025,Chat,Billing,2025-06-04 00:49:00,1.9,6.4,5
TKT000499,CU02412,AG007,Email,Technical Issue,2025-11-22 13:46:00,91.1,67.4,3
TKT000500,CU03201,AG034,Email,Technical Issue,2025-01-29 11:39:00,227.7,5.7,5
TKT000501,CU01098,AG010,Social Media,Product Inquiry,2025-07-10 12:07:00,214.0,7.3,4
TKT000502,CU01362,AG010,Email,Account Access,2025-04-17 07:10:00,153.7,63.0,2
TKT000503,CU01122,AG001,Web Form,Technical Issue,2025-08-17 13:57:00,53.6,52.0,5
TKT000504,CU00600,AG014,Chat,Delivery,2025-04-02 09:02:00,3.0,10.2,4
TKT000505,CU00612,AG024,Chat,Technical Issue,2025-06-10 00:43:00,2.2,4.6,4
TKT000506,CU00748,AG029,Web Form,Billing,2025-09-25 17:35:00,103.0,9.2,4
TKT000507,CU01833,AG036,Chat,Technical Issue,2025-03-17 15:44:00,2.1,15.9,5
TKT000508,CU02124,AG032,Email,Technical Issue,2025-11-04 13:59:00,193.3,11.1,4
TKT000509,CU00064,AG013,Phone,Account Access,2025-09-06 15:24:00,10.4,1.9,5
TKT000510,CU03385,AG034,Chat,Delivery,2025-04-02 10:35:00,4.0,62.1,1
TKT000511,CU02704,AG008,Phone,Account Access,2025-09-02 07:00:00,3.7,6.6,4
TKT000512,CU00283,AG009,Phone,Refund,2025-04-27 11:21:00,7.3,3.5,5
TKT000513,CU03371,AG015,Chat,Product Inquiry,2025-07-19 17:16:00,1.1,6.5,5
TKT000514,CU00122,AG022,Chat,Refund,2025-08-11 14:49:00,1.8,3.6,5
TKT000515,CU02243,AG009,Email,Product Inquiry,2025-10-25 17:19:00,221.4,50.9,4
TKT000516,CU01861,AG037,Social Media,Product Inquiry,2025-05-08 19:18:00,208.8,12.4,5
TKT000517,CU02009,AG011,Email,Refund,2025-06-14 09:27:00,92.6,6.9,5
TKT000518,CU03825,AG016,Web Form,Billing,2025-06-11 19:34:00,54.2,4.1,3
TKT000519,CU03709,AG025,Phone,Technical Issue,2025-11-11 15:42:00,4.0,46.3,4
TKT000520,CU01117,AG018,Phone,Delivery,2025-11-04 14:58:00,3.8,23.9,5
TKT000521,CU02319,AG017,Web Form,Refund,2025-03-21 13:27:00,28.2,0.5,4
TKT000522,CU03837,AG040,Social Media,Refund,2025-02-08 12:36:00,118.5,5.3,4
TKT000523,CU02916,AG018,Phone,Delivery,2025-12-18 06:22:00,2.0,4.6,5
TKT000524,CU03551,AG005,Email,Refund,2025-03-02 05:35:00,261.8,4.7,3
TKT000525,CU01740,AG030,Phone,Delivery,2025-03-16 10:14:00,8.4,14.7,5
TKT000526,CU01133,AG029,Email,Delivery,2025-02-13 09:14:00,98.5,3.7,5
TKT000527,CU02043,AG009,Web Form,Technical Issue,2025-02-28 07:46:00,27.4,1.0,5
TKT000528,CU03268,AG035,Email,Billing,2025-01-24 02:40:00,137.5,5.8,5
TKT000529,CU03716,AG016,Chat,Technical Issue,2025-08-09 22:47:00,1.5,9.2,5
TKT000530,CU02744,AG007,Chat,Technical Issue,2025-07-06 09:43:00,1.8,4.4,4
TKT000531,CU02827,AG007,Email,Account Access,2025-02-03 22:21:00,147.2,15.8,5
TKT000532,CU02048,AG029,Chat,Technical Issue,2025-08-27 14:46:00,1.2,37.8,2
TKT000533,CU01279,AG009,Chat,Product Inquiry,2025-03-03 08:13:00,5.0,42.4,2
TKT000534,CU01692,AG019,Social Media,Billing,2025-07-16 08:00:00,63.3,17.2,3
TKT000535,CU01991,AG030,Email,Delivery,2025-09-24 09:13:00,234.2,4.2,3
TKT000536,CU03263,AG035,Chat,Technical Issue,2025-06-05 11:41:00,1.2,9.1,4
TKT000537,CU02222,AG020,Web Form,Refund,2025-04-23 09:39:00,56.9,27.4,2
TKT000538,CU03173,AG037,Email,Account Access,2025-11-24 18:44:00,179.3,10.7,5
TKT000539,CU00110,AG013,Email,Account Access,2025-10-20 11:46:00,150.8,6.3,2
TKT000540,CU03028,AG035,Phone,Delivery,2025-11-05 13:13:00,3.5,4.8,4
TKT000541,CU02029,AG011,Chat,Account Access,2025-02-26 13:47:00,1.5,12.1,4
TKT000542,CU03994,AG003,Chat,Account Access,2025-04-10 15:28:00,1.6,5.9,4
TKT000543,CU01887,AG030,Chat,Delivery,2025-05-21 23:52:00,1.4,11.0,1
TKT000544,CU01915,AG031,Phone,Refund,2025-03-03 12:01:00,4.8,54.3,3
TKT000545,CU00510,AG038,Web Form,Billing,2025-05-21 10:45:00,150.6,11.6,3
TKT000546,CU03228,AG037,Chat,Product Inquiry,2025-04-01 21:41:00,2.4,2.2,2
TKT000547,CU02807,AG005,Chat,Billing,2025-06-25 23:29:00,2.8,4.9,4
TKT000548,CU03450,AG025,Phone,Billing,2025-09-16 17:52:00,7.3,5.7,4
TKT000549,CU00371,AG029,Chat,Billing,2025-05-30 17:16:00,1.6,10.1,4
TKT000550,CU00847,AG025,Chat,Billing,2025-09-21 11:22:00,1.0,6.6,4
TKT000551,CU03508,AG001,Email,Billing,2025-05-22 13:22:00,140.2,14.4,4
TKT000552,CU00169,AG002,Email,Refund,2025-06-30 11:28:00,224.1,28.1,2
TKT000553,CU02033,AG027,Chat,Account Access,2025-04-30 15:17:00,6.0,11.8,4
TKT000554,CU01619,AG035,Chat,Product Inquiry,2025-01-31 18:40:00,1.2,8.0,4
TKT000555,CU03758,AG008,Email,Technical Issue,2025-01-06 11:05:00,256.3,40.3,2
TKT000556,CU03427,AG002,Phone,Delivery,2025-03-08 13:01:00,4.6,30.9,2
TKT000557,CU03587,AG017,Email,Technical Issue,2025-08-14 17:08:00,113.0,21.2,2
TKT000558,CU01157,AG013,Phone,Billing,2025-02-06 09:26:00,2.3,7.5,4
TKT000559,CU02351,AG040,Web Form,Billing,2025-06-22 14:00:00,39.9,5.9,5
TKT000560,CU02801,AG038,Phone,Delivery,2025-02-18 17:38:00,5.5,9.1,4
TKT000561,CU03870,AG023,Chat,Delivery,2025-05-17 05:11:00,3.9,6.9,5
TKT000562,CU00030,AG038,Chat,Technical Issue,2025-04-09 09:45:00,1.0,4.7,5
TKT000563,CU03909,AG010,Chat,Technical Issue,2025-03-19 02:50:00,2.7,5.4,4
TKT000564,CU01422,AG040,Phone,Billing,2025-07-08 00:51:00,2.9,0.3,5
TKT000565,CU00514,AG018,Email,Technical Issue,2025-11-22 13:32:00,107.5,19.4,3
TKT000566,CU02463,AG020,Chat,Delivery,2025-08-27 16:31:00,2.5,61.6,1
TKT000567,CU03127,AG003,Social Media,Account Access,2025-03-28 11:23:00,258.9,1.3,5
TKT000568,CU00520,AG008,Email,Refund,2025-11-06 15:07:00,94.3,48.7,2
TKT000569,CU00164,AG008,Phone,Product Inquiry,2025-12-03 08:14:00,3.8,4.7,4
TKT000570,CU03587,AG020,Email,Billing,2025-10-04 18:14:00,58.9,61.6,1
TKT000571,CU03735,AG008,Chat,Product Inquiry,2025-03-21 11:35:00,2.5,9.3,5
TKT000572,CU00626,AG005,Chat,Delivery,2025-03-03 16:01:00,1.4,5.6,5
TKT000573,CU03617,AG025,Email,Technical Issue,2025-12-21 08:58:00,333.1,3.9,4
TKT000574,CU03640,AG035,Email,Refund,2025-11-21 17:07:00,170.7,1.9,2
TKT000575,CU03990,AG003,Email,Account Access,2025-06-03 13:20:00,119.8,9.1,5
TKT000576,CU00866,AG023,Web Form,Delivery,2025-06-16 21:19:00,47.2,3.2,5
TKT000577,CU02316,AG039,Email,Delivery,2025-07-14 11:50:00,171.1,46.0,4
TKT000578,CU03978,AG017,Web Form,Refund,2025-11-21 19:37:00,80.4,14.3,4
TKT000579,CU03611,AG008,Phone,Delivery,2025-04-20 11:56:00,2.1,7.2,5
TKT000580,CU02419,AG004,Email,Refund,2025-09-05 07:54:00,129.0,50.7,5
TKT000581,CU00789,AG038,Chat,Billing,2025-12-09 15:47:00,2.0,0.5,4
TKT000582,CU00338,AG017,Email,Product Inquiry,2025-04-20 08:08:00,157.3,69.0,3
TKT000583,CU01037,AG005,Email,Delivery,2025-04-14 17:35:00,287.1,13.4,5
TKT000584,CU00262,AG035,Chat,Delivery,2025-02-19 10:35:00,1.0,31.4,1
TKT000585,CU00782,AG033,Web Form,Refund,2025-09-24 16:18:00,93.0,57.4,4
TKT000586,CU00300,AG029,Email,Technical Issue,2025-04-10 13:02:00,171.1,7.8,4
TKT000587,CU03049,AG004,Chat,Billing,2025-01-08 13:02:00,1.5,10.2,3
TKT000588,CU02360,AG004,Chat,Refund,2025-07-03 16:23:00,3.1,12.4,3
TKT000589,CU02072,AG009,Web Form,Product Inquiry,2025-07-23 15:44:00,44.6,23.9,5
TKT000590,CU03239,AG007,Email,Delivery,2025-01-07 15:10:00,51.7,47.4,4
TKT000591,CU01644,AG022,Email,Account Access,2025-09-28 15:57:00,21.2,3.2,5
TKT000592,CU01612,AG016,Email,Technical Issue,2025-07-23 14:17:00,71.7,50.9,4
TKT000593,CU00828,AG031,Phone,Account Access,2025-06-21 17:41:00,3.0,15.7,5
TKT000594,CU01780,AG005,Phone,Billing,2025-05-06 10:02:00,4.4,37.1,4
TKT000595,CU00699,AG030,Web Form,Refund,2025-08-23 08:02:00,76.4,14.7,3
TKT000596,CU02358,AG038,Chat,Account Access,2025-10-02 16:30:00,1.7,2.8,5
TKT000597,CU03990,AG006,Email,Billing,2025-10-08 13:08:00,64.5,17.4,4
TKT000598,CU02133,AG027,Chat,Account Access,2025-05-22 19:38:00,1.6,8.7,4
TKT000599,CU01197,AG021,Chat,Product Inquiry,2025-07-02 21:23:00,1.8,3.4,4
TKT000600,CU02753,AG004,Email,Delivery,2025-04-03 18:13:00,364.1,7.9,5
TKT000601,CU03281,AG012,Social Media,Technical Issue,2025-03-21 14:59:00,122.3,9.1,4
TKT000602,CU01888,AG032,Phone,Account Access,2025-11-11 16:23:00,1.6,8.1,5
TKT000603,CU01002,AG035,Chat,Billing,2025-05-25 10:05:00,1.7,13.0,4
TKT000604,CU02856,AG015,Web Form,Billing,2025-04-10 01:08:00,80.7,7.3,3
TKT000605,CU00750,AG005,Chat,Delivery,2025-09-24 17:19:00,2.0,28.6,1
TKT000606,CU03990,AG010,Chat,Technical Issue,2025-09-12 17:29:00,1.0,3.0,3
TKT000607,CU01272,AG034,Chat,Account Access,2025-04-09 00:33:00,3.1,9.8,5
TKT000608,CU01402,AG023,Phone,Billing,2025-03-05 18:26:00,4.9,9.5,4
TKT000609,CU02908,AG018,Chat,Billing,2025-08-19 19:06:00,1.8,3.9,5
TKT000610,CU00049,AG001,Social Media,Account Access,2025-12-02 10:15:00,57.8,7.5,4
TKT000611,CU00812,AG032,Email,Delivery,2025-02-24 02:07:00,244.4,4.6,4
TKT000612,CU00503,AG019,Chat,Technical Issue,2025-03-29 19:30:00,1.0,49.0,2
TKT000613,CU01565,AG022,Chat,Billing,2025-12-06 06:04:00,1.0,18.2,4
TKT000614,CU02215,AG034,Web Form,Delivery,2025-09-25 09:46:00,36.7,3.9,5
TKT000615,CU00719,AG023,Chat,Product Inquiry,2025-08-09 14:30:00,2.4,18.2,3
TKT000616,CU01378,AG038,Email,Technical Issue,2025-05-03 17:17:00,66.1,9.4,5
TKT000617,CU03089,AG023,Chat,Technical Issue,2025-06-20 17:17:00,1.5,10.1,4
TKT000618,CU03760,AG014,Chat,Product Inquiry,2025-03-11 15:02:00,1.7,3.3,5
TKT000619,CU00058,AG037,Chat,Technical Issue,2025-10-24 18:02:00,2.4,15.5,4
TKT000620,CU02510,AG026,Chat,Product Inquiry,2025-07-03 15:39:00,1.7,3.0,4
TKT000621,CU00103,AG031,Chat,Refund,2025-10-18 15:30:00,1.7,7.7,4
TKT000622,CU02082,AG010,Web Form,Technical Issue,2025-11-17 08:07:00,37.3,23.9,5
TKT000623,CU03518,AG027,Email,Technical Issue,2025-02-05 12:43:00,254.8,6.3,5
TKT000624,CU03193,AG023,Social Media,Product Inquiry,2025-11-11 12:58:00,129.4,27.8,5
TKT000625,CU00931,AG005,Chat,Technical Issue,2025-04-23 02:40:00,2.8,4.8,4
TKT000626,CU01035,AG011,Web Form,Account Access,2025-04-30 11:53:00,35.9,4.5,3
TKT000627,CU03135,AG037,Web Form,Technical Issue,2025-06-17 09:41:00,41.5,3.8,3
TKT000628,CU03279,AG023,Chat,Account Access,2025-04-19 07:55:00,2.6,12.2,5
TKT000629,CU01124,AG031,Phone,Refund,2025-05-05 14:33:00,2.9,9.6,5
TKT000630,CU00013,AG007,Phone,Delivery,2025-09-11 09:48:00,2.4,6.2,4
TKT000631,CU01778,AG009,Web Form,Technical Issue,2025-04-26 08:46:00,64.5,7.5,4
TKT000632,CU02479,AG038,Phone,Account Access,2025-08-10 17:19:00,1.9,1.6,4
TKT000633,CU01776,AG017,Phone,Delivery,2025-05-09 17:03:00,3.6,1.2,4
TKT000634,CU03740,AG036,Email,Technical Issue,2025-04-29 15:25:00,228.7,8.2,4
TKT000635,CU03255,AG033,Phone,Delivery,2025-02-21 08:11:00,4.3,3.6,4
TKT000636,CU03152,AG014,Email,Delivery,2025-11-12 15:52:00,78.7,12.9,5
TKT000637,CU00082,AG038,Phone,Technical Issue,2025-02-13 16:42:00,5.2,2.9,4
TKT000638,CU03415,AG032,Chat,Product Inquiry,2025-07-22 09:53:00,1.4,0.7,4
TKT000639,CU03021,AG006,Chat,Billing,2025-04-06 08:20:00,3.2,65.3,4
TKT000640,CU01588,AG004,Chat,Technical Issue,2025-12-27 12:32:00,2.6,8.0,4
TKT000641,CU02359,AG006,Email,Technical Issue,2025-01-26 12:14:00,115.7,1.9,5
TKT000642,CU03297,AG030,Email,Billing,2025-06-05 08:28:00,92.7,60.2,4
TKT000643,CU03625,AG006,Web Form,Billing,2025-07-06 08:01:00,34.5,54.3,3
TKT000644,CU02204,AG012,Phone,Billing,2025-12-27 13:21:00,16.6,4.1,3
TKT000645,CU00166,AG018,Web Form,Refund,2025-02-25 13:52:00,15.6,6.3,3
TKT000646,CU02475,AG006,Email,Delivery,2025-11-01 13:36:00,53.2,29.5,2
TKT000647,CU02721,AG014,Chat,Technical Issue,2025-01-25 22:50:00,3.7,3.6,3
TKT000648,CU00236,AG028,Phone,Delivery,2025-04-16 04:46:00,6.5,4.7,4
TKT000649,CU03270,AG039,Phone,Delivery,2025-11-02 17:03:00,4.9,3.0,5
TKT000650,CU00807,AG019,Chat,Account Access,2025-05-18 11:28:00,1.0,4.1,5
TKT000651,CU03562,AG030,Email,Product Inquiry,2025-08-03 16:18:00,188.3,5.9,5
TKT000652,CU02204,AG022,Phone,Billing,2025-05-23 16:07:00,2.3,7.3,3
TKT000653,CU01289,AG019,Email,Technical Issue,2025-11-24 15:12:00,132.6,45.2,2
TKT000654,CU00236,AG021,Phone,Technical Issue,2025-02-03 15:00:00,5.0,71.2,3
TKT000655,CU00072,AG039,Email,Billing,2025-12-25 15:12:00,185.0,3.1,4
TKT000656,CU02966,AG003,Phone,Account Access,2025-03-27 16:40:00,2.8,6.1,3
TKT000657,CU01509,AG021,Web Form,Technical Issue,2025-08-05 08:15:00,111.5,17.1,4
TKT000658,CU03361,AG003,Chat,Account Access,2025-04-06 11:43:00,3.1,2.2,4
TKT000659,CU00923,AG036,Email,Product Inquiry,2025-10-18 18:17:00,82.6,7.6,5
TKT000660,CU03682,AG025,Chat,Refund,2025-09-15 14:03:00,1.5,15.4,3
TKT000661,CU03767,AG002,Phone,Delivery,2025-02-28 08:42:00,2.6,33.7,2
TKT000662,CU00408,AG025,Phone,Delivery,2025-03-31 21:09:00,3.9,52.4,4
TKT000663,CU02588,AG018,Social Media,Delivery,2025-09-12 22:58:00,127.2,7.4,5
TKT000664,CU03759,AG002,Email,Account Access,2025-07-03 13:25:00,50.6,5.4,4
TKT000665,CU01293,AG040,Chat,Billing,2025-07-20 13:02:00,1.0,41.3,1
TKT000666,CU00271,AG016,Email,Billing,2025-05-14 10:14:00,88.6,6.9,5
TKT000667,CU03502,AG001,Social Media,Technical Issue,2025-09-04 13:19:00,189.4,4.0,3
TKT000668,CU01897,AG025,Phone,Account Access,2025-12-06 21:29:00,4.6,3.2,4
TKT000669,CU00109,AG016,Chat,Account Access,2025-02-08 09:40:00,4.8,12.8,4
TKT000670,CU03362,AG027,Social Media,Technical Issue,2025-09-11 10:19:00,82.6,2.6,5
TKT000671,CU02716,AG007,Chat,Technical Issue,2025-12-08 19:18:00,1.3,38.9,2
TKT000672,CU00282,AG034,Email,Refund,2025-03-22 11:55:00,55.7,60.4,2
TKT000673,CU01035,AG017,Web Form,Technical Issue,2025-06-02 21:11:00,34.9,53.3,5
TKT000674,CU00073,AG017,Chat,Billing,2025-07-26 11:43:00,1.4,0.7,5
TKT000675,CU03820,AG033,Email,Technical Issue,2025-10-11 00:10:00,36.9,23.9,5
TKT000676,CU00100,AG022,Email,Technical Issue,2025-09-08 21:15:00,88.2,29.6,1
TKT000677,CU03184,AG001,Phone,Delivery,2025-12-28 09:35:00,2.5,9.2,3
TKT000678,CU02046,AG024,Chat,Technical Issue,2025-07-23 15:05:00,2.0,58.4,4
TKT000679,CU02331,AG026,Chat,Billing,2025-11-15 05:09:00,2.0,4.1,5
TKT000680,CU03247,AG013,Phone,Product Inquiry,2025-07-09 16:51:00,4.8,8.5,3
TKT000681,CU03580,AG008,Phone,Account Access,2025-04-24 09:05:00,1.6,6.9,4
TKT000682,CU00510,AG003,Email,Account Access,2025-09-04 17:08:00,75.0,7.7,4
TKT000683,CU00072,AG034,Chat,Delivery,2025-05-27 21:44:00,3.3,5.9,4
TKT000684,CU00499,AG001,Email,Technical Issue,2025-08-29 05:28:00,121.4,4.0,5
TKT000685,CU02731,AG024,Chat,Billing,2025-08-25 11:20:00,3.2,14.6,4
TKT000686,CU02275,AG034,Chat,Billing,2025-01-27 16:49:00,1.9,11.5,5
TKT000687,CU00336,AG015,Chat,Technical Issue,2025-07-16 23:53:00,2.2,4.0,5
TKT000688,CU00938,AG009,Social Media,Technical Issue,2025-01-05 11:07:00,120.4,61.5,5
TKT000689,CU02149,AG029,Chat,Account Access,2025-05-30 23:29:00,1.5,6.8,4
TKT000690,CU02921,AG026,Chat,Technical Issue,2025-08-28 19:55:00,1.4,5.1,4
TKT000691,CU01374,AG001,Email,Technical Issue,2025-08-27 16:07:00,96.3,6.2,5
TKT000692,CU03799,AG024,Chat,Account Access,2025-02-07 11:24:00,1.9,32.8,4
TKT000693,CU03969,AG001,Chat,Billing,2025-11-28 13:11:00,2.7,6.4,5
TKT000694,CU03065,AG016,Social Media,Delivery,2025-09-27 16:08:00,72.0,2.1,4
TKT000695,CU01818,AG013,Phone,Technical Issue,2025-04-23 15:52:00,7.6,2.7,5
TKT000696,CU03509,AG034,Chat,Delivery,2025-06-14 10:38:00,5.2,10.1,3
TKT000697,CU02912,AG040,Chat,Refund,2025-02-16 14:07:00,1.2,1.5,5
TKT000698,CU02079,AG028,Email,Account Access,2025-05-13 18:20:00,269.2,6.6,4
TKT000699,CU01776,AG030,Social Media,Refund,2025-09-04 13:18:00,89.1,8.5,1
TKT000700,CU03330,AG001,Chat,Billing,2025-11-19 14:55:00,2.5,41.4,3
TKT000701,CU02229,AG003,Chat,Technical Issue,2025-08-04 10:18:00,1.9,2.1,5
TKT000702,CU00732,AG032,Chat,Billing,2025-04-14 08:06:00,3.9,0.8,5
TKT000703,CU04000,AG018,Web Form,Billing,2025-11-27 06:59:00,66.6,1.6,4
TKT000704,CU00274,AG021,Social Media,Refund,2025-07-18 11:03:00,74.3,7.1,4
TKT000705,CU02781,AG028,Email,Billing,2025-09-29 15:58:00,111.3,0.9,5
TKT000706,CU02624,AG014,Phone,Billing,2025-09-16 16:19:00,2.1,46.8,3
TKT000707,CU02345,AG028,Web Form,Refund,2025-05-25 06:41:00,40.2,10.2,2
TKT000708,CU00208,AG030,Chat,Technical Issue,2025-01-08 10:32:00,3.9,10.7,5
TKT000709,CU01971,AG010,Phone,Delivery,2025-08-20 17:14:00,7.3,4.9,5
TKT000710,CU03570,AG028,Email,Billing,2025-11-22 07:32:00,98.5,9.0,5
TKT000711,CU00959,AG007,Email,Product Inquiry,2025-11-11 23:10:00,76.5,3.0,5
TKT000712,CU02767,AG013,Phone,Technical Issue,2025-11-10 15:30:00,6.8,9.9,4
TKT000713,CU03436,AG032,Social Media,Delivery,2025-05-07 20:03:00,114.0,9.2,3
TKT000714,CU03809,AG040,Chat,Account Access,2025-11-27 16:14:00,1.0,27.1,4
TKT000715,CU02065,AG003,Web Form,Product Inquiry,2025-01-06 21:03:00,268.1,3.2,5
TKT000716,CU01256,AG026,Chat,Product Inquiry,2025-04-26 15:37:00,2.0,5.0,4
TKT000717,CU02799,AG023,Web Form,Refund,2025-08-17 09:56:00,140.2,6.4,4
TKT000718,CU01945,AG025,Chat,Technical Issue,2025-04-24 17:02:00,2.2,11.7,4
TKT000719,CU02509,AG032,Email,Billing,2025-01-10 09:36:00,79.0,4.2,4
TKT000720,CU02967,AG003,Phone,Refund,2025-03-05 14:30:00,4.5,9.0,4
TKT000721,CU02842,AG030,Email,Delivery,2025-12-09 11:11:00,62.5,4.3,5
TKT000722,CU00972,AG012,Email,Refund,2025-06-06 17:41:00,130.6,8.8,2
TKT000723,CU03024,AG007,Chat,Refund,2025-03-03 16:46:00,1.1,27.1,3
TKT000724,CU02168,AG018,Email,Billing,2025-08-15 18:55:00,125.1,14.5,5
TKT000725,CU03724,AG002,Web Form,Technical Issue,2025-05-17 09:04:00,63.0,12.2,3
TKT000726,CU02638,AG026,Email,Billing,2025-05-24 23:10:00,164.7,5.7,5
TKT000727,CU03568,AG023,Chat,Delivery,2025-12-12 17:31:00,1.0,1.7,3
TKT000728,CU03916,AG021,Phone,Account Access,2025-07-18 11:46:00,2.8,38.8,1
TKT000729,CU03979,AG002,Phone,Technical Issue,2025-01-30 08:11:00,1.3,7.1,4
TKT000730,CU02979,AG031,Chat,Delivery,2025-12-10 11:21:00,2.8,12.3,4
TKT000731,CU02390,AG002,Chat,Technical Issue,2025-01-02 07:26:00,2.2,2.7,4
TKT000732,CU00473,AG011,Chat,Billing,2025-09-08 14:39:00,1.0,9.2,5
TKT000733,CU01545,AG016,Email,Billing,2025-02-07 07:13:00,303.3,7.0,2
TKT000734,CU01902,AG029,Phone,Account Access,2025-04-10 12:17:00,5.2,4.3,5
TKT000735,CU03123,AG017,Email,Technical Issue,2025-12-26 15:08:00,132.1,5.8,5
TKT000736,CU02356,AG033,Email,Delivery,2025-03-03 12:12:00,107.9,3.0,5
TKT000737,CU01757,AG038,Phone,Refund,2025-12-21 19:55:00,2.8,8.4,5
TKT000738,CU00587,AG031,Social Media,Delivery,2025-04-17 09:44:00,58.3,67.7,1
TKT000739,CU02864,AG002,Chat,Product Inquiry,2025-05-21 13:55:00,3.8,3.9,3
TKT000740,CU01728,AG031,Chat,Technical Issue,2025-12-09 19:56:00,2.3,16.7,5
TKT000741,CU00145,AG009,Social Media,Technical Issue,2025-09-29 11:29:00,50.5,8.8,3
TKT000742,CU01137,AG036,Web Form,Technical Issue,2025-04-18 12:10:00,112.2,8.4,5
TKT000743,CU03518,AG040,Email,Delivery,2025-09-26 20:47:00,133.2,5.7,3
TKT000744,CU00476,AG004,Email,Technical Issue,2025-06-24 13:59:00,84.5,6.5,3
TKT000745,CU01625,AG004,Email,Product Inquiry,2025-02-06 18:12:00,414.9,2.5,3
TKT000746,CU02049,AG028,Chat,Account Access,2025-04-03 20:45:00,1.1,4.2,2
TKT000747,CU00335,AG006,Web Form,Refund,2025-03-27 09:23:00,34.9,10.0,4
TKT000748,CU00663,AG039,Email,Billing,2025-06-22 17:55:00,140.0,9.7,5
TKT000749,CU03762,AG022,Email,Delivery,2025-11-21 15:13:00,167.1,2.5,5
TKT000750,CU02363,AG023,Chat,Billing,2025-07-27 22:39:00,1.3,3.0,2
TKT000751,CU00842,AG035,Web Form,Account Access,2025-03-02 14:05:00,16.3,30.0,3
TKT000752,CU00679,AG009,Chat,Delivery,2025-08-10 17:55:00,2.0,9.0,5
TKT000753,CU01703,AG023,Web Form,Technical Issue,2025-07-10 10:25:00,30.9,3.2,4
TKT000754,CU02895,AG040,Email,Refund,2025-05-22 14:29:00,114.9,50.7,4
TKT000755,CU02922,AG001,Social Media,Delivery,2025-03-31 17:44:00,57.6,3.3,3
TKT000756,CU00781,AG007,Phone,Delivery,2025-09-18 21:13:00,2.2,5.2,4
TKT000757,CU02903,AG006,Phone,Technical Issue,2025-07-23 09:44:00,3.5,5.6,1
TKT000758,CU03586,AG014,Phone,Technical Issue,2025-06-06 06:06:00,2.8,9.7,4
TKT000759,CU00906,AG006,Web Form,Technical Issue,2025-03-13 22:26:00,34.7,70.5,3
TKT000760,CU00105,AG007,Chat,Delivery,2025-02-14 14:20:00,3.4,4.4,4
TKT000761,CU03836,AG035,Email,Technical Issue,2025-03-20 02:26:00,81.0,8.0,5
TKT000762,CU02088,AG019,Social Media,Product Inquiry,2025-08-15 13:34:00,78.3,18.8,5
TKT000763,CU03106,AG015,Chat,Product Inquiry,2025-01-18 20:36:00,2.0,12.8,3
TKT000764,CU01281,AG017,Email,Technical Issue,2025-01-27 22:12:00,55.2,2.6,5
TKT000765,CU01197,AG039,Phone,Delivery,2025-12-28 10:55:00,2.2,6.0,5
TKT000766,CU00901,AG020,Phone,Technical Issue,2025-04-08 17:39:00,3.9,7.2,5
TKT000767,CU00869,AG019,Social Media,Billing,2025-02-11 12:09:00,86.3,5.6,3
TKT000768,CU01887,AG038,Web Form,Technical Issue,2025-12-19 11:09:00,35.7,6.3,5
TKT000769,CU00424,AG002,Social Media,Refund,2025-06-01 16:24:00,88.7,9.2,4
TKT000770,CU03369,AG020,Social Media,Product Inquiry,2025-01-01 09:58:00,104.3,11.2,4
TKT000771,CU02045,AG030,Chat,Technical Issue,2025-06-02 12:54:00,2.8,71.2,1
TKT000772,CU03662,AG021,Chat,Billing,2025-01-08 09:14:00,2.9,67.7,3
TKT000773,CU02009,AG035,Email,Billing,2025-04-21 08:32:00,272.2,2.5,4
TKT000774,CU01213,AG036,Web Form,Account Access,2025-12-12 11:19:00,58.4,65.7,2
TKT000775,CU02060,AG014,Phone,Technical Issue,2025-10-17 21:47:00,1.9,3.4,4
TKT000776,CU00617,AG033,Email,Refund,2025-06-02 12:44:00,119.0,2.6,5
TKT000777,CU03297,AG010,Phone,Product Inquiry,2025-05-04 15:27:00,2.0,60.5,4
TKT000778,CU02881,AG010,Chat,Billing,2025-08-02 10:20:00,3.2,2.0,5
TKT000779,CU00589,AG040,Chat,Refund,2025-08-17 18:55:00,4.3,3.7,5
TKT000780,CU02328,AG001,Email,Delivery,2025-10-05 15:25:00,139.5,6.8,4
TKT000781,CU02152,AG015,Chat,Account Access,2025-07-18 21:53:00,3.8,11.3,5
TKT000782,CU00805,AG026,Phone,Refund,2025-01-29 10:01:00,7.3,9.9,4
TKT000783,CU00489,AG017,Email,Account Access,2025-11-12 13:26:00,165.4,56.0,5
TKT000784,CU03042,AG034,Email,Account Access,2025-05-03 08:32:00,187.0,56.1,3
TKT000785,CU01057,AG011,Web Form,Billing,2025-10-27 08:00:00,92.7,1.3,4
TKT000786,CU02076,AG023,Chat,Delivery,2025-10-23 14:03:00,1.0,15.1,4
TKT000787,CU00991,AG006,Chat,Technical Issue,2025-03-21 17:33:00,2.3,12.8,2
TKT000788,CU02614,AG009,Web Form,Technical Issue,2025-07-07 09:44:00,74.6,7.1,3
TKT000789,CU00196,AG007,Chat,Account Access,2025-10-01 16:12:00,1.0,34.1,3
TKT000790,CU01438,AG030,Phone,Billing,2025-05-11 15:53:00,11.5,6.4,2
TKT000791,CU02189,AG009,Web Form,Technical Issue,2025-10-17 13:14:00,100.3,2.5,5
TKT000792,CU01757,AG027,Email,Technical Issue,2025-07-11 17:03:00,256.5,1.7,3
TKT000793,CU02450,AG014,Chat,Refund,2025-12-02 14:25:00,2.5,6.9,5
TKT000794,CU00722,AG023,Email,Account Access,2025-11-24 20:06:00,83.1,18.0,5
TKT000795,CU01768,AG035,Web Form,Billing,2025-12-18 17:26:00,27.4,0.3,4
TKT000796,CU03027,AG035,Chat,Refund,2025-03-22 19:02:00,1.9,7.1,3
TKT000797,CU01335,AG001,Phone,Refund,2025-09-26 11:51:00,5.9,6.0,5
TKT000798,CU00629,AG032,Chat,Technical Issue,2025-10-02 17:38:00,2.7,7.8,5
TKT000799,CU03391,AG039,Social Media,Account Access,2025-06-14 23:01:00,230.5,41.7,2
TKT000800,CU03114,AG027,Email,Billing,2025-03-03 08:55:00,118.0,53.5,2
TKT000801,CU02722,AG008,Chat,Account Access,2025-04-17 13:17:00,1.6,1.5,5
TKT000802,CU03193,AG027,Email,Delivery,2025-07-07 18:30:00,140.6,31.5,3
TKT000803,CU03116,AG026,Email,Technical Issue,2025-11-12 11:37:00,74.1,32.3,4
TKT000804,CU02987,AG027,Chat,Account Access,2025-12-01 13:24:00,4.6,2.0,4
TKT000805,CU02038,AG018,Chat,Billing,2025-12-01 16:37:00,1.7,9.9,3
TKT000806,CU00078,AG022,Web Form,Account Access,2025-12-12 18:09:00,63.2,4.5,4
TKT000807,CU02389,AG027,Email,Technical Issue,2025-02-05 09:19:00,219.1,26.5,3
TKT000808,CU01093,AG019,Phone,Refund,2025-12-30 11:40:00,2.6,10.2,4
TKT000809,CU03094,AG031,Email,Account Access,2025-07-22 11:10:00,163.1,5.5,4
TKT000810,CU01874,AG029,Phone,Technical Issue,2025-02-06 08:18:00,4.0,57.0,2
TKT000811,CU03622,AG013,Chat,Delivery,2025-02-17 07:16:00,3.4,2.4,4
TKT000812,CU02383,AG025,Chat,Technical Issue,2025-04-04 16:07:00,2.0,5.7,5
TKT000813,CU02203,AG031,Email,Account Access,2025-04-02 18:53:00,29.1,35.3,1
TKT000814,CU03677,AG020,Social Media,Account Access,2025-02-10 21:58:00,53.8,3.3,4
TKT000815,CU01901,AG029,Chat,Technical Issue,2025-05-20 21:15:00,1.0,7.8,5
TKT000816,CU01503,AG006,Phone,Technical Issue,2025-07-19 23:51:00,11.5,10.4,5
TKT000817,CU01487,AG016,Email,Technical Issue,2025-04-24 06:29:00,304.8,31.5,5
TKT000818,CU03501,AG029,Email,Delivery,2025-09-01 11:14:00,42.9,3.8,5
TKT000819,CU03026,AG036,Chat,Delivery,2025-09-19 06:56:00,1.1,9.1,5
TKT000820,CU00654,AG026,Email,Technical Issue,2025-05-26 15:07:00,65.4,60.2,2
TKT000821,CU01970,AG027,Social Media,Technical Issue,2025-01-29 21:07:00,101.4,1.8,4
TKT000822,CU01486,AG014,Web Form,Refund,2025-04-24 04:24:00,32.5,25.9,4
TKT000823,CU02587,AG029,Email,Technical Issue,2025-08-13 13:52:00,121.0,5.1,4
TKT000824,CU00210,AG015,Chat,Billing,2025-05-24 13:17:00,1.0,3.9,5
TKT000825,CU02857,AG003,Chat,Delivery,2025-08-01 08:44:00,2.5,2.2,4
TKT000826,CU02970,AG010,Phone,Technical Issue,2025-11-04 18:52:00,1.6,2.6,1
TKT000827,CU00907,AG025,Email,Product Inquiry,2025-10-15 11:29:00,554.7,52.4,2
TKT000828,CU00603,AG039,Web Form,Technical Issue,2025-08-16 12:07:00,125.8,5.1,5
TKT000829,CU02511,AG020,Chat,Refund,2025-02-05 21:56:00,7.8,8.4,5
TKT000830,CU01029,AG035,Web Form,Billing,2025-09-30 09:48:00,76.8,5.2,3
TKT000831,CU03767,AG032,Chat,Technical Issue,2025-05-02 11:04:00,4.7,2.2,5
TKT000832,CU03101,AG023,Social Media,Billing,2025-06-01 17:34:00,147.1,9.8,4
TKT000833,CU03821,AG033,Email,Product Inquiry,2025-09-12 13:51:00,80.6,4.9,5
TKT000834,CU02139,AG017,Chat,Account Access,2025-10-31 14:34:00,1.6,7.1,1
TKT000835,CU03754,AG018,Phone,Technical Issue,2025-09-17 13:11:00,5.1,5.0,4
TKT000836,CU00056,AG030,Chat,Product Inquiry,2025-04-20 10:56:00,3.8,3.5,4
TKT000837,CU01160,AG026,Web Form,Technical Issue,2025-06-14 08:21:00,54.8,4.8,5
TKT000838,CU00009,AG022,Email,Technical Issue,2025-05-13 18:00:00,189.9,9.1,3
TKT000839,CU02711,AG018,Chat,Technical Issue,2025-06-18 10:07:00,1.7,11.8,3
TKT000840,CU02043,AG040,Phone,Refund,2025-10-04 23:27:00,3.2,4.8,5
TKT000841,CU01151,AG003,Web Form,Technical Issue,2025-12-19 01:29:00,24.5,7.1,3
TKT000842,CU01220,AG003,Social Media,Technical Issue,2025-05-23 19:37:00,114.8,1.6,5
TKT000843,CU02576,AG020,Phone,Product Inquiry,2025-04-30 20:10:00,3.1,1.4,5
TKT000844,CU00722,AG002,Phone,Delivery,2025-11-19 05:05:00,2.0,8.1,5
TKT000845,CU02059,AG014,Web Form,Billing,2025-02-24 15:15:00,39.7,72.0,4
TKT000846,CU02455,AG023,Email,Account Access,2025-05-23 17:03:00,163.8,47.4,2
TKT000847,CU00960,AG017,Web Form,Technical Issue,2025-12-14 14:03:00,79.4,3.5,5
TKT000848,CU00914,AG009,Chat,Account Access,2025-11-18 19:38:00,1.8,13.1,2
TKT000849,CU01417,AG012,Phone,Billing,2025-10-23 08:18:00,7.2,6.8,3
TKT000850,CU02369,AG025,Chat,Delivery,2025-11-21 20:09:00,4.5,4.3,3
TKT000851,CU01018,AG039,Social Media,Delivery,2025-03-28 14:09:00,76.9,45.6,5
TKT000852,CU01518,AG032,Web Form,Billing,2025-01-22 10:47:00,94.0,31.9,3
TKT000853,CU02174,AG022,Phone,Technical Issue,2025-11-09 13:41:00,2.8,14.1,5
TKT000854,CU00747,AG006,Chat,Billing,2025-06-29 10:02:00,1.0,5.8,5
TKT000855,CU02276,AG010,Email,Delivery,2025-04-03 12:38:00,83.3,3.2,4
TKT000856,CU00553,AG018,Chat,Refund,2025-06-24 08:36:00,1.2,14.8,4
TKT000857,CU00571,AG010,Email,Refund,2025-10-30 18:39:00,110.0,1.8,5
TKT000858,CU00948,AG028,Social Media,Product Inquiry,2025-06-29 11:47:00,267.7,4.0,4
TKT000859,CU01147,AG015,Phone,Refund,2025-08-18 12:40:00,3.0,12.1,5
TKT000860,CU00120,AG034,Chat,Product Inquiry,2025-07-07 19:42:00,1.6,4.4,3
TKT000861,CU03847,AG011,Email,Delivery,2025-06-26 19:06:00,152.3,3.0,5
TKT000862,CU01233,AG020,Web Form,Technical Issue,2025-12-14 17:55:00,26.6,9.3,5
TKT000863,CU03219,AG029,Web Form,Account Access,2025-12-05 03:12:00,59.6,66.8,3
TKT000864,CU03608,AG009,Web Form,Technical Issue,2025-06-04 19:45:00,78.9,9.5,5
TKT000865,CU03203,AG031,Phone,Technical Issue,2025-10-23 08:44:00,9.0,8.4,3
TKT000866,CU03326,AG024,Web Form,Billing,2025-09-21 12:29:00,113.3,10.7,4
TKT000867,CU00401,AG026,Web Form,Billing,2025-02-17 19:28:00,67.2,35.8,4
TKT000868,CU01489,AG019,Email,Delivery,2025-11-06 07:53:00,123.8,33.5,4
TKT000869,CU02985,AG038,Chat,Billing,2025-09-15 08:37:00,1.8,12.3,5
TKT000870,CU02304,AG031,Chat,Technical Issue,2025-11-09 14:15:00,2.5,19.0,4
TKT000871,CU00023,AG008,Web Form,Product Inquiry,2025-10-16 12:03:00,53.6,7.0,3
TKT000872,CU02270,AG023,Phone,Account Access,2025-12-08 11:08:00,3.8,3.1,4
TKT000873,CU03219,AG037,Chat,Technical Issue,2025-07-17 17:23:00,1.2,46.2,3
TKT000874,CU03315,AG012,Web Form,Technical Issue,2025-01-23 19:39:00,79.5,2.2,5
TKT000875,CU01536,AG022,Social Media,Technical Issue,2025-04-11 22:26:00,106.0,13.6,5
TKT000876,CU00946,AG031,Chat,Product Inquiry,2025-02-23 07:45:00,1.3,4.3,5
TKT000877,CU01239,AG011,Phone,Technical Issue,2025-03-27 15:41:00,9.1,4.2,4
TKT000878,CU01186,AG021,Chat,Product Inquiry,2025-07-28 18:42:00,2.2,6.7,4
TKT000879,CU01387,AG023,Chat,Technical Issue,2025-12-22 09:54:00,1.0,60.0,2
TKT000880,CU01208,AG008,Chat,Refund,2025-10-06 13:04:00,3.4,3.3,2
TKT000881,CU01829,AG008,Chat,Technical Issue,2025-06-09 00:34:00,1.4,2.2,4
TKT000882,CU00164,AG023,Email,Account Access,2025-06-28 08:20:00,111.7,2.5,4
TKT000883,CU01101,AG008,Chat,Billing,2025-07-09 07:45:00,1.8,7.9,4
TKT000884,CU01259,AG038,Email,Billing,2025-05-30 16:48:00,225.1,7.1,4
TKT000885,CU00614,AG021,Chat,Product Inquiry,2025-08-07 15:38:00,1.9,4.1,5
TKT000886,CU03512,AG029,Email,Delivery,2025-12-10 04:44:00,196.7,21.0,4
TKT000887,CU02702,AG016,Chat,Technical Issue,2025-02-06 14:54:00,1.0,6.2,4
TKT000888,CU03648,AG012,Phone,Delivery,2025-05-10 06:33:00,2.2,66.9,1
TKT000889,CU02247,AG020,Web Form,Technical Issue,2025-01-30 09:48:00,56.0,5.0,5
TKT000890,CU00439,AG029,Chat,Product Inquiry,2025-11-07 19:06:00,1.3,1.6,5
TKT000891,CU03619,AG016,Email,Billing,2025-03-14 12:14:00,125.1,16.2,3
TKT000892,CU01833,AG012,Email,Technical Issue,2025-08-27 17:54:00,211.0,19.4,4
TKT000893,CU02738,AG006,Phone,Billing,2025-01-24 10:13:00,2.6,14.8,4
TKT000894,CU01526,AG022,Email,Technical Issue,2025-06-24 07:00:00,93.4,6.9,4
TKT000895,CU01978,AG028,Email,Product Inquiry,2025-11-24 19:54:00,148.7,7.8,4
TKT000896,CU01958,AG022,Email,Billing,2025-12-14 08:21:00,43.5,5.2,2
TKT000897,CU01139,AG011,Phone,Technical Issue,2025-02-24 11:35:00,7.0,11.8,4
TKT000898,CU02219,AG010,Phone,Refund,2025-08-30 16:46:00,4.3,6.8,4
TKT000899,CU02935,AG016,Web Form,Technical Issue,2025-03-24 14:26:00,57.9,57.3,2
TKT000900,CU00082,AG014,Email,Technical Issue,2025-09-24 20:01:00,104.1,2.3,4
TKT000901,CU00524,AG009,Chat,Delivery,2025-07-16 22:42:00,2.9,4.2,4
TKT000902,CU03369,AG038,Chat,Technical Issue,2025-10-19 08:39:00,1.8,57.1,5
TKT000903,CU02279,AG014,Email,Refund,2025-11-24 09:16:00,274.8,3.1,5
TKT000904,CU03895,AG011,Chat,Account Access,2025-05-10 15:39:00,1.0,4.6,5
TKT000905,CU02419,AG025,Chat,Technical Issue,2025-01-18 08:48:00,2.1,47.8,4
TKT000906,CU02614,AG033,Social Media,Account Access,2025-04-26 13:58:00,92.1,7.5,2
TKT000907,CU03597,AG019,Chat,Technical Issue,2025-03-20 11:31:00,2.4,3.5,4
TKT000908,CU02642,AG027,Chat,Account Access,2025-02-15 19:03:00,4.3,10.1,5
TKT000909,CU01319,AG004,Web Form,Account Access,2025-09-19 20:52:00,26.0,6.6,5
TKT000910,CU02112,AG022,Chat,Delivery,2025-11-26 09:26:00,1.0,0.3,5
TKT000911,CU00943,AG003,Email,Billing,2025-07-09 07:38:00,115.3,2.0,4
TKT000912,CU01338,AG006,Web Form,Refund,2025-07-14 22:53:00,19.4,2.0,5
TKT000913,CU02722,AG024,Chat,Technical Issue,2025-08-05 08:15:00,7.1,2.6,4
TKT000914,CU00596,AG009,Chat,Product Inquiry,2025-11-24 08:00:00,3.3,9.6,4
TKT000915,CU02688,AG002,Social Media,Technical Issue,2025-01-07 09:57:00,119.6,1.6,5
TKT000916,CU02337,AG008,Web Form,Refund,2025-07-12 10:09:00,84.6,1.9,4
TKT000917,CU01234,AG031,Chat,Account Access,2025-11-13 08:24:00,4.0,21.6,3
TKT000918,CU00180,AG024,Chat,Technical Issue,2025-03-01 10:47:00,1.4,60.9,3
TKT000919,CU02819,AG016,Phone,Billing,2025-07-31 02:45:00,3.3,4.3,5
TKT000920,CU03299,AG039,Chat,Product Inquiry,2025-01-03 17:09:00,2.4,6.7,5
TKT000921,CU02921,AG016,Email,Refund,2025-11-01 09:15:00,106.1,31.9,3
TKT000922,CU01684,AG036,Chat,Delivery,2025-08-28 17:41:00,1.2,43.2,1
TKT000923,CU02615,AG014,Email,Billing,2025-12-18 15:25:00,104.6,2.8,4
TKT000924,CU01660,AG002,Chat,Account Access,2025-04-20 13:30:00,2.5,3.9,4
TKT000925,CU01434,AG005,Chat,Technical Issue,2025-09-25 21:44:00,3.3,3.2,2
TKT000926,CU01309,AG011,Chat,Delivery,2025-10-08 11:51:00,1.0,6.2,3
TKT000927,CU00844,AG008,Social Media,Technical Issue,2025-01-12 08:41:00,81.1,4.0,5
TKT000928,CU03878,AG007,Web Form,Refund,2025-10-05 14:10:00,53.4,0.9,4
TKT000929,CU02665,AG016,Phone,Delivery,2025-09-17 08:56:00,1.9,19.4,4
TKT000930,CU00700,AG040,Chat,Billing,2025-08-13 10:33:00,2.6,1.3,3
TKT000931,CU03461,AG009,Chat,Delivery,2025-07-25 19:47:00,1.9,8.1,4
TKT000932,CU00606,AG010,Email,Billing,2025-10-20 19:36:00,83.5,55.5,2
TKT000933,CU02375,AG040,Email,Technical Issue,2025-02-07 12:19:00,107.4,6.5,5
TKT000934,CU00663,AG009,Phone,Technical Issue,2025-05-24 13:39:00,5.4,62.2,3
TKT000935,CU01445,AG034,Chat,Billing,2025-04-09 14:51:00,3.4,6.9,5
TKT000936,CU02635,AG025,Web Form,Technical Issue,2025-11-05 06:49:00,66.3,9.1,5
TKT000937,CU03997,AG038,Email,Delivery,2025-03-03 09:55:00,399.4,6.0,4
TKT000938,CU03968,AG023,Phone,Delivery,2025-01-23 14:03:00,7.4,6.1,5
TKT000939,CU03583,AG024,Phone,Billing,2025-12-04 10:57:00,5.4,2.8,4
TKT000940,CU00942,AG010,Web Form,Product Inquiry,2025-05-25 09:19:00,37.4,4.5,5
TKT000941,CU00375,AG023,Chat,Product Inquiry,2025-10-18 15:54:00,3.7,1.0,1
TKT000942,CU03623,AG027,Web Form,Technical Issue,2025-03-27 14:31:00,36.0,1.9,3
TKT000943,CU03693,AG040,Email,Billing,2025-09-13 10:41:00,211.1,10.3,5
TKT000944,CU01115,AG004,Phone,Product Inquiry,2025-12-04 20:46:00,1.0,23.9,4
TKT000945,CU00077,AG007,Chat,Technical Issue,2025-10-06 17:47:00,1.5,7.9,4
TKT000946,CU02592,AG001,Web Form,Billing,2025-04-18 14:19:00,25.5,6.3,3
TKT000947,CU00305,AG032,Chat,Product Inquiry,2025-08-08 09:38:00,1.7,0.6,2
TKT000948,CU00162,AG004,Web Form,Delivery,2025-10-31 15:33:00,23.6,6.0,5
TKT000949,CU03749,AG037,Phone,Refund,2025-11-09 15:19:00,4.1,35.4,5
TKT000950,CU01983,AG015,Email,Refund,2025-04-20 14:02:00,181.0,7.2,3
TKT000951,CU00449,AG012,Chat,Technical Issue,2025-03-25 15:48:00,1.4,14.3,4
TKT000952,CU02619,AG040,Chat,Delivery,2025-06-08 08:25:00,1.7,2.9,4
TKT000953,CU01477,AG029,Phone,Refund,2025-04-02 10:13:00,4.5,25.7,4
TKT000954,CU02146,AG022,Chat,Technical Issue,2025-09-20 19:20:00,1.9,5.5,4
TKT000955,CU03596,AG036,Chat,Technical Issue,2025-08-04 08:25:00,4.2,5.7,5
TKT000956,CU00952,AG031,Phone,Technical Issue,2025-06-25 14:59:00,2.7,7.5,2
TKT000957,CU02587,AG026,Chat,Delivery,2025-10-23 19:20:00,2.7,2.9,5
TKT000958,CU03314,AG013,Email,Delivery,2025-03-20 01:07:00,161.5,1.9,4
TKT000959,CU01696,AG040,Web Form,Product Inquiry,2025-11-02 21:10:00,23.0,15.9,5
TKT000960,CU03881,AG029,Email,Billing,2025-07-25 19:55:00,146.9,7.1,4
TKT000961,CU01794,AG038,Chat,Delivery,2025-12-23 16:47:00,1.9,12.4,5
TKT000962,CU01837,AG039,Web Form,Technical Issue,2025-08-07 16:00:00,42.0,67.9,1
TKT000963,CU03537,AG022,Chat,Product Inquiry,2025-10-06 18:28:00,5.3,2.9,5
TKT000964,CU02544,AG015,Phone,Account Access,2025-03-11 08:16:00,8.1,8.3,5
TKT000965,CU03475,AG038,Email,Delivery,2025-03-26 16:31:00,92.0,8.6,4
TKT000966,CU03162,AG040,Phone,Billing,2025-07-23 10:36:00,5.7,69.1,2
TKT000967,CU02850,AG005,Chat,Technical Issue,2025-03-26 19:30:00,3.0,3.0,2
TKT000968,CU00966,AG026,Phone,Technical Issue,2025-01-17 13:29:00,4.3,26.2,4
TKT000969,CU01596,AG025,Web Form,Refund,2025-06-12 17:41:00,30.1,4.5,5
TKT000970,CU03458,AG030,Chat,Technical Issue,2025-04-07 08:42:00,1.2,3.8,4
TKT000971,CU02465,AG040,Chat,Refund,2025-08-26 09:10:00,2.7,2.5,4
TKT000972,CU01121,AG011,Phone,Technical Issue,2025-07-30 18:41:00,5.3,48.0,4
TKT000973,CU01310,AG040,Email,Account Access,2025-07-07 11:30:00,119.7,1.9,4
TKT000974,CU03104,AG026,Web Form,Technical Issue,2025-10-31 13:24:00,113.4,9.4,5
TKT000975,CU00713,AG004,Chat,Technical Issue,2025-01-25 16:15:00,4.5,20.3,5
TKT000976,CU00449,AG021,Phone,Account Access,2025-10-14 08:33:00,9.0,55.9,1
TKT000977,CU03061,AG006,Email,Billing,2025-06-25 10:58:00,317.0,5.7,2
TKT000978,CU01154,AG039,Web Form,Billing,2025-09-12 10:27:00,54.5,3.9,5
TKT000979,CU03062,AG031,Chat,Account Access,2025-10-26 20:03:00,1.0,10.4,5
TKT000980,CU02135,AG037,Chat,Billing,2025-04-21 08:14:00,1.7,4.9,4
TKT000981,CU03992,AG025,Email,Account Access,2025-03-29 11:55:00,131.4,5.7,5
TKT000982,CU02100,AG016,Email,Delivery,2025-10-02 21:48:00,99.0,7.3,4
TKT000983,CU03470,AG018,Phone,Technical Issue,2025-08-20 18:03:00,3.2,2.6,5
TKT000984,CU03402,AG038,Phone,Billing,2025-03-09 15:48:00,2.1,49.4,2
TKT000985,CU00848,AG007,Phone,Technical Issue,2025-04-09 14:06:00,5.9,4.0,4
TKT000986,CU03985,AG036,Web Form,Technical Issue,2025-11-08 18:18:00,134.7,3.6,4
TKT000987,CU02984,AG017,Chat,Technical Issue,2025-07-22 20:54:00,7.4,14.8,3
TKT000988,CU00429,AG024,Chat,Account Access,2025-11-29 20:38:00,2.3,5.9,4
TKT000989,CU00025,AG027,Email,Technical Issue,2025-09-13 15:38:00,127.4,2.2,5
TKT000990,CU01086,AG004,Chat,Refund,2025-03-17 16:12:00,2.0,4.3,5
TKT000991,CU00065,AG006,Web Form,Delivery,2025-03-17 17:19:00,116.3,29.6,2
TKT000992,CU01431,AG007,Chat,Technical Issue,2025-12-19 17:05:00,4.2,13.2,5
TKT000993,CU03986,AG032,Chat,Account Access,2025-09-27 16:35:00,1.8,23.9,5
TKT000994,CU01916,AG004,Email,Technical Issue,2025-08-05 08:29:00,271.4,1.8,5
TKT000995,CU00096,AG025,Email,Technical Issue,2025-09-04 16:09:00,153.0,19.7,5
TKT000996,CU01976,AG005,Email,Product Inquiry,2025-06-01 11:17:00,93.4,7.0,4
TKT000997,CU00877,AG031,Email,Billing,2025-04-25 09:03:00,128.6,13.1,5
TKT000998,CU03425,AG040,Phone,Technical Issue,2025-10-28 07:03:00,10.2,62.9,4
TKT000999,CU00363,AG017,Web Form,Refund,2025-11-23 09:02:00,81.8,12.6,4
TKT001000,CU03083,AG009,Web Form,Product Inquiry,2025-11-27 13:19:00,41.6,13.8,3
TKT001001,CU01784,AG018,Chat,Account Access,2025-10-12 09:16:00,3.3,9.7,4
TKT001002,CU00076,AG028,Social Media,Delivery,2025-11-15 15:11:00,133.3,59.2,3
TKT001003,CU02693,AG030,Email,Refund,2025-07-10 21:10:00,118.1,40.1,2
TKT001004,CU01821,AG026,Web Form,Delivery,2025-04-24 05:56:00,36.5,3.8,4
TKT001005,CU03087,AG024,Email,Account Access,2025-01-31 08:24:00,76.0,4.7,3
TKT001006,CU02473,AG026,Chat,Refund,2025-04-23 09:31:00,1.0,2.3,2
TKT001007,CU03150,AG009,Chat,Account Access,2025-06-10 17:52:00,1.4,8.6,1
TKT001008,CU01842,AG009,Social Media,Technical Issue,2025-01-31 10:59:00,81.6,9.2,4
TKT001009,CU00032,AG038,Social Media,Technical Issue,2025-05-01 08:22:00,180.0,42.9,3
TKT001010,CU00523,AG024,Email,Billing,2025-12-05 08:46:00,220.3,11.6,3
TKT001011,CU01836,AG035,Phone,Technical Issue,2025-04-06 08:23:00,4.5,9.6,5
TKT001012,CU01590,AG026,Chat,Technical Issue,2025-05-24 16:16:00,1.0,8.5,4
TKT001013,CU03178,AG019,Web Form,Billing,2025-08-23 16:07:00,64.7,0.4,4
TKT001014,CU01647,AG023,Email,Product Inquiry,2025-11-20 10:20:00,56.6,6.9,3
TKT001015,CU03441,AG028,Social Media,Technical Issue,2025-12-03 12:59:00,145.5,54.4,3
TKT001016,CU00751,AG008,Web Form,Billing,2025-10-24 15:10:00,90.3,8.1,4
TKT001017,CU01540,AG019,Email,Refund,2025-02-23 22:08:00,144.0,38.0,2
TKT001018,CU03026,AG029,Email,Billing,2025-02-10 16:15:00,219.4,3.5,4
TKT001019,CU00497,AG004,Phone,Delivery,2025-09-28 17:20:00,7.0,30.7,5
TKT001020,CU01286,AG003,Chat,Account Access,2025-11-20 22:22:00,2.1,3.8,5
TKT001021,CU03008,AG007,Social Media,Account Access,2025-08-15 11:56:00,83.1,8.1,4
TKT001022,CU02356,AG024,Phone,Technical Issue,2025-11-30 06:55:00,1.9,2.5,4
TKT001023,CU03113,AG010,Phone,Billing,2025-09-01 16:27:00,3.3,17.5,5
TKT001024,CU02063,AG018,Email,Delivery,2025-05-09 07:53:00,80.9,12.2,4
TKT001025,CU03437,AG006,Web Form,Technical Issue,2025-11-05 12:20:00,31.6,12.8,5
TKT001026,CU03510,AG011,Web Form,Technical Issue,2025-10-04 16:23:00,36.8,10.8,5
TKT001027,CU03899,AG001,Phone,Billing,2025-05-18 14:42:00,1.4,6.1,4
TKT001028,CU00489,AG033,Chat,Delivery,2025-08-04 11:52:00,3.4,2.2,3
TKT001029,CU02365,AG019,Web Form,Account Access,2025-07-31 13:01:00,62.0,2.4,5
TKT001030,CU00458,AG008,Chat,Delivery,2025-02-06 09:35:00,3.8,10.1,4
TKT001031,CU00916,AG022,Phone,Delivery,2025-04-12 06:19:00,6.2,47.2,5
TKT001032,CU01202,AG038,Chat,Technical Issue,2025-03-25 11:23:00,2.6,6.3,4
TKT001033,CU02585,AG033,Web Form,Product Inquiry,2025-04-14 05:34:00,85.1,6.9,3
TKT001034,CU01725,AG036,Email,Refund,2025-07-11 22:30:00,152.1,49.9,3
TKT001035,CU03459,AG017,Chat,Billing,2025-07-07 12:59:00,4.1,9.3,2
TKT001036,CU01195,AG015,Email,Account Access,2025-11-10 19:26:00,105.8,5.4,4
TKT001037,CU02469,AG013,Chat,Billing,2025-01-03 21:58:00,2.0,15.6,4
TKT001038,CU03053,AG013,Web Form,Product Inquiry,2025-10-28 12:40:00,47.2,5.4,4
TKT001039,CU03922,AG037,Chat,Billing,2025-04-01 12:37:00,6.1,11.9,4
TKT001040,CU00982,AG006,Email,Billing,2025-05-09 19:32:00,98.9,11.3,5
TKT001041,CU02935,AG035,Chat,Product Inquiry,2025-02-25 04:20:00,4.1,6.2,3
TKT001042,CU00340,AG037,Chat,Account Access,2025-01-05 13:35:00,1.0,2.7,4
TKT001043,CU02174,AG034,Email,Technical Issue,2025-02-13 09:33:00,147.9,8.4,4
TKT001044,CU01656,AG026,Chat,Delivery,2025-03-23 16:06:00,1.8,10.3,4
TKT001045,CU03835,AG035,Chat,Refund,2025-05-21 18:56:00,1.1,20.4,3
TKT001046,CU03094,AG002,Chat,Billing,2025-04-24 15:53:00,1.4,11.0,5
TKT001047,CU03710,AG033,Social Media,Account Access,2025-02-08 11:40:00,118.7,7.3,4
TKT001048,CU03403,AG021,Chat,Delivery,2025-05-04 14:40:00,1.7,7.9,5
TKT001049,CU01643,AG039,Chat,Account Access,2025-02-26 14:08:00,1.2,8.0,5
TKT001050,CU02934,AG004,Phone,Product Inquiry,2025-09-07 15:35:00,6.6,10.6,4
TKT001051,CU00122,AG038,Email,Account Access,2025-09-02 20:58:00,138.4,4.6,5
TKT001052,CU02232,AG023,Email,Delivery,2025-01-23 09:07:00,168.0,7.3,2
TKT001053,CU00190,AG005,Chat,Refund,2025-08-26 09:54:00,3.6,1.4,2
TKT001054,CU02897,AG021,Email,Technical Issue,2025-11-28 08:21:00,327.6,3.1,4
TKT001055,CU03867,AG002,Email,Technical Issue,2025-12-11 16:13:00,39.8,7.9,5
TKT001056,CU02726,AG004,Email,Product Inquiry,2025-01-21 19:54:00,132.0,13.6,5
TKT001057,CU03360,AG022,Phone,Delivery,2025-12-02 10:39:00,1.6,7.1,3
TKT001058,CU00938,AG033,Social Media,Billing,2025-05-29 12:48:00,403.1,11.3,4
TKT001059,CU03976,AG005,Email,Technical Issue,2025-11-15 21:52:00,152.1,11.6,4
TKT001060,CU02204,AG011,Email,Technical Issue,2025-03-16 08:00:00,239.1,11.0,4
TKT001061,CU02698,AG016,Phone,Technical Issue,2025-09-10 19:13:00,2.8,2.0,3
TKT001062,CU03083,AG022,Email,Billing,2025-10-20 21:14:00,115.1,4.1,5
TKT001063,CU02559,AG001,Email,Account Access,2025-04-08 17:55:00,256.3,32.6,3
TKT001064,CU01269,AG026,Email,Technical Issue,2025-09-27 10:31:00,185.9,6.0,3
TKT001065,CU02446,AG020,Phone,Delivery,2025-03-07 15:10:00,10.1,6.5,4
TKT001066,CU02616,AG039,Chat,Product Inquiry,2025-09-17 10:41:00,1.3,7.2,4
TKT001067,CU03430,AG013,Email,Product Inquiry,2025-12-13 07:21:00,124.2,16.0,4
TKT001068,CU01926,AG020,Chat,Refund,2025-04-20 07:34:00,2.7,3.6,4
TKT001069,CU02008,AG004,Phone,Billing,2025-12-17 01:56:00,5.8,57.7,1
TKT001070,CU02013,AG037,Phone,Account Access,2025-09-01 22:16:00,5.0,7.7,4
TKT001071,CU00458,AG034,Web Form,Account Access,2025-07-04 15:56:00,26.6,7.0,4
TKT001072,CU00361,AG015,Social Media,Technical Issue,2025-04-30 10:44:00,53.6,4.4,5
TKT001073,CU00082,AG019,Web Form,Refund,2025-07-20 14:01:00,66.4,9.3,5
TKT001074,CU02665,AG035,Chat,Delivery,2025-12-26 15:23:00,1.0,5.8,3
TKT001075,CU01676,AG012,Phone,Delivery,2025-01-02 08:51:00,2.5,14.5,3
TKT001076,CU03463,AG010,Email,Technical Issue,2025-11-13 10:51:00,142.9,10.8,5
TKT001077,CU02809,AG010,Chat,Technical Issue,2025-02-24 14:41:00,1.3,9.6,5
TKT001078,CU00566,AG029,Email,Refund,2025-11-16 18:41:00,158.8,67.8,1
TKT001079,CU00401,AG009,Email,Technical Issue,2025-07-19 08:52:00,133.3,49.9,4
TKT001080,CU01465,AG004,Chat,Technical Issue,2025-11-25 18:08:00,1.3,17.8,5
TKT001081,CU03684,AG007,Email,Delivery,2025-03-08 14:27:00,91.9,7.9,4
TKT001082,CU00195,AG040,Chat,Delivery,2025-01-18 13:21:00,4.0,50.5,4
TKT001083,CU00750,AG035,Chat,Technical Issue,2025-06-24 08:58:00,2.5,12.7,4
TKT001084,CU00119,AG039,Chat,Technical Issue,2025-10-12 14:46:00,2.3,3.7,5
TKT001085,CU01655,AG012,Email,Refund,2025-10-18 11:44:00,144.3,6.8,4
TKT001086,CU03959,AG018,Email,Product Inquiry,2025-10-07 08:05:00,85.0,50.4,1
TKT001087,CU02735,AG020,Chat,Account Access,2025-10-20 19:45:00,1.5,5.3,4
TKT001088,CU01974,AG021,Social Media,Refund,2025-10-11 12:50:00,24.0,10.9,4
TKT001089,CU00578,AG002,Chat,Billing,2025-11-11 06:25:00,1.4,9.4,4
TKT001090,CU01423,AG024,Social Media,Delivery,2025-03-04 10:51:00,64.0,39.2,1
TKT001091,CU02099,AG002,Chat,Account Access,2025-03-28 08:23:00,2.7,14.0,4
TKT001092,CU01100,AG012,Email,Refund,2025-01-02 20:39:00,100.5,7.8,5
TKT001093,CU02821,AG012,Phone,Delivery,2025-06-07 09:12:00,6.2,8.9,5
TKT001094,CU03921,AG027,Email,Billing,2025-04-06 13:30:00,121.4,9.7,5
TKT001095,CU00824,AG036,Phone,Technical Issue,2025-08-17 16:03:00,4.3,3.0,4
TKT001096,CU01010,AG028,Phone,Refund,2025-07-21 08:07:00,3.9,61.9,3
TKT001097,CU00505,AG018,Email,Technical Issue,2025-08-01 12:54:00,205.7,56.2,3
TKT001098,CU02903,AG022,Email,Delivery,2025-08-29 15:42:00,271.8,46.3,2
TKT001099,CU01847,AG021,Web Form,Account Access,2025-12-31 19:35:00,32.0,38.0,2
TKT001100,CU01136,AG006,Phone,Technical Issue,2025-02-08 15:24:00,10.5,21.6,4
TKT001101,CU00877,AG039,Chat,Delivery,2025-04-11 06:33:00,1.2,4.4,4
TKT001102,CU00282,AG037,Phone,Account Access,2025-06-02 10:42:00,3.6,42.0,2
TKT001103,CU01905,AG010,Email,Refund,2025-01-27 11:20:00,104.7,31.8,3
TKT001104,CU02734,AG005,Email,Technical Issue,2025-10-26 11:19:00,320.8,7.6,4
TKT001105,CU00941,AG007,Email,Technical Issue,2025-05-22 20:44:00,78.1,5.0,3
TKT001106,CU00007,AG026,Chat,Technical Issue,2025-03-02 04:32:00,3.0,1.7,5
TKT001107,CU01894,AG002,Web Form,Technical Issue,2025-07-09 10:24:00,16.3,4.3,4
TKT001108,CU02703,AG005,Email,Delivery,2025-03-12 13:26:00,219.0,5.1,5
TKT001109,CU01380,AG026,Email,Billing,2025-05-22 07:48:00,126.0,6.3,4
TKT001110,CU01002,AG006,Web Form,Technical Issue,2025-08-24 13:31:00,44.8,14.5,4
TKT001111,CU00618,AG003,Phone,Product Inquiry,2025-04-27 07:04:00,2.7,5.7,3
TKT001112,CU02985,AG001,Chat,Technical Issue,2025-10-31 18:49:00,1.9,0.3,4
TKT001113,CU03447,AG029,Chat,Billing,2025-04-04 09:14:00,1.6,10.9,4
TKT001114,CU03080,AG015,Email,Refund,2025-02-11 13:04:00,61.7,58.7,2
TKT001115,CU02073,AG012,Phone,Delivery,2025-06-06 14:17:00,2.6,7.8,5
TKT001116,CU02897,AG026,Chat,Billing,2025-03-11 10:07:00,3.1,32.9,2
TKT001117,CU01588,AG007,Chat,Product Inquiry,2025-09-09 11:01:00,1.6,7.3,4
TKT001118,CU00098,AG021,Phone,Account Access,2025-07-11 13:41:00,2.6,12.5,1
TKT001119,CU01471,AG020,Chat,Technical Issue,2025-02-24 17:39:00,2.1,11.5,5
TKT001120,CU02815,AG027,Chat,Technical Issue,2025-05-03 12:18:00,2.6,62.4,3
TKT001121,CU02590,AG025,Chat,Product Inquiry,2025-11-12 13:42:00,2.9,16.6,5
TKT001122,CU03961,AG028,Chat,Billing,2025-10-26 14:02:00,2.4,7.0,5
TKT001123,CU03990,AG009,Web Form,Refund,2025-08-23 12:24:00,106.9,4.6,5
TKT001124,CU00971,AG006,Email,Technical Issue,2025-11-26 16:34:00,143.8,9.3,3
TKT001125,CU00039,AG022,Social Media,Technical Issue,2025-02-09 00:47:00,79.0,3.4,4
TKT001126,CU01097,AG003,Email,Refund,2025-09-25 13:16:00,226.3,27.1,5
TKT001127,CU03505,AG019,Chat,Product Inquiry,2025-01-09 20:57:00,1.4,4.6,4
TKT001128,CU03255,AG026,Chat,Technical Issue,2025-08-07 14:22:00,1.6,27.4,1
TKT001129,CU00396,AG033,Social Media,Technical Issue,2025-01-19 13:44:00,37.5,3.8,5
TKT001130,CU00642,AG027,Web Form,Delivery,2025-05-05 17:10:00,149.2,6.5,5
TKT001131,CU02255,AG040,Chat,Account Access,2025-02-02 11:40:00,6.3,1.5,4
TKT001132,CU02643,AG023,Web Form,Billing,2025-04-03 12:33:00,50.0,9.1,4
TKT001133,CU03930,AG018,Chat,Technical Issue,2025-08-23 09:26:00,3.0,6.8,4
TKT001134,CU03021,AG010,Web Form,Product Inquiry,2025-10-13 07:15:00,80.8,8.4,4
TKT001135,CU00848,AG027,Social Media,Technical Issue,2025-12-10 03:33:00,99.9,38.5,4
TKT001136,CU00149,AG033,Email,Technical Issue,2025-12-27 16:24:00,273.2,2.6,5
TKT001137,CU02535,AG013,Chat,Billing,2025-02-18 12:17:00,1.0,5.0,3
TKT001138,CU02216,AG004,Email,Technical Issue,2025-12-02 20:31:00,126.5,18.5,5
TKT001139,CU03688,AG001,Email,Account Access,2025-04-14 08:14:00,44.4,2.7,3
TKT001140,CU02304,AG026,Phone,Billing,2025-11-19 09:39:00,2.3,34.2,2
TKT001141,CU02005,AG027,Chat,Account Access,2025-11-13 15:01:00,1.0,13.9,4
TKT001142,CU01214,AG005,Email,Billing,2025-12-02 05:14:00,50.9,65.4,4
TKT001143,CU00346,AG001,Social Media,Technical Issue,2025-07-04 13:28:00,68.5,12.9,5
TKT001144,CU03506,AG027,Social Media,Refund,2025-10-01 07:07:00,110.0,10.5,3
TKT001145,CU03305,AG016,Web Form,Account Access,2025-06-05 08:13:00,38.1,3.3,5
TKT001146,CU00651,AG017,Chat,Billing,2025-01-29 13:25:00,1.5,1.9,2
TKT001147,CU02816,AG011,Email,Technical Issue,2025-06-22 14:28:00,93.5,25.9,2
TKT001148,CU01457,AG029,Chat,Account Access,2025-03-15 09:20:00,2.2,2.8,4
TKT001149,CU01749,AG030,Chat,Refund,2025-02-06 10:48:00,1.4,4.2,3
TKT001150,CU03395,AG003,Social Media,Delivery,2025-02-18 10:30:00,51.7,21.9,4
TKT001151,CU03369,AG004,Social Media,Refund,2025-03-22 08:22:00,150.3,39.4,1
TKT001152,CU00763,AG023,Web Form,Technical Issue,2025-10-18 21:30:00,34.0,61.9,1
TKT001153,CU01231,AG025,Social Media,Product Inquiry,2025-12-18 15:19:00,44.7,1.3,4
TKT001154,CU03286,AG006,Email,Technical Issue,2025-11-07 07:03:00,210.3,6.2,5
TKT001155,CU03668,AG007,Email,Technical Issue,2025-08-23 11:26:00,55.5,5.5,5
TKT001156,CU00317,AG028,Web Form,Account Access,2025-11-19 08:21:00,108.1,2.9,4
TKT001157,CU03335,AG019,Chat,Technical Issue,2025-04-15 09:29:00,1.1,1.3,5
TKT001158,CU01957,AG005,Chat,Billing,2025-11-28 20:30:00,2.1,6.1,5
TKT001159,CU02362,AG025,Chat,Technical Issue,2025-12-12 08:16:00,1.2,1.9,4
TKT001160,CU00302,AG003,Social Media,Delivery,2025-02-24 19:27:00,90.6,4.0,4
TKT001161,CU02722,AG010,Social Media,Delivery,2025-05-26 18:35:00,67.6,3.5,5
TKT001162,CU02712,AG029,Social Media,Delivery,2025-04-13 16:14:00,52.4,30.9,2
TKT001163,CU02651,AG009,Social Media,Billing,2025-02-21 13:01:00,37.3,2.1,4
TKT001164,CU03163,AG003,Social Media,Billing,2025-03-05 09:11:00,66.8,2.1,1
TKT001165,CU03785,AG039,Web Form,Refund,2025-12-19 18:29:00,71.4,69.0,2
TKT001166,CU03400,AG009,Web Form,Account Access,2025-03-08 18:41:00,79.7,8.3,4
TKT001167,CU02980,AG021,Email,Account Access,2025-09-01 13:38:00,94.3,0.8,4
TKT001168,CU03926,AG033,Email,Technical Issue,2025-11-15 05:46:00,94.4,12.4,4
TKT001169,CU02699,AG040,Email,Technical Issue,2025-10-02 08:27:00,127.2,2.9,4
TKT001170,CU02689,AG033,Phone,Billing,2025-06-15 05:52:00,4.0,2.7,3
TKT001171,CU02169,AG014,Web Form,Delivery,2025-01-09 08:58:00,54.9,25.3,2
TKT001172,CU03077,AG035,Web Form,Refund,2025-06-02 13:01:00,43.3,27.7,2
TKT001173,CU00286,AG001,Email,Product Inquiry,2025-04-14 18:09:00,114.5,13.2,4
TKT001174,CU02024,AG014,Email,Billing,2025-11-12 15:23:00,119.5,6.7,5
TKT001175,CU01702,AG008,Chat,Billing,2025-12-12 14:27:00,1.0,3.1,5
TKT001176,CU03651,AG022,Phone,Delivery,2025-03-26 16:12:00,3.2,5.5,5
TKT001177,CU00291,AG036,Web Form,Billing,2025-02-26 15:17:00,84.6,1.2,4
TKT001178,CU02576,AG031,Phone,Account Access,2025-10-27 12:02:00,8.6,5.4,4
TKT001179,CU00738,AG040,Chat,Delivery,2025-11-15 17:54:00,3.8,1.9,4
TKT001180,CU03535,AG006,Email,Technical Issue,2025-12-25 10:47:00,147.1,11.3,4
TKT001181,CU03408,AG031,Email,Billing,2025-10-09 20:10:00,72.8,31.1,2
TKT001182,CU00942,AG029,Phone,Billing,2025-06-19 07:24:00,3.0,5.1,5
TKT001183,CU03487,AG019,Phone,Account Access,2025-05-19 15:31:00,2.6,11.6,3
TKT001184,CU01987,AG004,Web Form,Billing,2025-01-22 13:26:00,25.3,6.6,5
TKT001185,CU03885,AG005,Web Form,Technical Issue,2025-11-20 12:25:00,32.8,13.0,4
TKT001186,CU02920,AG037,Email,Technical Issue,2025-12-29 12:33:00,93.8,64.5,5
TKT001187,CU00138,AG012,Email,Refund,2025-12-03 04:55:00,65.0,7.9,5
TKT001188,CU00811,AG026,Email,Refund,2025-07-29 16:31:00,233.8,63.7,4
TKT001189,CU01615,AG038,Email,Product Inquiry,2025-11-13 11:33:00,195.7,10.0,2
TKT001190,CU00846,AG020,Email,Refund,2025-01-01 13:15:00,136.3,54.9,2
TKT001191,CU00530,AG009,Chat,Technical Issue,2025-05-29 18:27:00,2.5,3.1,5
TKT001192,CU03913,AG020,Email,Technical Issue,2025-02-09 14:40:00,165.7,3.2,4
TKT001193,CU03477,AG010,Email,Account Access,2025-08-03 18:35:00,93.5,7.1,1
TKT001194,CU01739,AG008,Web Form,Account Access,2025-01-01 08:29:00,147.9,4.3,4
TKT001195,CU00861,AG033,Email,Delivery,2025-04-22 10:42:00,91.7,1.4,4
TKT001196,CU00728,AG014,Web Form,Technical Issue,2025-06-03 09:13:00,22.0,3.0,5
TKT001197,CU03664,AG028,Email,Product Inquiry,2025-02-17 19:01:00,153.0,2.8,5
TKT001198,CU01326,AG030,Chat,Billing,2025-02-01 17:18:00,2.7,17.8,5
TKT001199,CU00051,AG022,Chat,Account Access,2025-11-26 18:14:00,1.7,58.1,3
TKT001200,CU01590,AG022,Email,Refund,2025-04-10 14:54:00,277.6,10.2,5
TKT001201,CU01818,AG008,Email,Account Access,2025-12-25 09:14:00,154.6,66.0,2
TKT001202,CU02493,AG022,Email,Delivery,2025-05-16 11:54:00,89.1,8.5,4
TKT001203,CU01355,AG031,Email,Delivery,2025-01-22 14:24:00,101.0,63.1,3
TKT001204,CU03693,AG008,Web Form,Refund,2025-02-07 02:42:00,59.7,3.1,5
TKT001205,CU02575,AG010,Chat,Refund,2025-09-09 15:34:00,2.1,27.6,2
TKT001206,CU03947,AG028,Web Form,Billing,2025-01-05 18:00:00,107.2,3.2,4
TKT001207,CU01469,AG040,Chat,Billing,2025-12-13 10:54:00,3.2,1.3,4
TKT001208,CU02607,AG016,Chat,Refund,2025-04-04 15:28:00,1.0,61.0,3
TKT001209,CU01462,AG034,Chat,Account Access,2025-08-10 13:33:00,1.8,8.9,5
TKT001210,CU02800,AG008,Email,Account Access,2025-06-11 00:15:00,70.7,69.1,1
TKT001211,CU02983,AG023,Email,Billing,2025-01-18 10:10:00,312.3,13.0,2
TKT001212,CU01288,AG038,Email,Technical Issue,2025-09-14 13:02:00,82.0,8.9,5
TKT001213,CU03751,AG018,Chat,Billing,2025-01-06 16:31:00,2.2,59.0,3
TKT001214,CU03429,AG021,Chat,Product Inquiry,2025-10-18 11:18:00,1.4,4.7,5
TKT001215,CU03578,AG007,Social Media,Billing,2025-07-03 08:25:00,30.3,47.9,4
TKT001216,CU00872,AG022,Email,Billing,2025-04-21 06:58:00,70.2,41.8,5
TKT001217,CU02872,AG024,Email,Technical Issue,2025-12-10 16:38:00,122.1,9.9,5
TKT001218,CU00426,AG040,Web Form,Account Access,2025-03-16 11:44:00,75.2,6.9,5
TKT001219,CU00423,AG009,Web Form,Billing,2025-04-12 15:38:00,73.7,25.7,3
TKT001220,CU03894,AG015,Phone,Delivery,2025-08-24 09:10:00,1.9,7.2,2
TKT001221,CU00612,AG026,Email,Technical Issue,2025-05-08 16:39:00,166.3,8.3,4
TKT001222,CU03457,AG038,Chat,Technical Issue,2025-06-27 10:53:00,3.4,43.5,2
TKT001223,CU01724,AG010,Email,Technical Issue,2025-10-18 05:59:00,185.6,3.1,3
TKT001224,CU01215,AG028,Email,Technical Issue,2025-11-30 13:02:00,114.7,34.8,2
TKT001225,CU00294,AG036,Phone,Refund,2025-10-20 16:01:00,4.1,10.0,5
TKT001226,CU02701,AG026,Chat,Product Inquiry,2025-01-30 20:58:00,2.2,11.7,4
TKT001227,CU02886,AG018,Chat,Delivery,2025-12-11 21:45:00,4.3,11.8,5
TKT001228,CU01869,AG010,Chat,Refund,2025-06-03 12:00:00,5.1,14.4,4
TKT001229,CU03240,AG012,Social Media,Technical Issue,2025-11-03 14:51:00,128.3,14.0,3
TKT001230,CU01293,AG003,Email,Product Inquiry,2025-04-15 14:56:00,144.2,9.6,4
TKT001231,CU02207,AG007,Web Form,Billing,2025-08-05 13:14:00,54.1,3.6,4
TKT001232,CU01148,AG018,Phone,Delivery,2025-12-19 07:12:00,4.2,1.6,5
TKT001233,CU02329,AG006,Social Media,Delivery,2025-12-09 15:45:00,100.8,4.3,5
TKT001234,CU00545,AG001,Email,Billing,2025-08-27 21:18:00,105.4,36.5,3
TKT001235,CU01905,AG028,Email,Technical Issue,2025-08-13 07:06:00,413.3,11.9,5
TKT001236,CU02198,AG003,Email,Technical Issue,2025-01-11 10:41:00,90.6,1.9,5
TKT001237,CU02227,AG006,Social Media,Billing,2025-08-08 06:32:00,183.5,6.3,4
TKT001238,CU01787,AG024,Email,Account Access,2025-06-03 11:16:00,41.8,6.0,4
TKT001239,CU02575,AG037,Chat,Product Inquiry,2025-01-06 13:19:00,1.7,55.9,3
TKT001240,CU02049,AG029,Email,Technical Issue,2025-12-12 11:28:00,116.2,30.9,4
TKT001241,CU01133,AG002,Social Media,Account Access,2025-06-16 13:13:00,102.1,3.8,5
TKT001242,CU00862,AG007,Social Media,Account Access,2025-10-08 17:03:00,73.7,6.5,4
TKT001243,CU02591,AG030,Phone,Technical Issue,2025-01-16 09:38:00,8.6,6.2,4
TKT001244,CU03755,AG030,Chat,Billing,2025-03-31 16:17:00,1.8,2.5,5
TKT001245,CU03013,AG016,Social Media,Billing,2025-11-25 17:24:00,51.1,5.2,3
TKT001246,CU02555,AG038,Chat,Account Access,2025-12-09 14:18:00,1.2,10.8,3
TKT001247,CU03687,AG036,Phone,Technical Issue,2025-01-04 10:09:00,3.1,6.8,5
TKT001248,CU03599,AG030,Chat,Technical Issue,2025-11-22 20:32:00,3.0,4.9,4
TKT001249,CU02026,AG030,Phone,Billing,2025-04-23 11:36:00,6.6,7.0,2
TKT001250,CU00438,AG032,Email,Refund,2025-03-20 05:30:00,72.3,2.0,5
TKT001251,CU02538,AG006,Email,Refund,2025-12-30 08:30:00,90.2,11.8,3
TKT001252,CU02492,AG029,Chat,Technical Issue,2025-07-15 19:42:00,1.1,66.1,3
TKT001253,CU01110,AG038,Phone,Delivery,2025-10-18 08:02:00,3.4,1.1,5
TKT001254,CU03398,AG009,Email,Product Inquiry,2025-02-20 12:46:00,237.6,0.5,3
TKT001255,CU03480,AG001,Phone,Technical Issue,2025-10-04 15:49:00,4.4,6.4,4
TKT001256,CU01324,AG015,Phone,Technical Issue,2025-05-14 14:09:00,5.4,1.5,5
TKT001257,CU01908,AG011,Chat,Technical Issue,2025-09-18 15:59:00,3.0,6.3,4
TKT001258,CU00781,AG038,Email,Technical Issue,2025-08-28 11:27:00,101.4,7.0,4
TKT001259,CU00714,AG018,Chat,Refund,2025-01-19 15:20:00,1.0,8.8,4
TKT001260,CU01061,AG027,Social Media,Refund,2025-11-16 01:17:00,65.2,54.1,4
TKT001261,CU01464,AG040,Chat,Account Access,2025-04-16 09:59:00,3.1,0.3,5
TKT001262,CU01092,AG032,Chat,Billing,2025-05-14 07:32:00,2.8,14.7,5
TKT001263,CU00607,AG030,Social Media,Refund,2025-10-19 12:59:00,94.0,25.2,3
TKT001264,CU01789,AG039,Phone,Technical Issue,2025-11-17 08:43:00,6.7,3.6,4
TKT001265,CU02495,AG028,Web Form,Technical Issue,2025-11-23 14:27:00,59.6,29.1,5
TKT001266,CU01304,AG010,Chat,Technical Issue,2025-06-16 08:01:00,1.7,4.0,4
TKT001267,CU02135,AG030,Email,Refund,2025-05-08 11:55:00,59.1,44.1,4
TKT001268,CU01086,AG013,Chat,Delivery,2025-10-27 06:13:00,4.0,6.3,5
TKT001269,CU02816,AG014,Email,Delivery,2025-04-05 12:46:00,132.8,4.2,3
TKT001270,CU02595,AG026,Chat,Delivery,2025-08-23 17:07:00,1.6,9.7,5
TKT001271,CU03841,AG013,Chat,Technical Issue,2025-03-28 10:50:00,1.9,7.1,4
TKT001272,CU00213,AG001,Email,Billing,2025-03-18 16:01:00,319.2,58.6,1
TKT001273,CU03413,AG040,Chat,Refund,2025-07-20 12:07:00,3.5,3.2,4
TKT001274,CU01362,AG023,Phone,Product Inquiry,2025-11-12 09:17:00,3.3,10.7,5
TKT001275,CU00265,AG027,Email,Account Access,2025-04-17 10:46:00,181.3,3.6,5
TKT001276,CU02760,AG033,Web Form,Technical Issue,2025-09-23 10:59:00,108.0,61.5,3
TKT001277,CU00687,AG026,Chat,Product Inquiry,2025-01-08 16:14:00,2.4,2.0,4
TKT001278,CU00704,AG025,Email,Billing,2025-09-12 09:34:00,149.6,5.0,5
TKT001279,CU03919,AG032,Phone,Billing,2025-05-23 22:44:00,1.3,2.7,1
TKT001280,CU00884,AG012,Phone,Technical Issue,2025-01-28 15:53:00,7.9,23.9,5
TKT001281,CU02189,AG034,Chat,Technical Issue,2025-07-22 11:14:00,1.1,7.3,5
TKT001282,CU00803,AG029,Chat,Account Access,2025-03-29 23:06:00,1.0,8.6,4
TKT001283,CU00496,AG008,Email,Delivery,2025-08-20 09:47:00,51.9,28.5,1
TKT001284,CU00004,AG006,Social Media,Technical Issue,2025-01-16 17:02:00,56.2,71.6,1
TKT001285,CU00065,AG036,Social Media,Technical Issue,2025-05-06 09:53:00,117.6,11.5,2
TKT001286,CU01896,AG036,Social Media,Account Access,2025-03-28 14:24:00,170.4,7.9,3
TKT001287,CU01737,AG040,Phone,Billing,2025-04-25 05:30:00,4.8,53.3,5
TKT001288,CU00156,AG005,Phone,Billing,2025-01-03 18:29:00,10.4,16.1,5
TKT001289,CU01399,AG036,Phone,Technical Issue,2025-04-14 11:25:00,3.2,7.3,3
TKT001290,CU01092,AG035,Social Media,Refund,2025-02-02 14:00:00,79.2,53.0,5
TKT001291,CU02286,AG031,Email,Product Inquiry,2025-08-16 20:08:00,50.1,9.0,4
TKT001292,CU03980,AG020,Chat,Billing,2025-06-17 03:21:00,1.5,14.1,4
TKT001293,CU02767,AG021,Phone,Delivery,2025-04-14 21:14:00,1.3,13.8,4
TKT001294,CU03674,AG018,Email,Refund,2025-08-14 13:48:00,66.9,3.2,4
TKT001295,CU00769,AG002,Chat,Technical Issue,2025-12-01 17:59:00,2.8,7.2,5
TKT001296,CU00861,AG021,Chat,Product Inquiry,2025-07-17 12:12:00,1.0,6.3,3
TKT001297,CU03004,AG010,Phone,Account Access,2025-04-13 17:43:00,1.7,7.3,4
TKT001298,CU01241,AG009,Email,Account Access,2025-05-28 19:30:00,53.2,39.6,3
TKT001299,CU03396,AG003,Chat,Account Access,2025-10-16 11:46:00,3.1,15.4,4
TKT001300,CU01855,AG019,Web Form,Technical Issue,2025-02-06 16:45:00,135.5,3.3,5
TKT001301,CU00804,AG002,Email,Refund,2025-04-27 23:48:00,134.4,4.1,2
TKT001302,CU03378,AG034,Chat,Delivery,2025-06-21 16:57:00,3.4,67.7,2
TKT001303,CU02202,AG036,Chat,Technical Issue,2025-08-20 21:35:00,1.1,13.0,4
TKT001304,CU03211,AG033,Chat,Account Access,2025-07-30 16:55:00,3.9,12.1,5
TKT001305,CU01809,AG013,Email,Product Inquiry,2025-09-13 10:26:00,94.4,0.4,5
TKT001306,CU00505,AG007,Email,Refund,2025-12-10 18:02:00,202.1,26.5,5
TKT001307,CU02725,AG021,Chat,Delivery,2025-03-05 15:20:00,2.0,1.8,5
TKT001308,CU00498,AG027,Email,Technical Issue,2025-06-25 03:41:00,48.8,5.1,3
TKT001309,CU02654,AG001,Chat,Billing,2025-05-19 08:01:00,1.2,1.2,4
TKT001310,CU01667,AG035,Email,Technical Issue,2025-02-02 09:49:00,153.8,6.0,5
TKT001311,CU03167,AG018,Chat,Refund,2025-02-16 16:48:00,1.0,6.1,5
TKT001312,CU03481,AG033,Social Media,Delivery,2025-08-18 17:13:00,105.9,3.2,4
TKT001313,CU01630,AG004,Email,Product Inquiry,2025-07-06 18:51:00,64.2,5.9,4
TKT001314,CU03529,AG018,Email,Technical Issue,2025-04-17 06:46:00,188.5,68.4,1
TKT001315,CU00444,AG019,Chat,Product Inquiry,2025-11-28 06:20:00,1.0,7.1,5
TKT001316,CU00430,AG002,Email,Product Inquiry,2025-04-24 10:55:00,178.6,0.8,5
TKT001317,CU03975,AG029,Email,Delivery,2025-08-06 15:30:00,219.4,2.7,5
TKT001318,CU02298,AG038,Web Form,Refund,2025-12-27 18:26:00,50.1,8.0,3
TKT001319,CU01803,AG022,Chat,Billing,2025-09-14 18:34:00,1.9,3.9,4
TKT001320,CU00623,AG016,Email,Billing,2025-09-23 09:59:00,316.9,2.3,5
TKT001321,CU01156,AG026,Chat,Technical Issue,2025-04-14 17:39:00,1.3,2.8,4
TKT001322,CU02745,AG015,Chat,Technical Issue,2025-11-30 15:30:00,1.5,17.1,3
TKT001323,CU03287,AG015,Social Media,Technical Issue,2025-06-20 20:38:00,128.0,38.4,5
TKT001324,CU03666,AG031,Phone,Delivery,2025-04-21 17:44:00,5.0,3.2,5
TKT001325,CU01631,AG024,Phone,Billing,2025-09-28 13:11:00,3.5,6.5,3
TKT001326,CU01820,AG011,Chat,Technical Issue,2025-07-13 17:31:00,1.0,6.3,4
TKT001327,CU00654,AG017,Web Form,Technical Issue,2025-02-17 10:41:00,94.0,5.7,4
TKT001328,CU00333,AG034,Email,Delivery,2025-01-08 17:11:00,70.9,3.4,2
TKT001329,CU01752,AG022,Chat,Product Inquiry,2025-02-14 17:45:00,7.0,4.1,3
TKT001330,CU02318,AG004,Web Form,Billing,2025-02-28 18:00:00,28.5,4.9,5
TKT001331,CU00418,AG035,Phone,Delivery,2025-03-23 09:01:00,2.2,1.8,4
TKT001332,CU01635,AG030,Chat,Product Inquiry,2025-05-07 18:23:00,2.4,16.1,5
TKT001333,CU02567,AG011,Chat,Delivery,2025-03-28 08:37:00,2.7,3.6,4
TKT001334,CU03244,AG039,Email,Delivery,2025-11-26 17:07:00,81.9,42.3,5
TKT001335,CU03754,AG039,Web Form,Delivery,2025-12-18 20:25:00,139.5,6.7,3
TKT001336,CU01362,AG040,Chat,Product Inquiry,2025-12-21 04:11:00,2.4,7.8,4
TKT001337,CU01567,AG016,Email,Billing,2025-02-27 15:53:00,122.2,7.6,4
TKT001338,CU03500,AG037,Web Form,Refund,2025-07-14 15:44:00,68.0,2.3,2
TKT001339,CU02774,AG033,Web Form,Billing,2025-02-08 17:56:00,107.0,12.6,1
TKT001340,CU01095,AG035,Email,Technical Issue,2025-09-16 07:22:00,339.2,1.3,5
TKT001341,CU02741,AG022,Email,Delivery,2025-02-20 19:35:00,155.7,3.1,3
TKT001342,CU00631,AG012,Chat,Refund,2025-04-16 23:21:00,1.0,6.4,4
TKT001343,CU01797,AG010,Social Media,Refund,2025-03-16 15:23:00,45.0,31.0,4
TKT001344,CU01226,AG039,Email,Product Inquiry,2025-06-25 12:32:00,64.3,3.3,3
TKT001345,CU03971,AG021,Social Media,Delivery,2025-05-15 15:56:00,63.2,11.9,1
TKT001346,CU00140,AG038,Email,Account Access,2025-07-17 05:52:00,142.9,8.4,5
TKT001347,CU03428,AG023,Email,Product Inquiry,2025-03-13 16:16:00,157.5,7.2,5
TKT001348,CU01125,AG022,Phone,Technical Issue,2025-07-05 06:18:00,7.4,28.4,4
TKT001349,CU00145,AG003,Chat,Technical Issue,2025-02-02 10:29:00,1.0,64.7,3
TKT001350,CU02641,AG017,Social Media,Billing,2025-01-16 08:45:00,89.5,10.3,4
TKT001351,CU02713,AG023,Social Media,Account Access,2025-02-19 16:21:00,116.0,3.9,4
TKT001352,CU00570,AG005,Phone,Delivery,2025-04-08 14:03:00,1.0,2.1,5
TKT001353,CU00154,AG007,Email,Refund,2025-10-16 16:09:00,179.7,1.8,4
TKT001354,CU00446,AG024,Chat,Technical Issue,2025-05-01 06:23:00,9.0,13.2,4
TKT001355,CU01636,AG010,Email,Refund,2025-07-09 11:53:00,214.2,57.4,5
TKT001356,CU00530,AG029,Email,Account Access,2025-09-05 11:41:00,165.8,2.5,4
TKT001357,CU02813,AG019,Chat,Product Inquiry,2025-09-30 14:15:00,1.7,10.1,4
TKT001358,CU00311,AG017,Email,Billing,2025-08-02 07:35:00,159.1,6.2,1
TKT001359,CU03156,AG005,Chat,Delivery,2025-03-06 15:47:00,4.7,26.1,1
TKT001360,CU03499,AG017,Chat,Delivery,2025-08-30 11:16:00,1.7,4.5,4
TKT001361,CU02868,AG022,Chat,Account Access,2025-04-22 19:45:00,3.9,6.2,3
TKT001362,CU03777,AG023,Email,Technical Issue,2025-08-04 12:38:00,180.7,69.5,1
TKT001363,CU03757,AG011,Phone,Technical Issue,2025-12-25 07:40:00,9.8,13.1,4
TKT001364,CU00187,AG002,Email,Technical Issue,2025-01-27 07:07:00,254.8,5.8,3
TKT001365,CU01368,AG038,Chat,Account Access,2025-02-01 09:06:00,2.2,5.1,5
TKT001366,CU03041,AG039,Chat,Delivery,2025-04-02 09:27:00,2.1,5.4,5
TKT001367,CU01359,AG037,Email,Account Access,2025-06-10 17:24:00,117.8,0.5,5
TKT001368,CU02949,AG012,Social Media,Delivery,2025-06-24 16:18:00,154.0,57.6,4
TKT001369,CU03098,AG025,Email,Technical Issue,2025-04-18 06:55:00,101.2,3.0,4
TKT001370,CU03988,AG006,Web Form,Technical Issue,2025-11-25 18:14:00,58.6,6.6,5
TKT001371,CU01320,AG037,Chat,Delivery,2025-01-03 07:21:00,1.8,8.5,5
TKT001372,CU01392,AG001,Chat,Refund,2025-07-18 17:02:00,1.0,53.5,1
TKT001373,CU00098,AG019,Email,Delivery,2025-07-21 07:01:00,158.0,8.4,4
TKT001374,CU01143,AG035,Chat,Delivery,2025-10-08 11:19:00,1.0,7.7,4
TKT001375,CU01123,AG030,Chat,Product Inquiry,2025-07-20 16:43:00,1.6,5.3,5
TKT001376,CU01813,AG035,Email,Product Inquiry,2025-02-19 09:35:00,202.1,8.5,1
TKT001377,CU01685,AG020,Web Form,Delivery,2025-04-27 07:41:00,60.4,40.6,3
TKT001378,CU03427,AG004,Phone,Billing,2025-03-05 17:45:00,4.4,30.4,3
TKT001379,CU03096,AG001,Social Media,Technical Issue,2025-06-22 15:34:00,55.9,5.9,3
TKT001380,CU02915,AG007,Chat,Delivery,2025-11-30 19:26:00,3.6,2.9,5
TKT001381,CU00021,AG003,Phone,Billing,2025-05-24 15:21:00,2.5,23.9,5
TKT001382,CU01887,AG018,Chat,Technical Issue,2025-05-14 06:02:00,2.9,26.9,3
TKT001383,CU02919,AG003,Email,Technical Issue,2025-06-19 15:19:00,286.0,4.3,3
TKT001384,CU00979,AG008,Chat,Product Inquiry,2025-03-02 18:29:00,1.0,6.1,4
TKT001385,CU01700,AG017,Phone,Technical Issue,2025-11-06 06:13:00,3.2,6.2,5
TKT001386,CU02909,AG030,Email,Refund,2025-08-31 08:08:00,106.4,3.6,4
TKT001387,CU03179,AG027,Chat,Product Inquiry,2025-09-18 15:35:00,2.3,3.9,3
TKT001388,CU03419,AG003,Phone,Delivery,2025-05-08 17:28:00,2.4,7.8,5
TKT001389,CU01720,AG037,Email,Technical Issue,2025-04-13 11:59:00,73.7,1.2,5
TKT001390,CU01600,AG022,Email,Refund,2025-06-23 16:49:00,135.9,55.9,1
TKT001391,CU01531,AG014,Email,Delivery,2025-03-29 08:47:00,102.8,31.3,5
TKT001392,CU02675,AG016,Chat,Billing,2025-01-08 12:29:00,1.8,5.1,4
TKT001393,CU01679,AG034,Chat,Delivery,2025-09-22 16:39:00,3.3,57.0,4
TKT001394,CU01601,AG019,Social Media,Technical Issue,2025-11-10 09:53:00,37.0,6.9,5
TKT001395,CU00674,AG010,Email,Delivery,2025-03-23 11:34:00,131.5,1.9,5
TKT001396,CU01914,AG017,Web Form,Product Inquiry,2025-08-17 15:15:00,39.7,0.8,4
TKT001397,CU00950,AG003,Email,Account Access,2025-11-28 10:42:00,141.8,58.8,2
TKT001398,CU02100,AG007,Phone,Product Inquiry,2025-09-28 19:07:00,2.9,1.8,4
TKT001399,CU03555,AG013,Chat,Billing,2025-10-31 21:30:00,1.0,10.3,4
TKT001400,CU03103,AG009,Email,Refund,2025-11-22 15:51:00,173.8,55.0,3
TKT001401,CU01913,AG014,Social Media,Delivery,2025-04-03 17:50:00,413.3,15.4,5
TKT001402,CU03911,AG003,Social Media,Technical Issue,2025-01-27 19:46:00,85.2,3.0,5
TKT001403,CU03921,AG025,Chat,Product Inquiry,2025-10-20 16:34:00,1.3,2.4,5
TKT001404,CU01778,AG005,Phone,Product Inquiry,2025-10-16 17:20:00,2.7,8.4,1
TKT001405,CU03055,AG009,Email,Billing,2025-03-11 06:14:00,234.1,12.3,4
TKT001406,CU01370,AG040,Social Media,Refund,2025-11-26 18:29:00,55.6,11.3,5
TKT001407,CU03515,AG001,Chat,Technical Issue,2025-01-10 10:33:00,4.1,14.5,4
TKT001408,CU01495,AG012,Email,Technical Issue,2025-05-18 06:19:00,56.9,68.6,2
TKT001409,CU01034,AG021,Phone,Technical Issue,2025-12-17 14:14:00,4.4,56.7,4
TKT001410,CU00536,AG013,Chat,Account Access,2025-05-09 09:46:00,2.9,4.5,3
TKT001411,CU03371,AG013,Chat,Technical Issue,2025-10-05 06:32:00,3.0,12.1,3
TKT001412,CU01188,AG006,Social Media,Technical Issue,2025-01-14 14:29:00,131.7,12.4,5
TKT001413,CU03254,AG017,Email,Product Inquiry,2025-06-28 07:48:00,162.1,11.1,4
TKT001414,CU00346,AG031,Chat,Account Access,2025-10-13 19:58:00,3.8,5.0,4
TKT001415,CU02004,AG024,Phone,Refund,2025-11-04 21:43:00,2.3,9.4,4
TKT001416,CU01712,AG037,Social Media,Technical Issue,2025-06-09 16:46:00,63.2,62.7,3
TKT001417,CU01756,AG028,Email,Technical Issue,2025-01-28 10:16:00,112.2,71.7,2
TKT001418,CU00670,AG032,Email,Refund,2025-07-14 14:51:00,316.6,30.9,4
TKT001419,CU00296,AG018,Chat,Billing,2025-09-27 03:43:00,2.6,6.0,5
TKT001420,CU01386,AG025,Chat,Billing,2025-06-14 15:33:00,2.9,4.1,3
TKT001421,CU01881,AG024,Email,Product Inquiry,2025-12-16 09:07:00,126.9,2.1,5
TKT001422,CU03175,AG033,Chat,Billing,2025-04-25 12:31:00,3.1,23.9,4
TKT001423,CU01850,AG021,Social Media,Account Access,2025-10-26 08:38:00,38.3,3.9,3
TKT001424,CU00984,AG017,Chat,Delivery,2025-10-03 22:11:00,1.6,8.7,5
TKT001425,CU01050,AG003,Phone,Technical Issue,2025-06-07 09:18:00,3.5,2.5,5
TKT001426,CU02448,AG035,Phone,Delivery,2025-02-05 12:46:00,3.1,6.7,5
TKT001427,CU01743,AG018,Email,Billing,2025-05-07 09:37:00,117.3,51.6,3
TKT001428,CU03605,AG032,Email,Technical Issue,2025-10-08 13:14:00,189.1,65.9,5
TKT001429,CU01760,AG028,Chat,Billing,2025-11-22 19:51:00,2.3,1.1,4
TKT001430,CU02268,AG001,Email,Billing,2025-06-16 08:50:00,269.9,8.3,5
TKT001431,CU00256,AG027,Email,Delivery,2025-04-17 08:08:00,44.4,4.8,5
TKT001432,CU00776,AG020,Email,Product Inquiry,2025-10-07 06:03:00,317.4,63.4,2
TKT001433,CU03401,AG010,Email,Delivery,2025-12-09 14:41:00,97.9,1.1,4
TKT001434,CU01380,AG011,Phone,Billing,2025-02-21 14:04:00,8.2,6.2,4
TKT001435,CU01685,AG026,Chat,Product Inquiry,2025-04-27 17:40:00,1.6,13.4,4
TKT001436,CU02362,AG004,Chat,Refund,2025-10-18 18:32:00,2.5,7.7,5
TKT001437,CU00232,AG025,Phone,Technical Issue,2025-02-15 07:45:00,2.2,7.3,3
TKT001438,CU02027,AG034,Email,Technical Issue,2025-12-22 19:01:00,71.7,7.2,5
TKT001439,CU01385,AG004,Phone,Technical Issue,2025-03-28 18:58:00,5.5,2.0,4
TKT001440,CU00595,AG001,Chat,Technical Issue,2025-06-27 15:05:00,1.0,0.4,4
TKT001441,CU01674,AG003,Email,Account Access,2025-07-09 10:28:00,71.8,3.5,3
TKT001442,CU01788,AG030,Chat,Billing,2025-05-17 16:48:00,3.0,2.2,4
TKT001443,CU00746,AG034,Chat,Product Inquiry,2025-02-17 15:08:00,1.6,2.3,5
TKT001444,CU02173,AG040,Email,Account Access,2025-01-12 11:44:00,86.2,64.5,3
TKT001445,CU02985,AG002,Web Form,Technical Issue,2025-05-19 01:41:00,127.1,12.1,5
TKT001446,CU01070,AG020,Phone,Product Inquiry,2025-04-09 14:52:00,11.2,0.9,4
TKT001447,CU03867,AG002,Chat,Account Access,2025-11-27 14:32:00,2.0,0.8,5
TKT001448,CU02450,AG015,Chat,Technical Issue,2025-08-31 08:18:00,4.0,10.1,4
TKT001449,CU03093,AG013,Email,Technical Issue,2025-02-04 19:48:00,322.5,47.1,2
TKT001450,CU00281,AG025,Email,Delivery,2025-10-03 08:09:00,138.7,52.5,3
TKT001451,CU03070,AG037,Phone,Account Access,2025-08-13 10:47:00,3.0,20.7,4
TKT001452,CU01347,AG033,Email,Delivery,2025-02-15 11:09:00,147.0,12.0,5
TKT001453,CU02841,AG003,Chat,Refund,2025-05-28 15:43:00,1.0,27.6,5
TKT001454,CU03218,AG010,Web Form,Delivery,2025-09-27 06:02:00,75.2,5.4,3
TKT001455,CU01002,AG011,Phone,Refund,2025-08-25 16:23:00,3.3,1.8,5
TKT001456,CU01038,AG011,Email,Delivery,2025-07-29 11:52:00,144.4,12.9,5
TKT001457,CU00239,AG015,Chat,Delivery,2025-06-28 08:28:00,2.0,46.5,1
TKT001458,CU02421,AG025,Chat,Technical Issue,2025-09-10 07:01:00,1.3,7.8,5
TKT001459,CU03097,AG030,Phone,Account Access,2025-11-16 11:54:00,3.9,15.2,5
TKT001460,CU01641,AG038,Phone,Billing,2025-03-04 12:35:00,1.9,2.4,4
TKT001461,CU00644,AG029,Phone,Account Access,2025-05-27 08:26:00,3.1,35.3,4
TKT001462,CU01266,AG012,Chat,Billing,2025-11-06 13:53:00,1.1,3.8,4
TKT001463,CU01612,AG008,Chat,Delivery,2025-07-05 13:35:00,1.2,5.5,4
TKT001464,CU03665,AG016,Chat,Billing,2025-03-06 22:35:00,1.0,11.2,5
TKT001465,CU00497,AG032,Chat,Account Access,2025-02-17 16:41:00,1.6,30.4,4
TKT001466,CU01374,AG040,Web Form,Billing,2025-09-23 01:10:00,71.8,4.1,3
TKT001467,CU02553,AG016,Web Form,Product Inquiry,2025-06-28 13:06:00,60.7,1.3,3
TKT001468,CU00947,AG008,Email,Billing,2025-10-16 02:36:00,254.1,7.1,4
TKT001469,CU03539,AG001,Chat,Delivery,2025-02-11 13:46:00,1.2,3.9,5
TKT001470,CU03638,AG004,Email,Delivery,2025-08-10 10:57:00,107.6,0.9,2
TKT001471,CU01521,AG026,Email,Billing,2025-08-01 19:00:00,231.8,7.0,5
TKT001472,CU02984,AG024,Phone,Refund,2025-06-17 13:04:00,3.8,8.7,5
TKT001473,CU03024,AG026,Phone,Product Inquiry,2025-06-05 18:58:00,4.4,4.2,5
TKT001474,CU02728,AG001,Email,Delivery,2025-04-10 14:10:00,447.8,10.2,2
TKT001475,CU00746,AG018,Web Form,Product Inquiry,2025-10-13 11:34:00,47.8,42.5,3
TKT001476,CU00199,AG008,Email,Billing,2025-05-01 09:28:00,107.3,3.3,5
TKT001477,CU01389,AG014,Social Media,Product Inquiry,2025-06-02 08:10:00,52.1,2.0,3
TKT001478,CU00525,AG025,Chat,Refund,2025-11-10 17:46:00,1.7,23.9,4
TKT001479,CU01170,AG012,Web Form,Delivery,2025-08-19 19:47:00,96.5,7.9,4
TKT001480,CU02554,AG027,Chat,Refund,2025-01-15 10:16:00,2.7,6.9,5
TKT001481,CU02356,AG012,Chat,Delivery,2025-01-22 13:50:00,4.4,6.0,5
TKT001482,CU00838,AG021,Chat,Account Access,2025-07-16 10:36:00,2.4,10.2,4
TKT001483,CU00071,AG019,Chat,Account Access,2025-09-17 12:12:00,1.0,13.5,5
TKT001484,CU00903,AG016,Chat,Billing,2025-06-21 18:16:00,2.8,6.8,3
TKT001485,CU01820,AG006,Email,Delivery,2025-12-16 08:02:00,148.3,10.5,4
TKT001486,CU03117,AG024,Chat,Billing,2025-11-07 10:33:00,2.0,12.1,3
TKT001487,CU01461,AG040,Chat,Delivery,2025-06-13 16:31:00,3.9,12.9,3
TKT001488,CU01144,AG026,Email,Account Access,2025-03-27 10:10:00,120.4,34.2,3
TKT001489,CU02206,AG030,Email,Billing,2025-01-04 06:38:00,192.6,4.4,4
TKT001490,CU00287,AG033,Chat,Technical Issue,2025-01-13 11:18:00,1.1,5.3,5
TKT001491,CU00902,AG002,Web Form,Technical Issue,2025-08-09 15:10:00,23.9,6.4,3
TKT001492,CU00146,AG032,Email,Delivery,2025-05-03 22:11:00,100.7,7.6,3
TKT001493,CU02103,AG010,Web Form,Billing,2025-02-22 19:33:00,46.3,1.0,5
TKT001494,CU01773,AG027,Chat,Technical Issue,2025-01-27 14:55:00,2.7,10.3,4
TKT001495,CU02331,AG040,Phone,Billing,2025-06-20 17:31:00,2.2,2.9,5
TKT001496,CU02469,AG036,Phone,Billing,2025-08-02 14:37:00,9.2,12.1,3
TKT001497,CU01581,AG017,Chat,Technical Issue,2025-01-12 13:51:00,1.2,33.3,3
TKT001498,CU03476,AG034,Web Form,Billing,2025-06-02 08:39:00,52.4,6.1,4
TKT001499,CU03674,AG025,Phone,Delivery,2025-06-11 10:48:00,4.0,4.6,5
TKT001500,CU00444,AG006,Social Media,Delivery,2025-01-21 12:32:00,106.1,0.9,4
TKT001501,CU03681,AG010,Chat,Product Inquiry,2025-11-16 22:07:00,2.6,3.0,5
TKT001502,CU00787,AG039,Phone,Technical Issue,2025-03-25 14:39:00,13.9,14.5,5
TKT001503,CU00994,AG037,Email,Billing,2025-02-19 20:42:00,100.5,3.3,3
TKT001504,CU02120,AG036,Email,Technical Issue,2025-02-18 09:26:00,166.3,44.2,3
TKT001505,CU00118,AG016,Email,Delivery,2025-07-01 06:30:00,133.7,14.5,4
TKT001506,CU01457,AG013,Social Media,Technical Issue,2025-09-16 22:05:00,154.5,7.8,5
TKT001507,CU00779,AG033,Email,Technical Issue,2025-04-03 10:27:00,179.2,46.0,5
TKT001508,CU01931,AG001,Phone,Account Access,2025-10-07 13:55:00,4.5,5.1,5
TKT001509,CU03259,AG036,Email,Billing,2025-04-06 06:09:00,61.6,19.1,3
TKT001510,CU03697,AG025,Chat,Account Access,2025-03-10 18:38:00,1.6,12.9,5
TKT001511,CU00849,AG026,Phone,Delivery,2025-08-23 00:44:00,2.3,3.3,3
TKT001512,CU02180,AG018,Social Media,Refund,2025-10-10 19:42:00,70.4,6.2,5
TKT001513,CU01898,AG040,Chat,Billing,2025-10-01 08:52:00,1.3,4.9,5
TKT001514,CU01661,AG030,Phone,Billing,2025-07-23 08:11:00,3.0,5.0,3
TKT001515,CU02531,AG003,Chat,Account Access,2025-11-15 18:12:00,1.6,5.7,4
TKT001516,CU03958,AG021,Web Form,Technical Issue,2025-11-06 11:20:00,44.3,1.4,4
TKT001517,CU01621,AG035,Email,Technical Issue,2025-04-12 09:01:00,119.1,2.4,5
TKT001518,CU00261,AG004,Chat,Billing,2025-08-17 14:00:00,1.2,11.0,4
TKT001519,CU03664,AG030,Chat,Technical Issue,2025-01-26 09:36:00,2.0,11.6,3
TKT001520,CU03729,AG010,Chat,Technical Issue,2025-01-30 10:17:00,1.2,5.9,4
TKT001521,CU01290,AG021,Email,Delivery,2025-06-11 05:58:00,100.7,4.5,5
TKT001522,CU02007,AG036,Chat,Refund,2025-09-14 13:51:00,1.9,67.6,2
TKT001523,CU03451,AG020,Phone,Technical Issue,2025-08-02 08:40:00,1.0,14.3,4
TKT001524,CU02016,AG002,Chat,Account Access,2025-03-01 18:49:00,7.9,33.2,5
TKT001525,CU01925,AG001,Chat,Product Inquiry,2025-09-27 16:15:00,2.7,12.9,5
TKT001526,CU03688,AG030,Email,Technical Issue,2025-08-10 10:42:00,166.9,52.0,3
TKT001527,CU03316,AG038,Chat,Delivery,2025-10-03 13:52:00,1.5,4.5,1
TKT001528,CU02030,AG012,Chat,Technical Issue,2025-08-12 14:09:00,2.1,33.6,3
TKT001529,CU00647,AG038,Chat,Product Inquiry,2025-11-12 15:32:00,1.0,63.0,2
TKT001530,CU01754,AG019,Phone,Technical Issue,2025-05-13 12:59:00,5.2,6.0,5
TKT001531,CU02706,AG003,Social Media,Billing,2025-01-12 15:30:00,35.6,5.9,5
TKT001532,CU01090,AG022,Chat,Product Inquiry,2025-08-07 08:48:00,1.0,5.4,3
TKT001533,CU02150,AG039,Email,Delivery,2025-12-25 12:03:00,94.7,3.3,4
TKT001534,CU02636,AG011,Chat,Technical Issue,2025-02-05 07:20:00,4.6,6.9,5
TKT001535,CU00341,AG039,Web Form,Refund,2025-12-19 20:03:00,30.0,4.1,5
TKT001536,CU02279,AG027,Email,Product Inquiry,2025-10-09 11:42:00,168.2,0.9,5
TKT001537,CU02951,AG016,Chat,Account Access,2025-01-13 14:34:00,1.0,1.4,4
TKT001538,CU00858,AG028,Chat,Technical Issue,2025-07-18 13:11:00,2.0,4.8,1
TKT001539,CU02194,AG017,Chat,Technical Issue,2025-04-25 03:48:00,5.2,2.4,4
TKT001540,CU02838,AG004,Phone,Product Inquiry,2025-08-27 06:32:00,5.3,4.9,5
TKT001541,CU00178,AG035,Chat,Technical Issue,2025-10-07 09:45:00,1.0,1.6,5
TKT001542,CU02577,AG015,Email,Billing,2025-05-17 15:42:00,143.4,11.4,5
TKT001543,CU01039,AG023,Phone,Technical Issue,2025-06-24 15:56:00,3.1,34.8,1
TKT001544,CU01590,AG030,Email,Technical Issue,2025-01-15 08:13:00,274.8,7.6,5
TKT001545,CU02593,AG004,Web Form,Account Access,2025-01-02 13:30:00,52.1,12.1,4
TKT001546,CU00018,AG029,Web Form,Billing,2025-10-05 11:09:00,24.9,11.2,4
TKT001547,CU00068,AG015,Phone,Technical Issue,2025-05-10 14:37:00,3.7,6.9,5
TKT001548,CU01787,AG022,Phone,Technical Issue,2025-11-17 10:21:00,2.7,11.9,4
TKT001549,CU03800,AG019,Chat,Technical Issue,2025-07-31 19:37:00,1.0,2.2,4
TKT001550,CU00025,AG032,Phone,Technical Issue,2025-05-25 12:04:00,3.6,3.4,2
TKT001551,CU03156,AG008,Chat,Technical Issue,2025-11-18 12:22:00,2.0,18.7,3
TKT001552,CU00300,AG005,Phone,Delivery,2025-01-21 16:27:00,4.9,6.9,4
TKT001553,CU01956,AG017,Chat,Technical Issue,2025-10-30 17:00:00,3.5,7.8,5
TKT001554,CU01723,AG005,Chat,Billing,2025-01-28 12:08:00,1.7,4.8,3
TKT001555,CU01873,AG010,Phone,Account Access,2025-12-12 07:50:00,1.8,4.4,5
TKT001556,CU00328,AG027,Chat,Delivery,2025-07-26 07:29:00,1.3,3.5,4
TKT001557,CU03015,AG033,Chat,Delivery,2025-06-20 10:04:00,2.0,8.3,4
TKT001558,CU01103,AG028,Phone,Product Inquiry,2025-08-28 16:08:00,7.8,8.0,3
TKT001559,CU03085,AG013,Web Form,Billing,2025-10-19 15:57:00,55.1,8.7,2
TKT001560,CU02622,AG033,Chat,Technical Issue,2025-04-15 10:10:00,1.9,37.4,2
TKT001561,CU02206,AG017,Phone,Technical Issue,2025-02-06 00:50:00,3.5,2.6,5
TKT001562,CU01235,AG008,Email,Technical Issue,2025-12-20 15:14:00,139.4,44.2,4
TKT001563,CU02610,AG031,Chat,Product Inquiry,2025-07-09 14:06:00,5.7,3.9,4
TKT001564,CU03991,AG021,Chat,Account Access,2025-04-15 17:50:00,1.9,35.9,5
TKT001565,CU03693,AG015,Web Form,Refund,2025-12-01 15:07:00,47.6,7.2,3
TKT001566,CU03666,AG027,Email,Product Inquiry,2025-01-15 09:48:00,143.0,10.0,4
TKT001567,CU00879,AG029,Email,Refund,2025-11-03 16:44:00,96.5,59.5,5
TKT001568,CU02342,AG009,Web Form,Billing,2025-01-07 13:59:00,23.3,8.2,3
TKT001569,CU01592,AG005,Email,Refund,2025-08-28 14:32:00,53.8,1.7,5
TKT001570,CU03868,AG021,Email,Billing,2025-01-14 11:55:00,93.9,4.1,5
TKT001571,CU03801,AG003,Phone,Technical Issue,2025-02-24 17:38:00,7.7,3.4,4
TKT001572,CU03473,AG026,Chat,Account Access,2025-04-30 09:01:00,3.8,19.6,3
TKT001573,CU00651,AG018,Chat,Product Inquiry,2025-03-08 09:17:00,1.1,35.0,4
TKT001574,CU01276,AG009,Web Form,Refund,2025-01-17 09:00:00,50.4,47.6,2
TKT001575,CU02846,AG024,Email,Billing,2025-09-05 17:53:00,150.5,8.7,4
TKT001576,CU02999,AG016,Chat,Refund,2025-10-05 16:24:00,1.3,8.7,1
TKT001577,CU01402,AG016,Phone,Billing,2025-04-29 09:32:00,8.2,9.1,4
TKT001578,CU00548,AG009,Chat,Delivery,2025-09-12 08:48:00,3.0,4.6,3
TKT001579,CU00548,AG028,Chat,Billing,2025-05-01 03:33:00,2.4,8.0,5
TKT001580,CU02739,AG037,Email,Technical Issue,2025-03-20 15:55:00,145.4,69.5,1
TKT001581,CU01817,AG025,Phone,Billing,2025-11-06 13:59:00,1.7,2.1,4
TKT001582,CU01965,AG010,Chat,Refund,2025-07-11 16:12:00,4.2,0.5,5
TKT001583,CU03262,AG034,Email,Product Inquiry,2025-01-08 16:46:00,192.7,3.8,1
TKT001584,CU00068,AG005,Chat,Technical Issue,2025-09-13 18:11:00,2.5,6.6,4
TKT001585,CU03019,AG012,Email,Technical Issue,2025-05-24 12:41:00,93.3,1.4,5
TKT001586,CU01097,AG002,Chat,Technical Issue,2025-01-27 18:32:00,1.4,4.5,4
TKT001587,CU03725,AG034,Web Form,Delivery,2025-03-28 12:51:00,72.2,6.7,2
TKT001588,CU03822,AG002,Phone,Account Access,2025-04-27 16:10:00,7.3,48.0,3
TKT001589,CU02009,AG022,Web Form,Account Access,2025-01-10 14:59:00,142.0,16.8,4
TKT001590,CU01264,AG008,Chat,Technical Issue,2025-09-23 20:30:00,1.3,8.7,2
TKT001591,CU00933,AG009,Chat,Technical Issue,2025-03-21 11:48:00,1.8,0.9,5
TKT001592,CU00726,AG025,Chat,Product Inquiry,2025-02-27 15:48:00,1.0,14.0,3
TKT001593,CU03997,AG033,Web Form,Account Access,2025-03-09 14:48:00,14.2,4.1,4
TKT001594,CU00751,AG001,Web Form,Technical Issue,2025-09-18 23:14:00,73.4,68.8,1
TKT001595,CU01787,AG007,Social Media,Technical Issue,2025-07-04 06:11:00,56.3,71.8,3
TKT001596,CU01917,AG012,Email,Technical Issue,2025-10-24 14:05:00,47.3,58.5,2
TKT001597,CU02717,AG038,Chat,Technical Issue,2025-06-08 09:52:00,1.1,0.4,4
TKT001598,CU03371,AG003,Web Form,Technical Issue,2025-09-07 19:36:00,66.4,3.2,1
TKT001599,CU02232,AG008,Phone,Delivery,2025-06-22 17:52:00,4.9,6.9,5
TKT001600,CU03033,AG017,Email,Technical Issue,2025-08-05 15:20:00,56.9,7.2,3
TKT001601,CU02267,AG014,Email,Billing,2025-11-17 13:35:00,276.4,8.2,4
TKT001602,CU01748,AG002,Email,Account Access,2025-08-13 15:03:00,95.5,7.3,4
TKT001603,CU00631,AG022,Phone,Billing,2025-06-30 14:39:00,4.7,7.2,3
TKT001604,CU00835,AG025,Social Media,Account Access,2025-11-12 10:54:00,91.9,3.5,3
TKT001605,CU01730,AG008,Chat,Refund,2025-08-22 17:37:00,2.0,70.5,3
TKT001606,CU00185,AG028,Chat,Technical Issue,2025-12-07 13:51:00,1.2,3.0,5
TKT001607,CU01266,AG003,Chat,Refund,2025-08-25 09:32:00,2.0,4.2,5
TKT001608,CU01851,AG030,Phone,Technical Issue,2025-09-08 15:26:00,4.6,39.0,2
TKT001609,CU01891,AG011,Email,Technical Issue,2025-07-08 02:11:00,125.5,66.4,5
TKT001610,CU03260,AG009,Chat,Technical Issue,2025-11-07 16:14:00,2.1,5.7,1
TKT001611,CU03871,AG008,Email,Delivery,2025-04-22 12:39:00,256.6,4.6,5
TKT001612,CU02919,AG035,Web Form,Billing,2025-07-18 15:23:00,42.4,11.2,5
TKT001613,CU00319,AG021,Chat,Delivery,2025-11-26 08:22:00,2.9,13.0,4
TKT001614,CU01635,AG028,Email,Technical Issue,2025-03-19 16:33:00,124.7,5.9,4
TKT001615,CU02920,AG009,Chat,Account Access,2025-06-09 16:32:00,4.4,5.8,3
TKT001616,CU02379,AG003,Phone,Technical Issue,2025-01-10 16:48:00,1.8,5.4,4
TKT001617,CU01832,AG002,Chat,Technical Issue,2025-07-28 12:54:00,4.1,16.2,5
TKT001618,CU01745,AG018,Social Media,Account Access,2025-05-07 15:07:00,67.2,2.7,3
TKT001619,CU01624,AG014,Chat,Technical Issue,2025-07-24 14:06:00,6.4,1.2,4
TKT001620,CU02317,AG031,Web Form,Billing,2025-03-28 09:49:00,69.9,3.1,5
TKT001621,CU00716,AG032,Phone,Account Access,2025-10-30 02:57:00,6.4,10.5,4
TKT001622,CU02071,AG013,Chat,Delivery,2025-12-26 11:32:00,1.8,7.3,4
TKT001623,CU00824,AG018,Phone,Delivery,2025-07-15 17:34:00,5.8,2.4,4
TKT001624,CU02724,AG016,Email,Technical Issue,2025-08-11 10:43:00,203.5,36.2,1
TKT001625,CU03459,AG028,Chat,Technical Issue,2025-06-16 16:56:00,1.8,10.9,5
TKT001626,CU02031,AG026,Web Form,Billing,2025-04-19 15:21:00,83.7,43.1,1
TKT001627,CU01551,AG027,Phone,Technical Issue,2025-06-17 11:12:00,1.0,47.4,1
TKT001628,CU03763,AG003,Social Media,Billing,2025-06-30 00:49:00,63.2,70.1,2
TKT001629,CU02639,AG014,Email,Billing,2025-10-12 12:03:00,141.7,62.3,3
TKT001630,CU01713,AG039,Phone,Billing,2025-09-10 11:06:00,5.3,4.3,5
TKT001631,CU00116,AG014,Email,Account Access,2025-05-01 08:37:00,238.9,5.1,2
TKT001632,CU00064,AG007,Chat,Technical Issue,2025-08-14 17:18:00,1.7,5.4,5
TKT001633,CU00886,AG008,Phone,Billing,2025-12-08 21:31:00,3.2,19.3,1
TKT001634,CU00946,AG002,Phone,Technical Issue,2025-06-02 07:29:00,6.5,8.0,3
TKT001635,CU02886,AG032,Chat,Technical Issue,2025-11-06 09:44:00,3.8,5.9,5
TKT001636,CU02003,AG001,Social Media,Refund,2025-06-22 15:10:00,135.2,61.0,3
TKT001637,CU04000,AG024,Email,Technical Issue,2025-02-20 21:36:00,128.7,1.1,3
TKT001638,CU02163,AG016,Web Form,Technical Issue,2025-03-08 20:44:00,223.4,9.1,2
TKT001639,CU03613,AG004,Email,Refund,2025-04-26 20:30:00,146.2,14.4,4
TKT001640,CU02210,AG036,Chat,Billing,2025-08-01 12:18:00,2.3,13.9,5
TKT001641,CU01433,AG030,Phone,Technical Issue,2025-11-27 22:54:00,9.8,3.3,3
TKT001642,CU02859,AG033,Email,Delivery,2025-05-24 11:07:00,324.4,7.9,5
TKT001643,CU01798,AG038,Email,Delivery,2025-04-12 07:19:00,206.6,1.5,4
TKT001644,CU01099,AG037,Chat,Product Inquiry,2025-08-27 16:32:00,1.2,9.9,5
TKT001645,CU01893,AG029,Chat,Refund,2025-04-26 14:16:00,2.1,2.6,5
TKT001646,CU02660,AG022,Chat,Delivery,2025-06-09 17:39:00,2.7,57.1,3
TKT001647,CU01503,AG028,Web Form,Technical Issue,2025-03-21 15:48:00,160.9,8.1,3
TKT001648,CU02817,AG018,Email,Account Access,2025-04-18 17:31:00,709.1,64.3,3
TKT001649,CU03923,AG008,Chat,Technical Issue,2025-01-20 10:21:00,1.4,10.8,3
TKT001650,CU01646,AG016,Web Form,Account Access,2025-07-27 10:36:00,87.9,0.7,5
TKT001651,CU01181,AG019,Chat,Product Inquiry,2025-06-24 16:33:00,1.3,3.0,4
TKT001652,CU01609,AG002,Chat,Technical Issue,2025-03-04 13:48:00,1.9,1.7,4
TKT001653,CU03354,AG034,Email,Refund,2025-10-03 08:36:00,86.9,20.9,4
TKT001654,CU00716,AG037,Social Media,Account Access,2025-03-15 11:00:00,225.4,7.9,3
TKT001655,CU03895,AG017,Email,Technical Issue,2025-08-29 17:17:00,159.6,6.2,3
TKT001656,CU01656,AG020,Phone,Refund,2025-02-10 20:21:00,4.7,39.5,3
TKT001657,CU03367,AG034,Web Form,Account Access,2025-01-11 16:21:00,56.5,23.9,1
TKT001658,CU03148,AG019,Chat,Billing,2025-02-15 16:51:00,2.5,5.5,5
TKT001659,CU03135,AG028,Phone,Account Access,2025-07-11 17:02:00,5.0,23.7,5
TKT001660,CU03636,AG021,Email,Technical Issue,2025-03-07 09:44:00,96.0,6.0,5
TKT001661,CU00740,AG011,Chat,Technical Issue,2025-05-01 14:16:00,1.0,13.2,5
TKT001662,CU02375,AG032,Social Media,Delivery,2025-07-16 14:33:00,43.4,14.6,5
TKT001663,CU00397,AG008,Social Media,Refund,2025-08-23 20:19:00,37.1,3.4,3
TKT001664,CU01198,AG009,Chat,Delivery,2025-10-14 01:04:00,2.2,7.9,3
TKT001665,CU00163,AG028,Email,Refund,2025-05-28 21:01:00,89.4,12.5,4
TKT001666,CU02730,AG029,Chat,Refund,2025-02-08 16:23:00,3.4,39.6,3
TKT001667,CU02431,AG039,Phone,Technical Issue,2025-12-24 02:49:00,4.6,10.5,5
TKT001668,CU02961,AG029,Phone,Delivery,2025-10-11 13:20:00,1.5,60.4,3
TKT001669,CU00705,AG001,Social Media,Delivery,2025-10-30 06:53:00,71.8,8.9,4
TKT001670,CU01329,AG034,Email,Billing,2025-12-03 14:54:00,43.6,3.1,5
TKT001671,CU02706,AG017,Email,Billing,2025-09-13 12:10:00,74.6,0.7,3
TKT001672,CU03307,AG001,Web Form,Delivery,2025-12-29 17:50:00,42.0,59.7,1
TKT001673,CU03543,AG024,Phone,Product Inquiry,2025-07-08 14:36:00,2.4,4.3,4
TKT001674,CU00295,AG007,Chat,Product Inquiry,2025-07-24 17:33:00,5.6,9.3,4
TKT001675,CU01611,AG017,Phone,Account Access,2025-08-04 11:26:00,6.0,3.5,4
TKT001676,CU00044,AG019,Chat,Refund,2025-07-05 18:57:00,1.7,9.9,4
TKT001677,CU03275,AG003,Chat,Billing,2025-06-11 18:07:00,4.4,0.8,3
TKT001678,CU00492,AG035,Web Form,Refund,2025-05-01 15:00:00,32.2,10.6,4
TKT001679,CU03289,AG021,Email,Delivery,2025-10-18 09:01:00,116.6,62.9,1
TKT001680,CU00625,AG039,Chat,Product Inquiry,2025-04-30 22:53:00,3.2,7.4,3
TKT001681,CU00062,AG019,Email,Product Inquiry,2025-11-28 17:39:00,75.8,2.3,4
TKT001682,CU03516,AG024,Social Media,Billing,2025-10-01 18:30:00,131.2,28.3,2
TKT001683,CU01756,AG033,Social Media,Product Inquiry,2025-12-31 01:04:00,105.7,6.4,5
TKT001684,CU01700,AG009,Web Form,Delivery,2025-08-24 18:08:00,76.0,8.2,5
TKT001685,CU02587,AG037,Chat,Technical Issue,2025-08-07 09:53:00,5.4,18.4,4
TKT001686,CU01100,AG008,Chat,Technical Issue,2025-05-03 13:52:00,2.6,4.0,4
TKT001687,CU02764,AG040,Phone,Delivery,2025-09-06 16:47:00,4.3,2.3,5
TKT001688,CU01717,AG026,Email,Technical Issue,2025-07-31 11:52:00,61.4,56.0,1
TKT001689,CU01091,AG021,Email,Technical Issue,2025-05-26 09:43:00,157.2,65.5,2
TKT001690,CU01580,AG009,Email,Account Access,2025-01-25 13:45:00,107.5,5.4,4
TKT001691,CU00025,AG023,Web Form,Technical Issue,2025-01-04 10:50:00,51.4,40.7,5
TKT001692,CU01206,AG023,Chat,Billing,2025-03-26 14:27:00,1.5,21.9,3
TKT001693,CU02366,AG040,Email,Refund,2025-09-14 07:06:00,183.5,4.6,4
TKT001694,CU00552,AG034,Phone,Technical Issue,2025-12-02 11:07:00,2.3,11.8,5
TKT001695,CU00475,AG020,Email,Delivery,2025-12-07 14:37:00,157.3,0.9,5
TKT001696,CU02624,AG016,Email,Technical Issue,2025-07-11 22:11:00,78.9,4.4,5
TKT001697,CU01713,AG016,Email,Refund,2025-11-10 13:12:00,52.1,5.9,4
TKT001698,CU00547,AG016,Chat,Billing,2025-01-02 12:52:00,1.7,4.8,4
TKT001699,CU02992,AG001,Chat,Refund,2025-11-17 22:31:00,2.6,5.6,3
TKT001700,CU03102,AG002,Phone,Delivery,2025-12-18 20:28:00,2.6,3.0,2
TKT001701,CU00140,AG031,Email,Refund,2025-05-27 15:21:00,150.9,34.6,2
TKT001702,CU00807,AG011,Web Form,Account Access,2025-01-17 14:16:00,45.0,3.3,5
TKT001703,CU01482,AG017,Web Form,Account Access,2025-09-18 09:07:00,31.1,2.5,4
TKT001704,CU02926,AG028,Email,Technical Issue,2025-01-05 15:56:00,190.2,7.0,5
TKT001705,CU00297,AG025,Web Form,Account Access,2025-08-22 18:44:00,38.4,8.3,5
TKT001706,CU03223,AG015,Email,Account Access,2025-04-28 22:51:00,172.0,5.8,4
TKT001707,CU01278,AG031,Email,Account Access,2025-07-17 08:18:00,62.7,2.3,2
TKT001708,CU00502,AG007,Email,Technical Issue,2025-12-02 10:06:00,150.9,69.5,5
TKT001709,CU03454,AG019,Chat,Account Access,2025-02-25 19:07:00,2.8,36.7,3
TKT001710,CU00347,AG005,Chat,Billing,2025-01-13 18:58:00,2.4,5.5,4
TKT001711,CU00519,AG022,Chat,Account Access,2025-07-30 16:52:00,3.3,5.9,4
TKT001712,CU03799,AG004,Chat,Delivery,2025-09-12 07:55:00,2.9,16.2,3
TKT001713,CU02079,AG038,Chat,Billing,2025-04-19 16:08:00,2.4,2.6,4
TKT001714,CU01853,AG027,Social Media,Account Access,2025-03-01 12:25:00,143.3,11.3,2
TKT001715,CU02750,AG010,Chat,Billing,2025-09-14 11:12:00,1.6,2.1,4
TKT001716,CU02521,AG025,Chat,Delivery,2025-09-09 09:35:00,2.7,8.4,4
TKT001717,CU02455,AG014,Chat,Refund,2025-12-11 10:01:00,2.0,32.2,2
TKT001718,CU00094,AG021,Phone,Billing,2025-11-12 13:23:00,11.1,13.5,5
TKT001719,CU02207,AG007,Email,Technical Issue,2025-09-23 08:31:00,162.7,28.0,4
TKT001720,CU01115,AG021,Chat,Delivery,2025-01-08 13:16:00,1.0,1.0,3
TKT001721,CU03231,AG005,Social Media,Delivery,2025-04-05 05:49:00,103.4,9.0,4
TKT001722,CU02022,AG007,Social Media,Technical Issue,2025-08-28 11:04:00,53.3,44.8,4
TKT001723,CU00496,AG024,Social Media,Billing,2025-06-19 21:51:00,134.4,25.2,3
TKT001724,CU03545,AG021,Chat,Billing,2025-01-19 16:00:00,3.0,18.4,3
TKT001725,CU01138,AG012,Chat,Delivery,2025-07-26 06:44:00,1.4,6.2,4
TKT001726,CU01086,AG003,Phone,Technical Issue,2025-10-05 15:39:00,2.3,66.0,2
TKT001727,CU03746,AG017,Social Media,Delivery,2025-09-23 09:28:00,96.8,5.3,3
TKT001728,CU03101,AG038,Phone,Delivery,2025-12-03 12:02:00,2.4,7.3,3
TKT001729,CU03439,AG029,Chat,Refund,2025-02-23 10:53:00,1.3,2.7,2
TKT001730,CU02649,AG003,Email,Product Inquiry,2025-12-15 20:54:00,106.0,2.3,2
TKT001731,CU03642,AG038,Chat,Account Access,2025-07-11 05:46:00,2.8,55.1,1
TKT001732,CU00462,AG017,Social Media,Delivery,2025-04-22 19:57:00,39.8,1.5,4
TKT001733,CU02400,AG024,Email,Delivery,2025-11-10 16:53:00,92.5,4.5,4
TKT001734,CU01174,AG001,Social Media,Refund,2025-02-07 11:49:00,336.7,2.5,4
TKT001735,CU01594,AG013,Chat,Account Access,2025-01-11 19:14:00,5.9,0.3,4
TKT001736,CU00952,AG032,Phone,Technical Issue,2025-09-24 11:49:00,7.8,3.3,3
TKT001737,CU00821,AG014,Email,Product Inquiry,2025-09-23 16:36:00,143.4,12.9,5
TKT001738,CU01771,AG007,Email,Technical Issue,2025-02-03 17:04:00,211.7,7.6,5
TKT001739,CU03674,AG004,Social Media,Product Inquiry,2025-11-18 10:01:00,72.8,57.8,4
TKT001740,CU02542,AG037,Chat,Technical Issue,2025-11-03 06:15:00,1.0,3.7,4
TKT001741,CU01398,AG033,Chat,Account Access,2025-10-18 18:31:00,1.5,10.0,4
TKT001742,CU01734,AG002,Web Form,Product Inquiry,2025-05-23 09:58:00,42.4,11.7,4
TKT001743,CU02120,AG038,Web Form,Delivery,2025-12-07 20:52:00,55.9,1.5,5
TKT001744,CU00979,AG033,Phone,Account Access,2025-02-17 10:58:00,5.2,3.7,4
TKT001745,CU02085,AG015,Chat,Billing,2025-10-13 11:44:00,5.0,9.2,2
TKT001746,CU02784,AG027,Chat,Billing,2025-11-04 12:07:00,2.0,4.3,5
TKT001747,CU00973,AG011,Email,Technical Issue,2025-07-09 12:46:00,80.6,2.6,5
TKT001748,CU02338,AG010,Email,Account Access,2025-05-07 21:23:00,125.7,54.9,4
TKT001749,CU02834,AG029,Social Media,Billing,2025-06-24 09:19:00,128.3,1.1,5
TKT001750,CU02078,AG009,Email,Technical Issue,2025-01-18 14:31:00,131.6,31.9,4
TKT001751,CU01168,AG015,Social Media,Billing,2025-01-12 10:23:00,57.9,4.3,5
TKT001752,CU02218,AG015,Chat,Product Inquiry,2025-05-04 08:37:00,2.7,5.6,5
TKT001753,CU03173,AG007,Chat,Refund,2025-01-07 10:59:00,1.1,5.3,3
TKT001754,CU00888,AG034,Email,Billing,2025-08-20 14:19:00,86.4,42.6,4
TKT001755,CU02299,AG027,Chat,Product Inquiry,2025-08-22 14:16:00,2.5,4.1,3
TKT001756,CU02722,AG035,Email,Billing,2025-11-08 09:58:00,90.9,3.9,5
TKT001757,CU01286,AG021,Phone,Billing,2025-04-11 22:05:00,3.3,7.9,5
TKT001758,CU01551,AG008,Phone,Billing,2025-10-25 11:50:00,4.0,5.3,3
TKT001759,CU03556,AG012,Phone,Refund,2025-04-23 18:23:00,3.9,1.8,4
TKT001760,CU01454,AG015,Email,Technical Issue,2025-07-18 04:57:00,82.2,5.1,5
TKT001761,CU02393,AG038,Social Media,Technical Issue,2025-10-22 16:46:00,107.8,6.8,5
TKT001762,CU00599,AG010,Phone,Product Inquiry,2025-05-10 10:08:00,2.4,23.9,3
TKT001763,CU03704,AG028,Social Media,Delivery,2025-02-10 13:31:00,223.1,4.2,5
TKT001764,CU02388,AG005,Phone,Delivery,2025-10-25 18:15:00,3.2,46.3,3
TKT001765,CU03042,AG039,Email,Delivery,2025-04-14 16:02:00,195.6,41.7,3
TKT001766,CU02411,AG026,Phone,Delivery,2025-03-21 11:36:00,6.0,4.4,5
TKT001767,CU01422,AG018,Chat,Technical Issue,2025-09-08 16:39:00,1.6,11.8,4
TKT001768,CU01362,AG014,Chat,Delivery,2025-07-15 11:48:00,1.2,9.9,3
TKT001769,CU02805,AG015,Phone,Technical Issue,2025-01-12 06:44:00,6.0,10.6,3
TKT001770,CU03440,AG010,Chat,Technical Issue,2025-11-30 15:36:00,1.0,3.2,1
TKT001771,CU00511,AG024,Phone,Product Inquiry,2025-07-09 20:36:00,2.0,57.0,5
TKT001772,CU03382,AG035,Chat,Technical Issue,2025-04-09 06:36:00,2.8,25.5,1
TKT001773,CU03321,AG010,Phone,Technical Issue,2025-02-01 15:10:00,3.6,2.5,4
TKT001774,CU00437,AG030,Email,Billing,2025-09-08 18:38:00,94.9,55.5,2
TKT001775,CU00433,AG023,Web Form,Refund,2025-10-06 14:11:00,41.8,7.3,4
TKT001776,CU02781,AG031,Email,Product Inquiry,2025-10-01 13:34:00,90.4,7.4,3
TKT001777,CU03372,AG031,Email,Technical Issue,2025-08-20 09:24:00,464.6,9.6,5
TKT001778,CU01576,AG002,Social Media,Billing,2025-11-16 08:50:00,157.6,8.6,5
TKT001779,CU02563,AG001,Email,Delivery,2025-08-11 11:21:00,89.0,3.5,4
TKT001780,CU03999,AG037,Chat,Delivery,2025-03-30 15:00:00,1.7,12.9,5
TKT001781,CU01292,AG007,Chat,Technical Issue,2025-03-22 10:06:00,2.8,13.5,3
TKT001782,CU00901,AG023,Chat,Billing,2025-05-21 13:12:00,1.2,9.0,4
TKT001783,CU03967,AG031,Web Form,Account Access,2025-09-22 14:51:00,40.4,10.8,5
TKT001784,CU01123,AG021,Chat,Technical Issue,2025-01-09 09:45:00,1.7,59.1,1
TKT001785,CU01891,AG001,Phone,Delivery,2025-04-21 16:55:00,2.5,34.7,2
TKT001786,CU01769,AG001,Email,Billing,2025-06-07 15:44:00,255.9,32.5,4
TKT001787,CU02093,AG027,Email,Refund,2025-07-28 14:08:00,94.5,15.2,5
TKT001788,CU01075,AG036,Chat,Delivery,2025-02-23 13:02:00,1.9,4.8,5
TKT001789,CU02717,AG014,Chat,Delivery,2025-02-03 11:33:00,2.1,6.6,2
TKT001790,CU02768,AG022,Email,Delivery,2025-11-29 14:32:00,335.0,4.0,3
TKT001791,CU00803,AG038,Email,Technical Issue,2025-02-05 17:25:00,133.5,49.3,3
TKT001792,CU01924,AG034,Email,Technical Issue,2025-01-30 16:35:00,453.5,3.3,2
TKT001793,CU00230,AG022,Email,Account Access,2025-03-12 16:24:00,114.7,5.2,5
TKT001794,CU00884,AG027,Chat,Delivery,2025-05-06 09:14:00,1.8,8.0,4
TKT001795,CU03949,AG039,Email,Refund,2025-03-20 17:34:00,234.4,10.4,5
TKT001796,CU02026,AG032,Phone,Billing,2025-10-25 10:23:00,11.5,1.7,4
TKT001797,CU02491,AG017,Chat,Refund,2025-02-16 09:27:00,1.7,7.6,4
TKT001798,CU03556,AG028,Chat,Technical Issue,2025-02-20 07:49:00,3.9,2.1,3
TKT001799,CU02855,AG014,Email,Technical Issue,2025-02-13 18:27:00,223.1,2.7,4
TKT001800,CU03170,AG037,Email,Technical Issue,2025-08-27 15:56:00,92.1,9.4,5
TKT001801,CU02849,AG004,Chat,Product Inquiry,2025-11-17 18:08:00,2.0,25.7,3
TKT001802,CU01996,AG010,Email,Account Access,2025-03-01 14:39:00,136.9,5.5,5
TKT001803,CU02531,AG014,Email,Account Access,2025-07-22 18:42:00,79.4,3.7,4
TKT001804,CU01154,AG009,Email,Delivery,2025-05-16 14:05:00,153.2,9.5,3
TKT001805,CU03562,AG024,Email,Technical Issue,2025-08-16 15:34:00,146.3,28.2,2
TKT001806,CU00720,AG029,Email,Technical Issue,2025-08-26 05:43:00,172.0,7.5,3
TKT001807,CU03537,AG036,Chat,Technical Issue,2025-04-16 15:03:00,2.1,2.9,3
TKT001808,CU03514,AG021,Web Form,Technical Issue,2025-08-09 14:49:00,38.1,6.5,4
TKT001809,CU00570,AG025,Email,Billing,2025-01-21 09:22:00,537.6,8.4,3
TKT001810,CU02841,AG024,Email,Billing,2025-06-27 07:38:00,157.7,4.8,2
TKT001811,CU03959,AG001,Chat,Refund,2025-12-20 10:13:00,4.1,2.8,5
TKT001812,CU02289,AG029,Phone,Refund,2025-11-25 06:08:00,5.1,36.8,3
TKT001813,CU01362,AG001,Phone,Product Inquiry,2025-01-20 14:23:00,9.2,5.6,4
TKT001814,CU03518,AG022,Email,Technical Issue,2025-01-21 14:09:00,91.4,57.7,4
TKT001815,CU02051,AG040,Social Media,Account Access,2025-10-28 20:07:00,85.7,6.3,5
TKT001816,CU00487,AG032,Social Media,Technical Issue,2025-03-18 13:34:00,70.3,4.7,4
TKT001817,CU00998,AG021,Web Form,Technical Issue,2025-08-31 16:36:00,40.2,64.9,1
TKT001818,CU02730,AG013,Chat,Delivery,2025-07-18 15:55:00,2.3,3.8,4
TKT001819,CU01822,AG034,Web Form,Billing,2025-05-29 16:34:00,48.0,3.4,4
TKT001820,CU00867,AG035,Chat,Delivery,2025-04-23 10:32:00,1.0,4.7,4
TKT001821,CU03197,AG015,Phone,Refund,2025-09-30 12:35:00,3.4,5.0,4
TKT001822,CU00483,AG005,Phone,Technical Issue,2025-04-05 07:59:00,3.2,4.4,5
TKT001823,CU00877,AG024,Chat,Product Inquiry,2025-10-07 15:21:00,3.2,3.4,4
TKT001824,CU01863,AG026,Chat,Technical Issue,2025-03-26 10:41:00,1.0,15.2,4
TKT001825,CU00159,AG038,Email,Product Inquiry,2025-11-17 14:43:00,105.6,31.4,1
TKT001826,CU01550,AG036,Chat,Delivery,2025-09-13 20:10:00,1.3,12.5,2
TKT001827,CU03640,AG010,Chat,Technical Issue,2025-07-18 15:50:00,3.0,4.8,2
TKT001828,CU03765,AG011,Web Form,Billing,2025-02-06 09:25:00,40.7,43.7,2
TKT001829,CU03488,AG040,Chat,Technical Issue,2025-03-20 13:24:00,3.6,4.1,4
TKT001830,CU01296,AG014,Phone,Refund,2025-08-19 14:13:00,3.9,1.6,5
TKT001831,CU00260,AG019,Email,Technical Issue,2025-07-28 18:25:00,183.3,6.8,5
TKT001832,CU03260,AG013,Email,Refund,2025-02-07 17:34:00,257.2,10.6,3
TKT001833,CU01494,AG016,Chat,Billing,2025-02-06 10:53:00,1.0,55.7,5
TKT001834,CU02996,AG023,Phone,Product Inquiry,2025-08-10 20:18:00,3.5,40.2,3
TKT001835,CU00477,AG012,Chat,Billing,2025-05-18 08:36:00,2.5,23.6,5
TKT001836,CU02672,AG017,Chat,Delivery,2025-06-22 10:52:00,2.2,3.0,1
TKT001837,CU02346,AG015,Phone,Refund,2025-08-11 03:30:00,2.0,45.4,3
TKT001838,CU03682,AG005,Chat,Technical Issue,2025-11-07 10:11:00,2.9,7.8,2
TKT001839,CU00408,AG032,Social Media,Technical Issue,2025-04-02 11:44:00,92.4,28.0,1
TKT001840,CU01632,AG036,Chat,Account Access,2025-09-11 09:34:00,2.1,3.5,5
TKT001841,CU03960,AG020,Email,Delivery,2025-11-12 01:18:00,124.0,3.0,3
TKT001842,CU01559,AG009,Social Media,Refund,2025-11-30 01:51:00,15.6,9.1,5
TKT001843,CU02633,AG026,Email,Billing,2025-12-23 20:01:00,189.0,6.3,5
TKT001844,CU00644,AG022,Phone,Refund,2025-01-02 16:58:00,5.5,5.1,5
TKT001845,CU02914,AG023,Chat,Product Inquiry,2025-01-28 16:42:00,1.6,4.1,3
TKT001846,CU01104,AG024,Email,Delivery,2025-11-14 17:41:00,61.9,0.9,5
TKT001847,CU02289,AG029,Email,Technical Issue,2025-03-17 15:38:00,104.3,8.8,3
TKT001848,CU03520,AG002,Phone,Technical Issue,2025-04-16 06:59:00,6.9,18.4,2
TKT001849,CU02645,AG004,Chat,Product Inquiry,2025-06-22 20:25:00,1.6,12.6,5
TKT001850,CU01898,AG004,Email,Delivery,2025-08-28 12:59:00,141.7,64.2,3
TKT001851,CU00761,AG007,Email,Delivery,2025-01-14 12:02:00,116.5,12.1,3
TKT001852,CU01366,AG039,Chat,Product Inquiry,2025-08-25 19:55:00,2.4,8.4,5
TKT001853,CU03398,AG030,Chat,Technical Issue,2025-02-03 09:56:00,1.0,15.6,5
TKT001854,CU00865,AG027,Social Media,Delivery,2025-05-16 10:16:00,80.5,1.4,5
TKT001855,CU02626,AG028,Email,Delivery,2025-11-25 18:43:00,255.9,5.4,3
TKT001856,CU01940,AG002,Social Media,Refund,2025-02-15 13:23:00,54.3,16.6,3
TKT001857,CU01284,AG009,Social Media,Delivery,2025-01-17 12:23:00,77.4,2.2,4
TKT001858,CU02867,AG032,Email,Account Access,2025-06-23 21:31:00,249.8,44.4,2
TKT001859,CU01449,AG019,Web Form,Technical Issue,2025-04-01 19:12:00,82.9,38.5,4
TKT001860,CU01147,AG021,Social Media,Product Inquiry,2025-03-31 19:13:00,115.4,3.2,5
TKT001861,CU02118,AG031,Social Media,Delivery,2025-06-04 09:33:00,111.5,15.8,5
TKT001862,CU03031,AG004,Social Media,Billing,2025-03-04 18:59:00,110.5,3.2,3
TKT001863,CU03457,AG032,Chat,Product Inquiry,2025-01-08 15:01:00,1.8,4.8,4
TKT001864,CU02520,AG028,Chat,Billing,2025-12-04 15:27:00,3.7,4.9,4
TKT001865,CU02648,AG017,Phone,Billing,2025-10-23 05:27:00,3.1,4.3,4
TKT001866,CU03151,AG020,Web Form,Product Inquiry,2025-05-31 14:44:00,31.8,4.3,4
TKT001867,CU01077,AG003,Chat,Delivery,2025-10-30 09:59:00,1.0,2.6,5
TKT001868,CU01004,AG009,Email,Refund,2025-12-30 20:33:00,99.7,3.9,5
TKT001869,CU01936,AG010,Email,Refund,2025-05-25 14:44:00,99.0,36.9,1
TKT001870,CU02525,AG036,Chat,Account Access,2025-02-27 14:08:00,1.4,6.2,4
TKT001871,CU02584,AG005,Chat,Technical Issue,2025-03-15 09:59:00,1.0,5.5,3
TKT001872,CU00615,AG012,Social Media,Refund,2025-12-17 12:57:00,110.6,10.7,5
TKT001873,CU03123,AG006,Email,Account Access,2025-11-22 13:23:00,83.2,4.3,4
TKT001874,CU01456,AG012,Phone,Account Access,2025-09-13 17:43:00,5.4,1.3,1
TKT001875,CU03510,AG001,Email,Account Access,2025-09-05 14:05:00,208.1,9.8,5
TKT001876,CU02898,AG011,Email,Technical Issue,2025-04-22 07:34:00,576.4,2.4,4
TKT001877,CU03932,AG029,Web Form,Technical Issue,2025-07-11 12:57:00,42.8,4.1,4
TKT001878,CU02527,AG031,Chat,Delivery,2025-05-15 10:09:00,1.8,1.6,5
TKT001879,CU02110,AG016,Email,Refund,2025-05-24 13:51:00,92.9,37.2,2
TKT001880,CU00752,AG029,Email,Billing,2025-09-23 12:58:00,73.5,2.9,5
TKT001881,CU01595,AG025,Phone,Technical Issue,2025-07-16 02:33:00,3.2,43.5,3
TKT001882,CU03434,AG037,Social Media,Billing,2025-06-06 09:47:00,58.7,1.3,3
TKT001883,CU01529,AG033,Web Form,Delivery,2025-04-02 15:13:00,28.7,10.8,5
TKT001884,CU00214,AG010,Email,Technical Issue,2025-08-28 14:26:00,159.5,64.4,3
TKT001885,CU00981,AG024,Chat,Account Access,2025-06-14 05:44:00,1.1,45.4,4
TKT001886,CU02381,AG032,Web Form,Delivery,2025-01-19 14:25:00,75.1,44.3,4
TKT001887,CU02517,AG013,Phone,Billing,2025-09-08 13:01:00,6.4,1.7,4
TKT001888,CU03936,AG023,Web Form,Account Access,2025-05-03 08:49:00,34.2,31.3,4
TKT001889,CU03736,AG017,Chat,Refund,2025-05-31 00:54:00,4.3,8.3,4
TKT001890,CU02127,AG013,Email,Technical Issue,2025-12-27 10:35:00,174.6,8.2,3
TKT001891,CU02219,AG008,Email,Technical Issue,2025-09-08 17:41:00,134.5,52.9,4
TKT001892,CU03203,AG002,Phone,Technical Issue,2025-01-25 08:09:00,1.5,2.3,5
TKT001893,CU00195,AG030,Phone,Delivery,2025-09-27 20:10:00,1.6,5.9,5
TKT001894,CU02381,AG033,Email,Product Inquiry,2025-04-17 14:55:00,332.5,55.2,1
TKT001895,CU01897,AG027,Chat,Delivery,2025-10-03 16:09:00,4.1,46.9,3
TKT001896,CU03133,AG010,Chat,Product Inquiry,2025-05-08 22:56:00,4.8,4.1,4
TKT001897,CU03202,AG001,Chat,Delivery,2025-07-27 09:03:00,5.6,14.7,4
TKT001898,CU02623,AG026,Phone,Billing,2025-09-11 14:28:00,8.5,8.3,4
TKT001899,CU02630,AG008,Phone,Technical Issue,2025-03-09 10:46:00,4.6,58.3,1
TKT001900,CU02765,AG022,Email,Delivery,2025-02-19 06:05:00,190.5,4.9,3
TKT001901,CU02321,AG039,Phone,Delivery,2025-09-13 17:07:00,2.7,2.5,4
TKT001902,CU00912,AG001,Chat,Account Access,2025-01-27 01:44:00,2.3,3.9,5
TKT001903,CU01139,AG024,Email,Account Access,2025-10-27 18:31:00,211.0,28.4,3
TKT001904,CU02968,AG040,Chat,Billing,2025-06-08 17:48:00,3.0,3.3,4
TKT001905,CU02474,AG014,Web Form,Billing,2025-02-04 15:21:00,51.3,5.6,5
TKT001906,CU00952,AG033,Phone,Delivery,2025-10-06 14:44:00,1.3,36.4,4
TKT001907,CU03512,AG034,Chat,Delivery,2025-11-24 18:32:00,1.0,4.4,5
TKT001908,CU03923,AG020,Chat,Refund,2025-01-25 05:03:00,2.6,68.8,4
TKT001909,CU02505,AG013,Phone,Billing,2025-12-10 16:41:00,3.0,4.9,5
TKT001910,CU00912,AG028,Web Form,Refund,2025-06-01 08:55:00,79.3,5.2,5
TKT001911,CU03754,AG025,Phone,Billing,2025-09-01 02:12:00,2.0,18.0,3
TKT001912,CU00947,AG020,Email,Billing,2025-04-08 10:47:00,296.0,7.6,2
TKT001913,CU01730,AG008,Phone,Refund,2025-02-10 10:12:00,2.4,1.2,4
TKT001914,CU03435,AG030,Web Form,Product Inquiry,2025-12-27 08:55:00,123.9,5.5,4
TKT001915,CU02083,AG009,Chat,Product Inquiry,2025-08-27 16:20:00,1.0,10.5,5
TKT001916,CU00972,AG006,Email,Technical Issue,2025-04-04 14:38:00,195.1,7.2,4
TKT001917,CU00321,AG003,Chat,Billing,2025-05-10 20:56:00,1.2,5.7,2
TKT001918,CU01444,AG018,Chat,Delivery,2025-10-04 16:33:00,2.0,3.0,3
TKT001919,CU02689,AG005,Chat,Refund,2025-04-21 18:26:00,3.6,7.3,4
TKT001920,CU02859,AG014,Phone,Account Access,2025-09-09 19:29:00,6.6,4.0,5
TKT001921,CU00892,AG010,Chat,Technical Issue,2025-01-14 17:15:00,1.3,7.7,4
TKT001922,CU00635,AG019,Email,Account Access,2025-12-27 07:02:00,100.0,9.6,1
TKT001923,CU02806,AG032,Chat,Technical Issue,2025-09-22 08:31:00,1.0,11.6,4
TKT001924,CU00637,AG019,Chat,Billing,2025-05-03 11:47:00,1.0,9.7,3
TKT001925,CU00258,AG023,Social Media,Delivery,2025-07-26 10:10:00,56.9,35.9,2
TKT001926,CU01946,AG006,Phone,Technical Issue,2025-03-05 19:55:00,2.5,2.0,4
TKT001927,CU02284,AG005,Web Form,Delivery,2025-06-14 13:45:00,24.0,2.6,4
TKT001928,CU00975,AG040,Chat,Delivery,2025-05-09 19:39:00,1.8,5.0,4
TKT001929,CU00845,AG025,Phone,Billing,2025-05-22 11:19:00,3.9,8.8,5
TKT001930,CU00943,AG001,Email,Billing,2025-10-24 19:43:00,139.0,5.7,3
TKT001931,CU01372,AG023,Phone,Product Inquiry,2025-05-31 06:58:00,2.6,7.1,4
TKT001932,CU00037,AG001,Web Form,Account Access,2025-01-03 12:17:00,40.0,10.9,4
TKT001933,CU00048,AG004,Chat,Refund,2025-06-15 19:37:00,1.7,7.5,4
TKT001934,CU01482,AG015,Email,Billing,2025-01-19 12:25:00,219.4,27.1,5
TKT001935,CU00080,AG027,Email,Account Access,2025-06-24 16:36:00,96.5,16.2,4
TKT001936,CU01274,AG025,Chat,Product Inquiry,2025-09-05 11:15:00,1.0,8.7,4
TKT001937,CU02324,AG032,Chat,Technical Issue,2025-02-05 18:17:00,1.7,25.8,2
TKT001938,CU00125,AG008,Social Media,Technical Issue,2025-01-24 15:52:00,70.8,55.0,2
TKT001939,CU02472,AG008,Chat,Product Inquiry,2025-05-19 17:10:00,1.0,32.1,3
TKT001940,CU02485,AG022,Phone,Billing,2025-06-26 13:50:00,3.2,48.1,4
TKT001941,CU02294,AG035,Email,Billing,2025-01-24 15:04:00,86.1,36.2,2
TKT001942,CU02507,AG029,Email,Product Inquiry,2025-04-29 13:53:00,134.1,12.0,5
TKT001943,CU03237,AG027,Email,Technical Issue,2025-10-11 14:51:00,176.4,4.9,5
TKT001944,CU00284,AG004,Phone,Delivery,2025-07-28 15:55:00,3.0,54.4,2
TKT001945,CU00676,AG036,Phone,Refund,2025-07-10 07:58:00,5.3,10.1,5
TKT001946,CU01269,AG040,Phone,Refund,2025-02-08 17:57:00,3.4,2.2,4
TKT001947,CU02753,AG024,Social Media,Billing,2025-10-19 11:12:00,77.8,9.5,4
TKT001948,CU03492,AG014,Email,Technical Issue,2025-08-05 01:52:00,118.1,0.9,5
TKT001949,CU03675,AG027,Chat,Refund,2025-06-06 15:59:00,1.8,2.3,4
TKT001950,CU02329,AG026,Phone,Refund,2025-08-13 14:32:00,1.9,47.4,5
TKT001951,CU01641,AG038,Chat,Technical Issue,2025-02-25 16:36:00,1.0,61.0,2
TKT001952,CU01648,AG005,Chat,Billing,2025-09-05 23:52:00,3.7,27.8,3
TKT001953,CU00240,AG021,Email,Account Access,2025-04-20 12:47:00,157.3,10.0,4
TKT001954,CU01861,AG029,Email,Technical Issue,2025-01-15 21:47:00,103.9,6.2,5
TKT001955,CU02052,AG014,Phone,Refund,2025-03-27 14:59:00,7.2,2.9,4
TKT001956,CU00834,AG034,Chat,Product Inquiry,2025-05-14 11:50:00,9.7,4.8,4
TKT001957,CU03072,AG003,Social Media,Billing,2025-06-10 15:58:00,39.4,7.4,3
TKT001958,CU03248,AG005,Chat,Product Inquiry,2025-03-25 09:55:00,2.0,4.5,1
TKT001959,CU01209,AG032,Web Form,Refund,2025-10-15 21:34:00,79.4,21.2,5
TKT001960,CU03657,AG006,Email,Delivery,2025-04-07 12:35:00,57.1,34.9,1
TKT001961,CU00429,AG017,Chat,Product Inquiry,2025-02-12 01:31:00,1.0,41.2,3
TKT001962,CU03643,AG012,Chat,Billing,2025-03-23 15:19:00,3.4,11.5,4
TKT001963,CU03073,AG028,Email,Product Inquiry,2025-05-27 07:40:00,135.9,32.9,3
TKT001964,CU00896,AG001,Chat,Technical Issue,2025-01-17 07:36:00,1.4,32.9,2
TKT001965,CU02601,AG015,Phone,Account Access,2025-02-03 02:13:00,1.6,12.5,4
TKT001966,CU01243,AG040,Phone,Account Access,2025-02-27 19:51:00,4.8,10.3,2
TKT001967,CU03199,AG015,Chat,Technical Issue,2025-05-23 03:23:00,1.0,2.3,3
TKT001968,CU00643,AG024,Email,Delivery,2025-12-14 13:27:00,79.9,25.7,2
TKT001969,CU00980,AG040,Web Form,Account Access,2025-08-01 13:49:00,32.5,3.8,5
TKT001970,CU01229,AG025,Social Media,Billing,2025-01-30 19:36:00,74.7,5.8,3
TKT001971,CU00799,AG031,Phone,Account Access,2025-01-26 19:06:00,2.2,4.6,4
TKT001972,CU01332,AG039,Chat,Technical Issue,2025-02-07 20:18:00,1.2,11.1,4
TKT001973,CU02411,AG025,Chat,Technical Issue,2025-01-25 11:27:00,3.4,4.6,5
TKT001974,CU02533,AG034,Phone,Technical Issue,2025-07-04 12:43:00,4.4,32.2,5
TKT001975,CU02216,AG021,Chat,Product Inquiry,2025-09-24 18:18:00,2.0,39.3,1
TKT001976,CU00759,AG033,Chat,Delivery,2025-06-08 07:28:00,2.5,4.3,5
TKT001977,CU00810,AG026,Email,Account Access,2025-05-29 07:34:00,78.2,6.0,5
TKT001978,CU03678,AG014,Phone,Delivery,2025-08-06 20:32:00,4.9,4.4,5
TKT001979,CU01006,AG023,Phone,Delivery,2025-05-09 03:11:00,5.1,46.6,2
TKT001980,CU00413,AG014,Chat,Technical Issue,2025-10-23 11:30:00,1.1,3.6,4
TKT001981,CU01816,AG016,Web Form,Technical Issue,2025-09-08 09:55:00,76.4,6.9,5
TKT001982,CU00028,AG012,Phone,Account Access,2025-12-25 06:39:00,4.6,6.1,4
TKT001983,CU01371,AG020,Email,Technical Issue,2025-01-31 21:47:00,161.7,7.5,4
TKT001984,CU03420,AG014,Chat,Refund,2025-06-08 08:43:00,5.0,5.6,5
TKT001985,CU01070,AG026,Chat,Technical Issue,2025-11-10 12:04:00,2.1,4.3,4
TKT001986,CU02816,AG015,Email,Account Access,2025-09-03 09:27:00,84.2,2.8,5
TKT001987,CU01960,AG020,Chat,Billing,2025-10-11 13:19:00,2.1,4.5,4
TKT001988,CU01422,AG006,Chat,Delivery,2025-06-20 17:30:00,2.0,7.6,3
TKT001989,CU02647,AG016,Chat,Product Inquiry,2025-05-23 15:02:00,1.1,2.9,4
TKT001990,CU02382,AG015,Email,Billing,2025-10-02 14:13:00,46.0,3.6,5
TKT001991,CU01273,AG039,Web Form,Technical Issue,2025-06-21 13:07:00,53.1,6.9,4
TKT001992,CU00895,AG018,Social Media,Delivery,2025-05-29 08:03:00,151.2,6.8,5
TKT001993,CU03668,AG001,Chat,Technical Issue,2025-05-26 11:25:00,3.4,2.8,5
TKT001994,CU00674,AG013,Web Form,Technical Issue,2025-02-15 19:46:00,64.2,7.8,4
TKT001995,CU03838,AG030,Chat,Delivery,2025-10-14 17:19:00,4.7,7.0,5
TKT001996,CU01885,AG007,Chat,Technical Issue,2025-11-07 06:46:00,2.2,26.1,5
TKT001997,CU03987,AG007,Chat,Technical Issue,2025-01-11 18:31:00,1.8,2.7,3
TKT001998,CU01413,AG015,Web Form,Billing,2025-05-27 18:40:00,61.5,16.3,4
TKT001999,CU02263,AG015,Email,Billing,2025-09-03 17:17:00,93.5,36.3,2
TKT002000,CU02461,AG020,Chat,Product Inquiry,2025-02-24 17:25:00,1.0,1.4,3
TKT002001,CU01355,AG002,Social Media,Billing,2025-04-21 22:19:00,52.5,67.5,2
TKT002002,CU00873,AG029,Social Media,Billing,2025-12-18 05:25:00,69.1,53.5,3
TKT002003,CU02082,AG009,Email,Delivery,2025-10-12 11:57:00,225.4,51.5,4
TKT002004,CU02652,AG029,Phone,Refund,2025-11-17 21:06:00,1.8,40.1,2
TKT002005,CU01046,AG023,Phone,Billing,2025-12-26 14:52:00,2.3,70.2,5
TKT002006,CU03068,AG009,Web Form,Delivery,2025-09-06 15:55:00,85.6,7.7,3
TKT002007,CU02556,AG019,Email,Delivery,2025-04-12 11:00:00,115.1,29.4,4
TKT002008,CU00667,AG002,Web Form,Billing,2025-12-14 09:24:00,49.3,9.3,5
TKT002009,CU03755,AG029,Web Form,Technical Issue,2025-06-12 22:36:00,44.8,13.4,5
TKT002010,CU00176,AG013,Web Form,Delivery,2025-07-16 11:17:00,159.2,12.6,4
TKT002011,CU02615,AG016,Chat,Technical Issue,2025-07-19 14:08:00,2.7,21.5,5
TKT002012,CU01759,AG007,Email,Billing,2025-07-20 09:23:00,160.8,16.2,5
TKT002013,CU02616,AG015,Email,Account Access,2025-07-21 21:47:00,156.1,8.7,4
TKT002014,CU03097,AG016,Social Media,Technical Issue,2025-10-11 09:28:00,112.7,45.8,1
TKT002015,CU02749,AG009,Email,Technical Issue,2025-02-27 19:50:00,386.9,6.6,5
TKT002016,CU02604,AG040,Chat,Billing,2025-06-11 10:22:00,1.6,31.0,4
TKT002017,CU03364,AG012,Email,Refund,2025-08-01 20:39:00,153.6,3.9,5
TKT002018,CU02808,AG008,Social Media,Delivery,2025-07-23 11:46:00,91.5,4.7,4
TKT002019,CU03255,AG022,Email,Billing,2025-09-22 18:40:00,230.1,56.9,3
TKT002020,CU01612,AG013,Chat,Billing,2025-05-03 14:26:00,5.1,1.9,4
TKT002021,CU00812,AG019,Chat,Product Inquiry,2025-12-11 07:51:00,1.4,3.8,5
TKT002022,CU00940,AG030,Chat,Delivery,2025-01-06 10:10:00,2.6,2.9,1
TKT002023,CU02449,AG004,Phone,Delivery,2025-09-22 16:06:00,4.4,13.6,5
TKT002024,CU02128,AG021,Chat,Technical Issue,2025-03-03 15:02:00,1.0,2.3,4
TKT002025,CU00309,AG001,Web Form,Technical Issue,2025-08-09 11:42:00,93.8,46.2,3
TKT002026,CU00818,AG002,Chat,Billing,2025-01-09 09:21:00,4.7,3.6,4
TKT002027,CU03871,AG004,Phone,Refund,2025-03-27 18:07:00,6.3,4.8,5
TKT002028,CU02905,AG007,Chat,Product Inquiry,2025-05-23 15:11:00,1.4,8.2,4
TKT002029,CU03020,AG014,Chat,Technical Issue,2025-02-05 15:02:00,1.0,7.6,5
TKT002030,CU00788,AG038,Chat,Delivery,2025-04-30 13:24:00,2.8,6.8,5
TKT002031,CU00257,AG037,Web Form,Refund,2025-08-20 11:38:00,30.4,64.5,2
TKT002032,CU01166,AG005,Chat,Refund,2025-03-01 11:15:00,1.2,57.1,4
TKT002033,CU03428,AG040,Email,Billing,2025-08-17 03:16:00,157.1,0.5,5
TKT002034,CU02027,AG026,Email,Technical Issue,2025-06-20 20:58:00,209.8,9.0,4
TKT002035,CU03139,AG023,Email,Product Inquiry,2025-11-03 11:02:00,116.4,6.8,4
TKT002036,CU01947,AG032,Email,Billing,2025-08-21 13:50:00,125.0,25.4,5
TKT002037,CU01961,AG020,Email,Technical Issue,2025-06-12 11:03:00,131.6,2.7,4
TKT002038,CU02404,AG011,Web Form,Technical Issue,2025-10-29 11:47:00,33.2,6.0,4
TKT002039,CU03836,AG022,Chat,Account Access,2025-03-04 15:58:00,1.6,7.5,5
TKT002040,CU01750,AG030,Web Form,Technical Issue,2025-07-27 15:18:00,22.6,55.8,1
TKT002041,CU02384,AG028,Chat,Account Access,2025-03-24 17:13:00,3.0,2.0,3
TKT002042,CU03678,AG007,Email,Product Inquiry,2025-06-14 06:14:00,648.8,41.7,2
TKT002043,CU01490,AG038,Chat,Account Access,2025-06-23 19:24:00,2.1,6.8,3
TKT002044,CU03360,AG012,Email,Product Inquiry,2025-08-07 21:16:00,269.5,2.9,4
TKT002045,CU02141,AG033,Phone,Product Inquiry,2025-04-24 22:15:00,3.5,4.8,4
TKT002046,CU03517,AG013,Chat,Refund,2025-08-30 08:10:00,1.0,4.9,2
TKT002047,CU01872,AG003,Phone,Account Access,2025-03-07 13:56:00,13.8,3.3,4
TKT002048,CU02519,AG040,Chat,Refund,2025-03-03 20:17:00,1.3,6.9,1
TKT002049,CU01294,AG024,Email,Account Access,2025-02-09 16:04:00,235.7,67.6,4
TKT002050,CU02541,AG009,Email,Technical Issue,2025-06-25 06:18:00,157.7,6.9,5
TKT002051,CU01305,AG001,Email,Product Inquiry,2025-05-31 18:32:00,269.0,68.8,5
TKT002052,CU02437,AG006,Phone,Account Access,2025-10-29 18:06:00,3.9,3.8,5
TKT002053,CU03156,AG007,Chat,Product Inquiry,2025-05-04 17:28:00,1.1,17.8,5
TKT002054,CU01740,AG038,Chat,Billing,2025-08-01 11:59:00,1.4,3.6,1
TKT002055,CU01717,AG008,Email,Billing,2025-12-19 15:41:00,510.5,2.0,2
TKT002056,CU01289,AG007,Social Media,Delivery,2025-08-13 16:20:00,107.3,4.8,4
TKT002057,CU02922,AG034,Email,Delivery,2025-11-09 11:53:00,463.7,0.8,3
TKT002058,CU02369,AG036,Phone,Billing,2025-07-05 17:19:00,3.3,23.9,3
TKT002059,CU02066,AG009,Phone,Refund,2025-03-08 10:00:00,5.9,1.6,4
TKT002060,CU00103,AG027,Email,Account Access,2025-06-14 08:14:00,69.1,2.9,5
TKT002061,CU00441,AG022,Web Form,Technical Issue,2025-10-02 18:00:00,55.9,36.5,3
TKT002062,CU00030,AG024,Chat,Delivery,2025-02-12 10:29:00,6.8,7.4,5
TKT002063,CU03401,AG013,Phone,Technical Issue,2025-06-25 05:22:00,2.6,1.4,4
TKT002064,CU03407,AG031,Web Form,Account Access,2025-07-09 18:04:00,37.6,23.9,4
TKT002065,CU00272,AG036,Phone,Technical Issue,2025-12-05 17:24:00,6.3,45.2,3
TKT002066,CU00186,AG030,Chat,Technical Issue,2025-12-23 17:11:00,2.1,48.4,1
TKT002067,CU03126,AG037,Phone,Product Inquiry,2025-08-10 10:53:00,11.3,18.1,4
TKT002068,CU02100,AG005,Chat,Technical Issue,2025-03-19 14:36:00,1.8,7.4,5
TKT002069,CU01236,AG027,Chat,Delivery,2025-03-16 01:16:00,2.1,4.6,4
TKT002070,CU02460,AG040,Chat,Delivery,2025-08-07 00:45:00,2.4,27.0,3
TKT002071,CU00946,AG022,Chat,Technical Issue,2025-03-13 09:50:00,1.1,6.1,4
TKT002072,CU00793,AG038,Email,Product Inquiry,2025-09-03 13:46:00,68.5,45.5,4
TKT002073,CU01470,AG014,Phone,Technical Issue,2025-12-20 14:05:00,1.9,1.6,5
TKT002074,CU03583,AG036,Phone,Account Access,2025-03-10 08:30:00,1.0,6.4,5
TKT002075,CU03069,AG038,Email,Refund,2025-12-02 18:04:00,133.6,4.2,1
TKT002076,CU00761,AG025,Email,Delivery,2025-01-15 21:37:00,68.5,48.6,5
TKT002077,CU02247,AG029,Email,Billing,2025-06-26 07:44:00,104.1,11.8,4
TKT002078,CU03539,AG021,Email,Refund,2025-05-21 18:01:00,245.3,14.0,3
TKT002079,CU03807,AG013,Email,Product Inquiry,2025-07-25 14:45:00,83.2,9.9,3
TKT002080,CU03052,AG022,Chat,Account Access,2025-06-26 13:14:00,2.9,61.2,3
TKT002081,CU00516,AG039,Phone,Delivery,2025-07-19 13:05:00,1.7,9.7,5
TKT002082,CU00963,AG001,Chat,Billing,2025-02-14 16:16:00,1.4,2.9,5
TKT002083,CU00875,AG009,Web Form,Billing,2025-10-06 09:59:00,143.3,4.8,5
TKT002084,CU00603,AG020,Email,Billing,2025-12-11 14:17:00,110.6,9.5,4
TKT002085,CU00702,AG014,Email,Technical Issue,2025-06-23 09:04:00,284.3,39.8,3
TKT002086,CU01265,AG025,Chat,Delivery,2025-11-09 07:04:00,7.3,2.7,5
TKT002087,CU02223,AG015,Chat,Technical Issue,2025-02-14 14:53:00,1.6,6.7,5
TKT002088,CU01592,AG027,Email,Technical Issue,2025-09-25 09:39:00,97.1,2.5,3
TKT002089,CU01684,AG005,Email,Billing,2025-04-29 16:11:00,42.7,38.6,3
TKT002090,CU00984,AG014,Social Media,Technical Issue,2025-09-02 15:37:00,105.7,9.8,3
TKT002091,CU00605,AG028,Email,Account Access,2025-07-27 09:01:00,172.5,35.8,4
TKT002092,CU03996,AG019,Web Form,Account Access,2025-01-17 18:40:00,84.0,51.4,3
TKT002093,CU02396,AG029,Web Form,Technical Issue,2025-05-09 10:51:00,118.2,5.1,4
TKT002094,CU00919,AG026,Chat,Technical Issue,2025-06-08 16:46:00,1.1,7.3,4
TKT002095,CU03240,AG014,Phone,Technical Issue,2025-10-24 09:11:00,11.2,5.6,5
TKT002096,CU03323,AG018,Chat,Account Access,2025-02-10 09:21:00,1.7,3.5,3
TKT002097,CU03868,AG039,Web Form,Billing,2025-12-12 18:31:00,67.2,9.6,5
TKT002098,CU00637,AG039,Phone,Delivery,2025-01-18 20:04:00,3.9,0.9,4
TKT002099,CU02560,AG002,Web Form,Delivery,2025-03-30 11:49:00,36.0,60.1,2
TKT002100,CU03921,AG029,Email,Billing,2025-02-21 10:36:00,72.4,13.8,5
TKT002101,CU03227,AG020,Web Form,Technical Issue,2025-11-21 16:09:00,61.7,72.0,2
TKT002102,CU00903,AG001,Email,Billing,2025-07-27 09:45:00,82.4,32.3,3
TKT002103,CU03573,AG026,Chat,Billing,2025-09-19 18:44:00,1.8,1.2,4
TKT002104,CU01687,AG001,Email,Billing,2025-09-09 01:09:00,111.6,4.1,4
TKT002105,CU01956,AG013,Web Form,Product Inquiry,2025-08-03 08:31:00,45.1,10.6,3
TKT002106,CU02235,AG028,Chat,Technical Issue,2025-04-20 07:18:00,1.0,15.7,5
TKT002107,CU03086,AG033,Email,Billing,2025-02-17 10:15:00,24.5,7.5,4
TKT002108,CU00482,AG017,Chat,Refund,2025-06-09 18:48:00,3.2,3.7,5
TKT002109,CU02158,AG033,Email,Product Inquiry,2025-05-30 15:02:00,260.0,13.6,5
TKT002110,CU03268,AG034,Chat,Billing,2025-06-09 07:25:00,1.0,13.4,3
TKT002111,CU02195,AG018,Chat,Account Access,2025-12-30 06:15:00,2.5,8.0,5
TKT002112,CU01099,AG007,Email,Technical Issue,2025-02-16 10:19:00,157.8,56.7,4
TKT002113,CU00226,AG027,Email,Refund,2025-08-25 15:25:00,67.6,4.0,5
TKT002114,CU02198,AG001,Email,Account Access,2025-02-27 14:34:00,229.4,4.6,5
TKT002115,CU02814,AG036,Chat,Account Access,2025-08-04 07:22:00,3.7,2.9,4
TKT002116,CU02199,AG016,Phone,Billing,2025-09-04 16:32:00,7.2,8.6,5
TKT002117,CU03918,AG031,Phone,Billing,2025-01-14 15:43:00,10.4,5.5,4
TKT002118,CU02411,AG030,Chat,Delivery,2025-06-18 22:10:00,3.5,4.2,5
TKT002119,CU02033,AG019,Social Media,Technical Issue,2025-04-28 14:24:00,57.0,49.4,3
TKT002120,CU00222,AG039,Email,Account Access,2025-06-27 10:32:00,141.3,2.0,5
TKT002121,CU02235,AG032,Web Form,Technical Issue,2025-06-28 07:22:00,68.0,55.1,3
TKT002122,CU00675,AG036,Phone,Delivery,2025-06-22 20:33:00,9.2,13.9,4
TKT002123,CU02899,AG004,Chat,Technical Issue,2025-08-23 04:48:00,1.7,60.6,1
TKT002124,CU00645,AG020,Social Media,Product Inquiry,2025-03-15 11:36:00,63.6,3.4,4
TKT002125,CU03627,AG039,Social Media,Account Access,2025-11-09 13:27:00,36.2,3.6,5
TKT002126,CU01209,AG033,Chat,Billing,2025-11-04 14:39:00,3.2,2.3,5
TKT002127,CU01736,AG019,Web Form,Billing,2025-06-17 14:59:00,61.7,7.5,5
TKT002128,CU00580,AG003,Chat,Account Access,2025-11-28 16:01:00,1.2,4.1,5
TKT002129,CU00843,AG012,Chat,Billing,2025-04-11 08:34:00,3.1,14.9,4
TKT002130,CU03688,AG023,Email,Billing,2025-03-17 16:00:00,116.1,18.9,3
TKT002131,CU01135,AG026,Chat,Technical Issue,2025-04-13 19:56:00,1.0,27.2,5
TKT002132,CU02052,AG037,Phone,Billing,2025-10-13 03:44:00,8.3,8.1,3
TKT002133,CU03926,AG004,Web Form,Refund,2025-02-20 04:52:00,17.7,4.9,5
TKT002134,CU02495,AG016,Social Media,Technical Issue,2025-04-22 22:34:00,97.4,4.3,4
TKT002135,CU00167,AG011,Chat,Refund,2025-02-23 10:24:00,1.9,10.9,3
TKT002136,CU01430,AG039,Email,Refund,2025-06-12 12:00:00,56.8,9.6,3
TKT002137,CU01548,AG007,Phone,Delivery,2025-04-22 10:36:00,4.8,18.0,4
TKT002138,CU01105,AG009,Chat,Technical Issue,2025-10-26 14:54:00,1.4,35.0,3
TKT002139,CU00965,AG012,Social Media,Account Access,2025-10-07 16:08:00,227.2,21.0,4
TKT002140,CU02013,AG005,Email,Refund,2025-11-19 16:14:00,243.2,56.8,2
TKT002141,CU01509,AG026,Chat,Billing,2025-05-31 11:31:00,2.3,42.9,3
TKT002142,CU01178,AG021,Chat,Billing,2025-07-13 09:32:00,1.0,2.5,5
TKT002143,CU01652,AG023,Phone,Billing,2025-11-10 14:25:00,2.9,46.5,2
TKT002144,CU01375,AG037,Web Form,Billing,2025-09-18 11:08:00,38.8,3.7,5
TKT002145,CU00915,AG018,Phone,Technical Issue,2025-12-13 15:29:00,7.8,5.3,5
TKT002146,CU01812,AG013,Email,Technical Issue,2025-12-25 14:30:00,154.4,2.7,5
TKT002147,CU03770,AG016,Phone,Delivery,2025-01-28 19:11:00,4.8,13.2,5
TKT002148,CU02023,AG033,Chat,Account Access,2025-03-27 00:36:00,3.5,56.8,2
TKT002149,CU02391,AG022,Phone,Technical Issue,2025-09-17 07:51:00,9.8,54.9,1
TKT002150,CU03938,AG007,Email,Product Inquiry,2025-02-05 17:05:00,312.3,27.4,5
TKT002151,CU02455,AG028,Chat,Billing,2025-02-01 14:04:00,2.7,22.4,3
TKT002152,CU00894,AG030,Chat,Technical Issue,2025-02-20 06:34:00,1.7,54.7,2
TKT002153,CU01594,AG010,Phone,Technical Issue,2025-01-27 20:46:00,5.1,2.7,5
TKT002154,CU01952,AG023,Phone,Billing,2025-08-31 15:06:00,3.9,4.4,5
TKT002155,CU01900,AG023,Chat,Account Access,2025-04-11 13:56:00,3.1,8.3,5
TKT002156,CU00599,AG008,Web Form,Technical Issue,2025-12-11 17:28:00,40.2,6.9,2
TKT002157,CU00424,AG001,Chat,Refund,2025-02-07 14:06:00,3.3,51.1,3
TKT002158,CU01400,AG029,Social Media,Refund,2025-06-16 11:26:00,92.3,9.4,4
TKT002159,CU03658,AG025,Chat,Billing,2025-08-30 10:26:00,2.5,8.7,4
TKT002160,CU02870,AG029,Chat,Delivery,2025-05-12 12:23:00,1.0,7.6,3
TKT002161,CU03367,AG016,Social Media,Account Access,2025-09-19 13:35:00,77.4,11.6,5
TKT002162,CU00698,AG021,Phone,Refund,2025-11-03 16:14:00,5.1,45.0,2
TKT002163,CU01658,AG040,Email,Billing,2025-08-22 12:59:00,126.6,43.8,4
TKT002164,CU02326,AG010,Chat,Delivery,2025-08-10 02:17:00,1.0,2.6,4
TKT002165,CU01738,AG027,Social Media,Technical Issue,2025-07-30 15:51:00,45.7,48.0,4
TKT002166,CU01667,AG006,Chat,Technical Issue,2025-12-29 06:49:00,2.4,9.8,5
TKT002167,CU01440,AG003,Chat,Refund,2025-10-13 18:24:00,4.6,0.6,5
TKT002168,CU00207,AG039,Chat,Billing,2025-01-22 16:11:00,1.8,53.5,3
TKT002169,CU03429,AG006,Email,Billing,2025-10-09 14:58:00,107.0,23.9,4
TKT002170,CU03733,AG027,Phone,Technical Issue,2025-03-02 12:34:00,7.1,22.1,3
TKT002171,CU00324,AG021,Chat,Refund,2025-11-14 08:19:00,2.0,2.1,3
TKT002172,CU01655,AG033,Email,Billing,2025-04-29 15:09:00,210.7,59.9,3
TKT002173,CU02072,AG022,Phone,Technical Issue,2025-09-11 07:20:00,3.4,16.0,4
TKT002174,CU03136,AG028,Phone,Account Access,2025-09-27 14:39:00,3.2,1.4,4
TKT002175,CU03947,AG036,Email,Technical Issue,2025-05-10 08:30:00,220.0,13.8,3
TKT002176,CU01666,AG034,Email,Technical Issue,2025-12-18 14:03:00,202.7,49.5,2
TKT002177,CU02996,AG029,Chat,Delivery,2025-07-11 08:46:00,1.7,64.6,4
TKT002178,CU03750,AG007,Chat,Product Inquiry,2025-06-04 07:19:00,1.1,14.7,4
TKT002179,CU03322,AG007,Email,Delivery,2025-06-29 12:11:00,55.9,25.7,4
TKT002180,CU01162,AG020,Email,Technical Issue,2025-04-23 16:41:00,60.1,60.3,1
TKT002181,CU03270,AG027,Phone,Billing,2025-02-09 09:44:00,2.8,11.5,5
TKT002182,CU01649,AG027,Chat,Refund,2025-12-25 13:49:00,2.4,6.9,4
TKT002183,CU00071,AG032,Web Form,Billing,2025-10-24 17:00:00,22.0,5.4,3
TKT002184,CU03036,AG005,Web Form,Delivery,2025-10-25 14:23:00,22.8,44.3,2
TKT002185,CU03342,AG007,Web Form,Account Access,2025-11-30 14:15:00,67.7,2.6,5
TKT002186,CU01375,AG006,Chat,Refund,2025-08-12 09:34:00,4.7,9.1,3
TKT002187,CU01804,AG022,Chat,Billing,2025-12-26 07:58:00,3.6,2.4,4
TKT002188,CU01458,AG026,Email,Product Inquiry,2025-12-26 08:07:00,50.8,71.7,4
TKT002189,CU00469,AG005,Chat,Billing,2025-04-01 21:39:00,2.5,3.5,3
TKT002190,CU03980,AG035,Email,Delivery,2025-06-10 07:26:00,236.8,51.4,2
TKT002191,CU00091,AG013,Phone,Technical Issue,2025-02-04 08:27:00,3.0,4.4,5
TKT002192,CU02223,AG027,Chat,Account Access,2025-09-14 09:56:00,1.8,5.9,5
TKT002193,CU00060,AG031,Phone,Billing,2025-02-10 17:43:00,4.8,1.3,4
TKT002194,CU02758,AG002,Social Media,Technical Issue,2025-10-06 11:05:00,117.7,4.8,4
TKT002195,CU03604,AG035,Chat,Billing,2025-10-21 17:26:00,2.5,2.9,5
TKT002196,CU02574,AG039,Social Media,Technical Issue,2025-05-31 12:44:00,134.0,5.2,4
TKT002197,CU02425,AG039,Chat,Product Inquiry,2025-08-19 17:06:00,2.3,4.0,4
TKT002198,CU03312,AG006,Phone,Refund,2025-12-13 19:30:00,2.8,2.0,3
TKT002199,CU03897,AG016,Phone,Delivery,2025-10-03 12:29:00,3.1,4.2,4
TKT002200,CU03448,AG010,Web Form,Billing,2025-06-10 22:04:00,35.8,0.6,3
TKT002201,CU00926,AG019,Chat,Technical Issue,2025-11-27 20:57:00,1.6,3.7,4
TKT002202,CU02254,AG039,Email,Billing,2025-01-15 01:22:00,190.7,23.9,4
TKT002203,CU03276,AG031,Chat,Technical Issue,2025-03-24 14:16:00,1.3,8.2,4
TKT002204,CU01179,AG031,Chat,Account Access,2025-04-30 15:05:00,3.6,6.8,3
TKT002205,CU02701,AG017,Social Media,Refund,2025-05-13 18:03:00,52.3,45.4,1
TKT002206,CU00092,AG038,Chat,Technical Issue,2025-09-03 15:11:00,2.2,8.3,4
TKT002207,CU03510,AG037,Chat,Technical Issue,2025-10-17 15:44:00,3.2,25.1,1
TKT002208,CU02458,AG033,Social Media,Technical Issue,2025-01-20 10:16:00,115.2,44.3,3
TKT002209,CU02973,AG033,Email,Billing,2025-04-05 17:27:00,50.7,11.9,4
TKT002210,CU03302,AG027,Web Form,Technical Issue,2025-10-26 06:39:00,59.2,66.1,3
TKT002211,CU00876,AG004,Web Form,Billing,2025-07-04 15:20:00,36.7,4.0,5
TKT002212,CU01803,AG012,Social Media,Technical Issue,2025-04-24 09:24:00,43.5,47.7,4
TKT002213,CU03435,AG031,Chat,Technical Issue,2025-06-11 17:29:00,2.3,4.3,3
TKT002214,CU00659,AG014,Email,Delivery,2025-08-10 17:54:00,70.4,7.0,4
TKT002215,CU03290,AG007,Email,Product Inquiry,2025-08-06 08:55:00,160.2,14.3,4
TKT002216,CU01153,AG038,Phone,Technical Issue,2025-10-30 17:17:00,8.9,12.4,4
TKT002217,CU02303,AG020,Chat,Technical Issue,2025-12-27 18:15:00,2.4,3.9,3
TKT002218,CU02040,AG035,Email,Billing,2025-10-22 05:24:00,123.2,7.5,3
TKT002219,CU02746,AG012,Email,Refund,2025-02-07 12:12:00,128.2,59.5,2
TKT002220,CU03347,AG015,Email,Account Access,2025-06-03 08:34:00,231.4,2.8,4
TKT002221,CU01396,AG014,Chat,Account Access,2025-06-26 07:32:00,1.7,8.1,4
TKT002222,CU00688,AG015,Email,Account Access,2025-08-18 17:27:00,108.4,6.1,1
TKT002223,CU01692,AG018,Social Media,Product Inquiry,2025-12-17 10:27:00,53.9,4.0,4
TKT002224,CU02449,AG012,Chat,Technical Issue,2025-06-13 15:51:00,1.2,2.9,5
TKT002225,CU03002,AG033,Phone,Technical Issue,2025-05-07 00:08:00,6.5,4.5,5
TKT002226,CU03014,AG014,Chat,Billing,2025-11-25 06:45:00,1.5,19.3,5
TKT002227,CU01360,AG018,Email,Account Access,2025-09-28 14:34:00,190.0,6.7,4
TKT002228,CU03745,AG035,Phone,Technical Issue,2025-06-17 11:47:00,5.7,3.5,4
TKT002229,CU00333,AG018,Email,Product Inquiry,2025-12-06 19:34:00,82.8,2.2,4
TKT002230,CU00467,AG001,Email,Delivery,2025-04-21 06:46:00,90.4,3.5,5
TKT002231,CU00100,AG001,Chat,Product Inquiry,2025-03-29 15:36:00,2.7,3.0,4
TKT002232,CU03706,AG018,Phone,Product Inquiry,2025-01-08 16:42:00,4.3,1.7,5
TKT002233,CU00721,AG026,Phone,Account Access,2025-01-30 14:24:00,3.6,56.3,3
TKT002234,CU02406,AG038,Email,Refund,2025-11-12 15:53:00,180.5,56.0,5
TKT002235,CU03252,AG006,Chat,Delivery,2025-01-28 09:17:00,3.5,1.6,3
TKT002236,CU03067,AG022,Phone,Billing,2025-10-07 17:43:00,3.9,12.2,4
TKT002237,CU03796,AG012,Email,Delivery,2025-01-27 14:19:00,102.4,42.9,5
TKT002238,CU00216,AG019,Chat,Product Inquiry,2025-03-26 17:47:00,2.1,4.7,5
TKT002239,CU01629,AG018,Chat,Delivery,2025-05-08 07:50:00,1.3,7.9,4
TKT002240,CU02025,AG013,Chat,Delivery,2025-03-20 07:11:00,2.2,5.7,5
TKT002241,CU02785,AG001,Chat,Technical Issue,2025-02-16 11:37:00,2.0,2.3,5
TKT002242,CU02491,AG003,Phone,Refund,2025-12-27 11:31:00,2.6,4.2,4
TKT002243,CU02240,AG021,Chat,Billing,2025-05-28 08:23:00,1.6,1.2,4
TKT002244,CU01228,AG009,Chat,Delivery,2025-06-04 06:16:00,1.7,12.0,5
TKT002245,CU00426,AG014,Email,Delivery,2025-10-03 06:36:00,209.5,3.0,4
TKT002246,CU01727,AG004,Social Media,Account Access,2025-11-30 05:49:00,55.6,3.5,5
TKT002247,CU01039,AG002,Chat,Technical Issue,2025-04-19 03:20:00,1.3,41.8,4
TKT002248,CU02218,AG006,Chat,Delivery,2025-06-15 17:20:00,1.6,9.3,4
TKT002249,CU03189,AG016,Phone,Technical Issue,2025-06-24 20:51:00,5.5,2.0,3
TKT002250,CU02211,AG007,Chat,Technical Issue,2025-04-06 12:45:00,3.0,2.6,1
TKT002251,CU02333,AG010,Chat,Technical Issue,2025-02-16 08:43:00,2.3,6.0,5
TKT002252,CU00168,AG013,Email,Delivery,2025-12-03 10:35:00,207.4,26.0,2
TKT002253,CU02579,AG012,Phone,Technical Issue,2025-09-12 17:06:00,7.6,50.5,3
TKT002254,CU01758,AG001,Chat,Billing,2025-09-05 20:09:00,2.2,7.5,3
TKT002255,CU00495,AG005,Social Media,Refund,2025-04-26 09:03:00,57.9,5.7,4
TKT002256,CU00856,AG039,Email,Billing,2025-08-30 03:18:00,134.2,5.2,5
TKT002257,CU03123,AG027,Phone,Product Inquiry,2025-02-19 10:02:00,1.9,9.3,5
TKT002258,CU03667,AG005,Chat,Account Access,2025-02-13 11:28:00,2.5,6.1,4
TKT002259,CU02031,AG012,Chat,Technical Issue,2025-12-15 00:01:00,1.5,55.8,4
TKT002260,CU03907,AG016,Social Media,Delivery,2025-03-25 15:59:00,95.7,67.3,4
TKT002261,CU00721,AG037,Chat,Billing,2025-10-08 07:29:00,1.9,14.2,5
TKT002262,CU01199,AG036,Chat,Product Inquiry,2025-04-12 06:00:00,1.6,3.0,4
TKT002263,CU03721,AG031,Chat,Technical Issue,2025-08-27 16:10:00,2.3,5.2,3
TKT002264,CU00701,AG005,Email,Refund,2025-08-12 17:11:00,130.7,2.5,5
TKT002265,CU02638,AG020,Web Form,Account Access,2025-09-21 08:40:00,38.9,4.4,3
TKT002266,CU00879,AG020,Chat,Refund,2025-12-15 17:46:00,1.1,3.0,3
TKT002267,CU01325,AG026,Email,Technical Issue,2025-06-05 10:28:00,170.3,33.5,2
TKT002268,CU01912,AG034,Social Media,Delivery,2025-11-13 10:43:00,46.4,2.0,2
TKT002269,CU01440,AG013,Web Form,Technical Issue,2025-04-19 07:05:00,147.6,5.0,5
TKT002270,CU03499,AG023,Chat,Refund,2025-12-18 09:18:00,4.1,48.5,2
TKT002271,CU03892,AG011,Web Form,Technical Issue,2025-07-02 04:00:00,22.9,23.9,4
TKT002272,CU02001,AG009,Phone,Billing,2025-11-05 15:24:00,5.6,7.3,5
TKT002273,CU02101,AG013,Social Media,Delivery,2025-10-29 18:02:00,168.3,48.3,2
TKT002274,CU00222,AG030,Email,Account Access,2025-08-20 05:47:00,101.4,3.5,4
TKT002275,CU00937,AG018,Email,Delivery,2025-12-18 09:32:00,169.8,42.0,3
TKT002276,CU00160,AG028,Web Form,Delivery,2025-09-04 10:45:00,51.3,1.8,5
TKT002277,CU03427,AG028,Email,Technical Issue,2025-08-09 11:35:00,203.7,5.0,4
TKT002278,CU00910,AG015,Web Form,Delivery,2025-04-03 18:02:00,43.0,1.2,4
TKT002279,CU01363,AG039,Email,Billing,2025-05-18 05:21:00,244.5,4.7,4
TKT002280,CU03372,AG002,Email,Account Access,2025-01-03 14:00:00,129.4,23.9,3
TKT002281,CU02854,AG036,Chat,Technical Issue,2025-09-20 13:04:00,1.7,5.8,5
TKT002282,CU02486,AG001,Chat,Billing,2025-08-10 18:56:00,2.9,16.2,3
TKT002283,CU00154,AG016,Email,Refund,2025-09-12 10:56:00,229.8,65.9,2
TKT002284,CU02252,AG034,Phone,Product Inquiry,2025-08-18 07:07:00,1.1,1.9,4
TKT002285,CU02244,AG028,Email,Product Inquiry,2025-04-01 08:24:00,28.3,7.1,2
TKT002286,CU01276,AG013,Email,Delivery,2025-12-31 15:17:00,168.9,2.1,3
TKT002287,CU02980,AG036,Web Form,Technical Issue,2025-06-08 14:25:00,38.2,2.5,4
TKT002288,CU03718,AG006,Social Media,Billing,2025-09-13 14:36:00,43.5,62.8,5
TKT002289,CU01037,AG027,Chat,Technical Issue,2025-02-18 08:22:00,1.6,6.3,3
TKT002290,CU01325,AG021,Chat,Delivery,2025-08-06 05:48:00,9.9,2.8,5
TKT002291,CU01290,AG009,Chat,Technical Issue,2025-05-27 14:03:00,1.0,6.7,5
TKT002292,CU03340,AG037,Chat,Product Inquiry,2025-12-05 06:35:00,3.3,18.2,1
TKT002293,CU00312,AG031,Social Media,Technical Issue,2025-10-06 20:42:00,59.2,50.7,2
TKT002294,CU03584,AG001,Chat,Technical Issue,2025-12-08 17:33:00,1.0,19.0,4
TKT002295,CU03101,AG004,Email,Refund,2025-04-25 08:39:00,100.0,58.0,4
TKT002296,CU01934,AG003,Email,Technical Issue,2025-08-29 14:37:00,64.1,3.6,4
TKT002297,CU02335,AG017,Phone,Technical Issue,2025-08-20 08:09:00,1.7,32.3,4
TKT002298,CU03578,AG017,Email,Account Access,2025-04-02 20:47:00,94.0,8.5,3
TKT002299,CU03080,AG029,Phone,Product Inquiry,2025-04-30 14:16:00,2.2,2.6,3
TKT002300,CU01108,AG028,Web Form,Technical Issue,2025-09-04 10:10:00,50.8,17.6,4
TKT002301,CU00202,AG001,Email,Billing,2025-02-23 15:32:00,153.6,1.8,4
TKT002302,CU02634,AG020,Chat,Technical Issue,2025-05-27 00:38:00,1.3,2.9,5
TKT002303,CU00584,AG032,Web Form,Account Access,2025-09-28 10:22:00,77.8,4.0,4
TKT002304,CU00352,AG036,Chat,Billing,2025-11-04 09:03:00,1.4,2.2,3
TKT002305,CU03930,AG012,Chat,Account Access,2025-08-04 10:59:00,1.8,3.7,5
TKT002306,CU01896,AG002,Email,Account Access,2025-09-02 07:48:00,42.5,10.7,4
TKT002307,CU02604,AG007,Email,Product Inquiry,2025-10-29 21:29:00,146.5,5.6,5
TKT002308,CU00870,AG014,Email,Delivery,2025-03-26 12:20:00,483.1,10.3,5
TKT002309,CU00407,AG018,Web Form,Delivery,2025-09-05 18:52:00,85.2,12.9,3
TKT002310,CU00252,AG015,Phone,Account Access,2025-09-26 06:21:00,3.6,51.5,4
TKT002311,CU01418,AG004,Social Media,Billing,2025-10-26 18:12:00,47.6,7.9,4
TKT002312,CU00015,AG014,Email,Billing,2025-08-10 15:15:00,343.5,4.5,5
TKT002313,CU01681,AG012,Web Form,Account Access,2025-02-26 15:33:00,50.3,3.3,5
TKT002314,CU01300,AG020,Phone,Technical Issue,2025-01-19 17:44:00,2.8,4.3,4
TKT002315,CU02108,AG004,Phone,Technical Issue,2025-08-13 13:19:00,2.8,15.5,4
TKT002316,CU02359,AG032,Social Media,Billing,2025-04-12 15:11:00,281.4,10.1,3
TKT002317,CU01234,AG017,Social Media,Technical Issue,2025-05-15 19:56:00,84.3,12.5,1
TKT002318,CU01821,AG013,Phone,Technical Issue,2025-06-18 07:05:00,5.1,4.0,4
TKT002319,CU00313,AG037,Chat,Account Access,2025-09-30 05:33:00,1.8,2.0,4
TKT002320,CU01208,AG030,Email,Refund,2025-05-10 22:10:00,135.1,7.5,4
TKT002321,CU03913,AG006,Web Form,Technical Issue,2025-07-31 19:39:00,43.5,71.7,2
TKT002322,CU03965,AG006,Email,Refund,2025-07-01 13:22:00,306.1,4.5,1
TKT002323,CU01944,AG001,Web Form,Technical Issue,2025-01-20 17:04:00,56.3,13.4,5
TKT002324,CU03759,AG023,Email,Product Inquiry,2025-09-10 19:10:00,64.5,35.8,3
TKT002325,CU02006,AG015,Chat,Account Access,2025-07-14 12:29:00,2.5,14.2,3
TKT002326,CU00503,AG016,Email,Account Access,2025-03-22 07:08:00,131.4,48.1,3
TKT002327,CU03472,AG021,Email,Delivery,2025-09-29 13:34:00,172.6,45.0,3
TKT002328,CU01661,AG022,Chat,Account Access,2025-02-06 11:48:00,1.7,9.4,5
TKT002329,CU02450,AG001,Chat,Billing,2025-04-06 02:17:00,1.5,13.4,5
TKT002330,CU02596,AG005,Chat,Billing,2025-03-29 21:56:00,3.3,8.9,4
TKT002331,CU01233,AG032,Phone,Product Inquiry,2025-08-27 16:44:00,11.1,8.4,5
TKT002332,CU02934,AG039,Email,Refund,2025-12-28 17:05:00,50.4,3.6,3
TKT002333,CU02006,AG034,Web Form,Account Access,2025-11-03 14:27:00,57.5,8.1,3
TKT002334,CU01466,AG037,Phone,Refund,2025-02-20 09:33:00,3.0,45.8,4
TKT002335,CU01192,AG019,Chat,Technical Issue,2025-01-24 14:33:00,1.2,20.5,3
TKT002336,CU02986,AG034,Email,Account Access,2025-10-16 15:27:00,42.8,41.6,2
TKT002337,CU00998,AG036,Phone,Billing,2025-07-30 14:21:00,4.9,7.6,4
TKT002338,CU00497,AG036,Chat,Billing,2025-05-11 08:34:00,1.5,3.8,4
TKT002339,CU03527,AG006,Social Media,Product Inquiry,2025-11-20 17:40:00,66.8,1.7,5
TKT002340,CU01328,AG006,Web Form,Refund,2025-03-07 10:50:00,106.6,45.2,1
TKT002341,CU02565,AG017,Email,Product Inquiry,2025-02-16 11:06:00,109.9,20.5,4
TKT002342,CU02866,AG021,Web Form,Delivery,2025-07-02 14:08:00,42.2,4.9,3
TKT002343,CU03354,AG039,Email,Billing,2025-04-09 22:30:00,67.1,47.8,1
TKT002344,CU02503,AG013,Phone,Delivery,2025-03-26 10:25:00,2.4,3.4,5
TKT002345,CU02832,AG034,Social Media,Technical Issue,2025-08-17 04:53:00,201.6,47.7,3
TKT002346,CU03349,AG036,Chat,Refund,2025-04-22 21:34:00,2.8,5.0,4
TKT002347,CU03774,AG039,Chat,Technical Issue,2025-08-02 21:14:00,4.1,12.4,4
TKT002348,CU00188,AG008,Phone,Refund,2025-07-26 09:51:00,2.5,2.3,4
TKT002349,CU02974,AG010,Email,Delivery,2025-10-17 18:52:00,170.8,71.3,4
TKT002350,CU00698,AG009,Chat,Technical Issue,2025-12-23 20:02:00,3.6,1.6,4
TKT002351,CU03566,AG030,Chat,Technical Issue,2025-08-18 01:53:00,2.8,2.9,3
TKT002352,CU00194,AG028,Chat,Billing,2025-04-15 16:21:00,4.8,6.0,5
TKT002353,CU00988,AG017,Chat,Billing,2025-07-30 08:13:00,2.5,71.7,4
TKT002354,CU00769,AG004,Chat,Refund,2025-06-26 18:06:00,2.0,7.7,3
TKT002355,CU02414,AG021,Chat,Technical Issue,2025-06-14 02:04:00,1.0,31.3,4
TKT002356,CU00018,AG030,Phone,Billing,2025-05-06 15:03:00,5.0,2.9,5
TKT002357,CU00069,AG019,Email,Technical Issue,2025-01-29 17:45:00,194.5,22.6,4
TKT002358,CU02017,AG011,Email,Technical Issue,2025-04-01 04:54:00,263.2,48.9,4
TKT002359,CU03887,AG024,Chat,Technical Issue,2025-08-04 16:57:00,1.3,4.1,2
TKT002360,CU02114,AG027,Email,Refund,2025-01-26 07:30:00,137.4,61.8,3
TKT002361,CU01784,AG024,Chat,Delivery,2025-02-27 06:15:00,1.0,5.5,5
TKT002362,CU02632,AG035,Social Media,Product Inquiry,2025-07-28 20:53:00,37.1,35.6,2
TKT002363,CU02208,AG013,Email,Billing,2025-12-30 20:54:00,185.6,6.4,5
TKT002364,CU01540,AG025,Chat,Technical Issue,2025-03-02 16:24:00,4.0,14.4,3
TKT002365,CU02355,AG035,Phone,Technical Issue,2025-01-29 19:12:00,8.2,9.8,2
TKT002366,CU00013,AG009,Chat,Account Access,2025-05-08 01:50:00,2.5,4.9,4
TKT002367,CU00978,AG012,Web Form,Technical Issue,2025-01-28 13:21:00,169.5,13.9,4
TKT002368,CU02696,AG002,Social Media,Technical Issue,2025-11-24 18:32:00,72.5,57.8,3
TKT002369,CU01367,AG015,Phone,Account Access,2025-10-15 19:53:00,6.6,3.5,4
TKT002370,CU00218,AG002,Phone,Technical Issue,2025-02-12 11:09:00,1.9,15.1,5
TKT002371,CU00498,AG030,Email,Account Access,2025-02-06 10:18:00,24.8,20.7,5
TKT002372,CU03465,AG004,Chat,Account Access,2025-07-17 16:12:00,1.5,4.0,4
TKT002373,CU01319,AG028,Phone,Delivery,2025-05-28 06:45:00,3.7,6.9,4
TKT002374,CU00091,AG024,Email,Billing,2025-09-11 17:07:00,159.3,2.2,5
TKT002375,CU02916,AG040,Chat,Delivery,2025-12-05 09:08:00,1.8,1.4,4
TKT002376,CU02122,AG014,Email,Billing,2025-05-02 13:19:00,170.8,6.6,5
TKT002377,CU01806,AG014,Email,Technical Issue,2025-10-15 08:22:00,364.6,72.0,3
TKT002378,CU03580,AG010,Phone,Billing,2025-05-02 16:44:00,6.0,1.6,4
TKT002379,CU01255,AG022,Email,Technical Issue,2025-03-26 21:56:00,91.9,51.7,4
TKT002380,CU02290,AG009,Email,Billing,2025-12-21 13:35:00,35.2,64.6,5
TKT002381,CU02980,AG005,Chat,Delivery,2025-04-02 21:13:00,1.1,12.7,5
TKT002382,CU02434,AG038,Chat,Refund,2025-02-22 11:39:00,4.2,67.8,4
TKT002383,CU00832,AG028,Chat,Technical Issue,2025-08-05 10:42:00,1.5,6.0,5
TKT002384,CU02727,AG005,Web Form,Technical Issue,2025-08-06 18:05:00,79.9,3.4,5
TKT002385,CU02974,AG025,Email,Technical Issue,2025-06-27 04:55:00,199.1,2.6,3
TKT002386,CU00490,AG013,Social Media,Product Inquiry,2025-02-01 10:30:00,87.3,10.5,4
TKT002387,CU00662,AG008,Chat,Billing,2025-02-12 15:47:00,1.9,6.4,1
TKT002388,CU02700,AG019,Chat,Billing,2025-10-04 08:03:00,1.4,5.4,5
TKT002389,CU00476,AG032,Chat,Technical Issue,2025-02-27 19:56:00,6.8,11.3,4
TKT002390,CU03522,AG001,Chat,Refund,2025-04-11 13:58:00,1.2,5.6,5
TKT002391,CU00439,AG015,Email,Billing,2025-10-21 09:56:00,259.3,47.9,5
TKT002392,CU03897,AG037,Chat,Technical Issue,2025-05-04 11:31:00,3.2,1.2,4
TKT002393,CU02687,AG016,Chat,Account Access,2025-05-06 10:06:00,2.8,6.5,5
TKT002394,CU01773,AG004,Phone,Delivery,2025-12-01 16:27:00,3.7,37.8,5
TKT002395,CU01074,AG018,Chat,Account Access,2025-10-19 07:36:00,1.0,4.8,4
TKT002396,CU01379,AG028,Email,Product Inquiry,2025-09-16 18:26:00,74.5,5.1,4
TKT002397,CU02995,AG040,Chat,Refund,2025-03-11 08:25:00,1.3,59.2,4
TKT002398,CU03014,AG026,Email,Account Access,2025-04-14 10:20:00,171.6,2.2,5
TKT002399,CU00835,AG003,Social Media,Product Inquiry,2025-08-07 15:40:00,146.9,8.0,4
TKT002400,CU02172,AG033,Chat,Refund,2025-11-03 11:34:00,2.4,31.9,4
TKT002401,CU03972,AG032,Phone,Billing,2025-07-04 13:44:00,4.6,7.1,4
TKT002402,CU01030,AG027,Email,Delivery,2025-09-29 14:04:00,248.4,7.8,4
TKT002403,CU02774,AG036,Chat,Account Access,2025-04-30 09:14:00,1.0,5.3,2
TKT002404,CU00689,AG031,Email,Account Access,2025-05-14 13:52:00,41.6,8.8,2
TKT002405,CU03337,AG010,Phone,Account Access,2025-08-11 20:47:00,1.7,0.6,5
TKT002406,CU00681,AG017,Chat,Refund,2025-07-26 00:40:00,3.3,8.7,5
TKT002407,CU01191,AG021,Email,Product Inquiry,2025-02-15 14:24:00,46.4,12.8,5
TKT002408,CU01837,AG020,Phone,Billing,2025-05-22 10:25:00,4.0,23.9,5
TKT002409,CU01483,AG026,Chat,Delivery,2025-11-09 18:39:00,1.2,20.4,5
TKT002410,CU00681,AG029,Phone,Delivery,2025-07-14 07:46:00,4.4,2.6,5
TKT002411,CU02564,AG005,Phone,Refund,2025-09-29 06:25:00,3.7,5.0,3
TKT002412,CU00079,AG023,Social Media,Billing,2025-10-29 11:53:00,103.3,4.9,4
TKT002413,CU03935,AG002,Email,Technical Issue,2025-04-15 15:20:00,112.4,71.7,3
TKT002414,CU00209,AG021,Web Form,Technical Issue,2025-03-27 00:19:00,81.2,19.3,3
TKT002415,CU01336,AG017,Phone,Technical Issue,2025-07-31 17:41:00,8.9,11.9,5
TKT002416,CU03720,AG009,Chat,Technical Issue,2025-06-25 10:47:00,4.0,5.7,5
TKT002417,CU00621,AG040,Phone,Billing,2025-11-26 20:32:00,3.3,5.6,5
TKT002418,CU00292,AG011,Chat,Technical Issue,2025-03-08 19:57:00,1.2,13.6,3
TKT002419,CU02976,AG003,Phone,Refund,2025-06-04 17:51:00,4.5,65.2,2
TKT002420,CU00293,AG015,Phone,Billing,2025-01-18 16:12:00,11.9,11.5,5
TKT002421,CU03599,AG031,Email,Billing,2025-05-13 14:47:00,136.0,1.9,3
TKT002422,CU01805,AG001,Chat,Delivery,2025-08-03 17:48:00,3.2,3.1,4
TKT002423,CU03478,AG020,Web Form,Billing,2025-10-19 08:52:00,84.6,65.1,2
TKT002424,CU00981,AG017,Chat,Delivery,2025-11-05 17:31:00,3.1,9.2,4
TKT002425,CU00565,AG035,Web Form,Refund,2025-01-01 14:45:00,110.8,5.4,1
TKT002426,CU03851,AG001,Chat,Billing,2025-11-15 17:43:00,1.0,5.2,2
TKT002427,CU03049,AG001,Email,Account Access,2025-09-08 13:55:00,82.4,62.0,4
TKT002428,CU03644,AG023,Phone,Billing,2025-03-15 15:17:00,4.1,6.1,4
TKT002429,CU01280,AG008,Social Media,Billing,2025-03-20 10:09:00,177.1,18.8,4
TKT002430,CU01619,AG029,Chat,Account Access,2025-10-11 12:45:00,3.9,5.7,5
TKT002431,CU02309,AG012,Chat,Billing,2025-09-11 11:38:00,2.0,2.2,4
TKT002432,CU01795,AG023,Web Form,Billing,2025-03-17 16:58:00,95.2,38.9,4
TKT002433,CU00971,AG002,Phone,Account Access,2025-06-09 09:04:00,3.2,3.1,5
TKT002434,CU01501,AG028,Email,Technical Issue,2025-11-10 20:02:00,88.9,8.0,5
TKT002435,CU02436,AG021,Phone,Technical Issue,2025-01-08 18:29:00,1.9,44.2,4
TKT002436,CU00152,AG001,Email,Account Access,2025-07-06 18:36:00,129.8,43.5,3
TKT002437,CU01344,AG011,Chat,Technical Issue,2025-11-16 19:51:00,1.7,12.6,4
TKT002438,CU01172,AG003,Phone,Delivery,2025-01-02 12:40:00,6.9,39.3,1
TKT002439,CU00282,AG002,Phone,Product Inquiry,2025-07-19 19:43:00,5.5,14.3,4
TKT002440,CU00491,AG028,Phone,Delivery,2025-07-23 12:23:00,4.1,51.6,3
TKT002441,CU01983,AG018,Email,Billing,2025-04-25 07:34:00,144.6,46.5,3
TKT002442,CU00410,AG033,Chat,Billing,2025-07-16 05:08:00,1.6,6.1,1
TKT002443,CU01380,AG011,Chat,Delivery,2025-09-14 06:41:00,1.0,3.7,4
TKT002444,CU02244,AG029,Phone,Delivery,2025-04-14 08:08:00,2.1,6.4,4
TKT002445,CU03496,AG025,Phone,Product Inquiry,2025-07-01 11:10:00,6.2,16.7,3
TKT002446,CU00396,AG027,Chat,Account Access,2025-07-15 22:09:00,1.9,6.2,5
TKT002447,CU01739,AG034,Chat,Technical Issue,2025-01-13 09:55:00,1.0,11.3,5
TKT002448,CU00412,AG029,Email,Billing,2025-03-19 19:10:00,296.9,6.6,4
TKT002449,CU01715,AG030,Chat,Product Inquiry,2025-08-26 17:12:00,5.1,1.2,5
TKT002450,CU01923,AG030,Chat,Delivery,2025-06-28 18:59:00,3.9,3.6,5
TKT002451,CU03198,AG018,Email,Refund,2025-12-20 17:10:00,176.8,3.0,4
TKT002452,CU01770,AG029,Email,Delivery,2025-11-07 21:32:00,163.9,0.8,5
TKT002453,CU03743,AG034,Web Form,Product Inquiry,2025-03-23 07:08:00,54.3,8.3,5
TKT002454,CU00551,AG030,Chat,Account Access,2025-12-30 13:26:00,2.2,4.3,4
TKT002455,CU00213,AG025,Phone,Product Inquiry,2025-11-11 10:56:00,5.7,59.3,3
TKT002456,CU00018,AG003,Chat,Refund,2025-06-03 10:19:00,3.0,39.7,4
TKT002457,CU01427,AG018,Chat,Refund,2025-08-15 12:27:00,2.6,10.1,5
TKT002458,CU00772,AG003,Phone,Product Inquiry,2025-04-13 13:52:00,1.0,2.9,5
TKT002459,CU00367,AG005,Phone,Account Access,2025-01-29 22:31:00,7.5,4.3,2
TKT002460,CU00944,AG015,Web Form,Delivery,2025-03-28 09:56:00,61.4,6.4,4
TKT002461,CU03900,AG019,Phone,Account Access,2025-09-24 19:22:00,1.9,17.7,4
TKT002462,CU03201,AG022,Email,Delivery,2025-07-28 08:13:00,156.1,18.7,4
TKT002463,CU00075,AG037,Chat,Delivery,2025-06-11 15:01:00,2.4,7.2,5
TKT002464,CU03662,AG031,Chat,Delivery,2025-06-25 10:23:00,1.0,7.6,3
TKT002465,CU00822,AG017,Email,Billing,2025-10-17 21:03:00,98.3,5.0,4
TKT002466,CU01624,AG014,Email,Refund,2025-09-12 15:34:00,76.2,10.7,4
TKT002467,CU01311,AG029,Web Form,Refund,2025-08-21 06:00:00,32.2,1.2,3
TKT002468,CU01621,AG012,Chat,Delivery,2025-07-02 20:06:00,2.7,4.8,5
TKT002469,CU03043,AG036,Phone,Billing,2025-01-02 10:32:00,2.8,6.6,4
TKT002470,CU02850,AG032,Social Media,Refund,2025-05-02 20:36:00,94.7,8.4,4
TKT002471,CU02377,AG028,Social Media,Delivery,2025-02-16 01:11:00,135.0,49.2,2
TKT002472,CU02508,AG010,Web Form,Billing,2025-10-10 09:44:00,43.3,17.4,3
TKT002473,CU02911,AG025,Chat,Account Access,2025-05-09 10:24:00,3.1,9.3,4
TKT002474,CU00737,AG033,Web Form,Delivery,2025-03-31 15:11:00,115.9,8.1,5
TKT002475,CU01583,AG003,Phone,Delivery,2025-06-25 17:27:00,6.4,52.2,3
TKT002476,CU00431,AG008,Chat,Billing,2025-06-25 15:55:00,2.8,3.5,3
TKT002477,CU02817,AG021,Email,Billing,2025-12-07 06:31:00,224.0,15.5,5
TKT002478,CU01751,AG015,Email,Refund,2025-03-07 12:51:00,174.0,2.1,3
TKT002479,CU02550,AG029,Chat,Product Inquiry,2025-10-28 13:53:00,3.2,44.9,3
TKT002480,CU02260,AG017,Phone,Billing,2025-03-20 11:13:00,2.1,1.5,4
TKT002481,CU01095,AG040,Chat,Product Inquiry,2025-10-20 12:02:00,1.9,6.3,5
TKT002482,CU00555,AG012,Social Media,Account Access,2025-07-16 13:40:00,111.7,57.2,4
TKT002483,CU03892,AG015,Phone,Technical Issue,2025-07-16 14:29:00,3.8,11.3,5
TKT002484,CU01174,AG001,Email,Delivery,2025-09-15 15:21:00,554.4,57.9,3
TKT002485,CU00439,AG010,Chat,Technical Issue,2025-02-03 09:07:00,1.8,3.5,4
TKT002486,CU01224,AG010,Chat,Technical Issue,2025-10-18 19:08:00,1.0,11.0,5
TKT002487,CU03610,AG031,Social Media,Product Inquiry,2025-09-30 18:55:00,92.8,6.0,5
TKT002488,CU01046,AG014,Phone,Account Access,2025-03-14 17:08:00,6.3,13.9,5
TKT002489,CU03948,AG009,Email,Technical Issue,2025-02-01 17:55:00,86.6,5.4,4
TKT002490,CU01844,AG013,Chat,Account Access,2025-09-22 13:15:00,2.0,3.7,4
TKT002491,CU03448,AG023,Web Form,Account Access,2025-02-03 21:08:00,52.8,18.5,5
TKT002492,CU02613,AG032,Phone,Delivery,2025-07-31 11:31:00,3.9,13.0,5
TKT002493,CU00176,AG040,Email,Billing,2025-04-04 12:07:00,100.7,51.4,1
TKT002494,CU02038,AG002,Chat,Billing,2025-09-20 17:16:00,3.7,3.8,4
TKT002495,CU01668,AG034,Chat,Account Access,2025-12-03 18:06:00,6.6,3.3,5
TKT002496,CU00806,AG016,Email,Delivery,2025-11-04 12:01:00,88.2,27.7,1
TKT002497,CU02200,AG033,Phone,Product Inquiry,2025-10-01 18:05:00,1.9,14.4,5
TKT002498,CU00412,AG002,Chat,Billing,2025-08-23 15:58:00,1.6,9.4,5
TKT002499,CU02794,AG026,Chat,Refund,2025-01-28 11:09:00,4.3,8.0,4
TKT002500,CU03288,AG038,Chat,Product Inquiry,2025-12-13 19:13:00,1.7,3.0,5
TKT002501,CU00371,AG002,Chat,Billing,2025-12-02 13:09:00,2.4,1.9,5
TKT002502,CU01918,AG032,Chat,Technical Issue,2025-01-23 18:04:00,1.2,51.4,2
TKT002503,CU02621,AG005,Chat,Account Access,2025-10-13 17:09:00,5.3,9.5,4
TKT002504,CU00249,AG040,Phone,Product Inquiry,2025-02-09 07:06:00,3.4,4.0,3
TKT002505,CU01558,AG030,Email,Technical Issue,2025-08-09 18:08:00,160.6,27.1,3
TKT002506,CU01033,AG037,Phone,Technical Issue,2025-04-02 08:27:00,2.6,43.7,5
TKT002507,CU00158,AG036,Chat,Delivery,2025-02-16 17:22:00,1.2,15.4,5
TKT002508,CU03217,AG013,Phone,Refund,2025-03-26 16:10:00,4.0,1.7,1
TKT002509,CU01779,AG017,Chat,Technical Issue,2025-04-27 16:15:00,2.1,5.0,5
TKT002510,CU03007,AG028,Email,Billing,2025-05-08 20:27:00,225.0,8.1,4
TKT002511,CU02349,AG007,Chat,Technical Issue,2025-04-20 14:25:00,1.0,1.1,5
TKT002512,CU03504,AG013,Phone,Product Inquiry,2025-06-18 10:07:00,2.4,11.2,4
TKT002513,CU03989,AG004,Phone,Delivery,2025-08-22 14:53:00,2.7,26.6,2
TKT002514,CU02409,AG036,Chat,Account Access,2025-06-19 16:23:00,2.1,6.1,4
TKT002515,CU01409,AG010,Email,Refund,2025-08-03 11:21:00,75.2,3.3,3
TKT002516,CU01692,AG017,Chat,Account Access,2025-05-21 09:34:00,1.9,23.9,5
TKT002517,CU03302,AG019,Chat,Product Inquiry,2025-04-12 13:17:00,1.4,6.6,5
TKT002518,CU01707,AG016,Email,Technical Issue,2025-02-24 19:37:00,129.9,1.2,3
TKT002519,CU02079,AG032,Chat,Technical Issue,2025-04-24 15:54:00,1.3,3.7,5
TKT002520,CU00777,AG037,Email,Billing,2025-03-12 19:50:00,80.3,6.1,4
TKT002521,CU03961,AG023,Phone,Technical Issue,2025-07-09 13:19:00,4.7,1.1,3
TKT002522,CU02604,AG034,Chat,Refund,2025-08-27 20:05:00,3.7,33.2,3
TKT002523,CU01321,AG005,Social Media,Account Access,2025-11-05 17:07:00,140.8,2.7,3
TKT002524,CU02341,AG039,Phone,Billing,2025-04-18 11:12:00,7.4,5.4,5
TKT002525,CU01605,AG005,Chat,Delivery,2025-02-16 12:37:00,3.9,2.4,3
TKT002526,CU00620,AG003,Chat,Account Access,2025-10-25 23:29:00,1.8,5.5,4
TKT002527,CU03499,AG001,Web Form,Account Access,2025-09-22 21:16:00,153.9,10.2,3
TKT002528,CU03543,AG010,Chat,Technical Issue,2025-04-26 11:11:00,3.0,23.0,5
TKT002529,CU03340,AG034,Email,Product Inquiry,2025-12-30 18:31:00,83.0,43.7,3
TKT002530,CU01474,AG013,Social Media,Delivery,2025-08-23 19:57:00,62.3,6.1,5
TKT002531,CU01026,AG032,Chat,Refund,2025-10-01 09:46:00,2.2,4.8,5
TKT002532,CU00199,AG017,Phone,Delivery,2025-05-09 13:15:00,6.5,7.3,5
TKT002533,CU02927,AG005,Social Media,Account Access,2025-06-11 16:33:00,79.4,2.2,3
TKT002534,CU01312,AG019,Chat,Technical Issue,2025-05-08 06:30:00,1.2,11.3,4
TKT002535,CU03569,AG010,Chat,Delivery,2025-09-25 17:48:00,3.1,13.3,3
TKT002536,CU03480,AG012,Chat,Technical Issue,2025-10-25 09:20:00,1.1,8.8,4
TKT002537,CU00513,AG021,Web Form,Product Inquiry,2025-11-11 13:20:00,65.0,2.7,5
TKT002538,CU03668,AG032,Phone,Technical Issue,2025-05-02 11:26:00,4.1,39.3,1
TKT002539,CU00562,AG024,Phone,Billing,2025-10-08 16:10:00,1.9,5.5,3
TKT002540,CU01962,AG009,Web Form,Account Access,2025-09-07 09:52:00,146.2,1.1,2
TKT002541,CU01896,AG029,Web Form,Account Access,2025-01-05 12:23:00,55.5,16.1,4
TKT002542,CU03826,AG028,Chat,Delivery,2025-10-18 09:51:00,1.0,5.1,3
TKT002543,CU02630,AG010,Chat,Refund,2025-02-17 05:24:00,2.1,50.3,4
TKT002544,CU03501,AG035,Web Form,Delivery,2025-02-16 18:40:00,21.2,3.0,5
TKT002545,CU02384,AG034,Email,Product Inquiry,2025-02-09 09:42:00,170.8,1.7,5
TKT002546,CU03301,AG025,Email,Billing,2025-07-20 09:47:00,224.8,11.6,4
TKT002547,CU03409,AG012,Chat,Account Access,2025-01-12 05:41:00,8.8,3.5,4
TKT002548,CU03439,AG015,Chat,Refund,2025-07-04 13:41:00,2.1,25.7,2
TKT002549,CU01647,AG018,Phone,Billing,2025-09-18 09:18:00,2.8,36.9,3
TKT002550,CU01528,AG008,Chat,Technical Issue,2025-07-15 14:03:00,2.2,1.7,5
TKT002551,CU03940,AG013,Social Media,Technical Issue,2025-04-08 16:55:00,198.7,12.0,5
TKT002552,CU03026,AG006,Chat,Delivery,2025-05-02 05:50:00,2.6,5.0,5
TKT002553,CU03670,AG007,Chat,Delivery,2025-09-21 09:16:00,3.2,8.0,5
TKT002554,CU02310,AG030,Chat,Billing,2025-05-04 11:01:00,3.0,6.4,4
TKT002555,CU03717,AG006,Email,Technical Issue,2025-09-01 19:59:00,185.0,65.4,4
TKT002556,CU02879,AG019,Chat,Technical Issue,2025-09-08 07:04:00,1.0,41.6,4
TKT002557,CU02971,AG018,Chat,Account Access,2025-07-11 16:01:00,1.0,2.5,5
TKT002558,CU00712,AG002,Email,Technical Issue,2025-05-16 21:59:00,58.7,40.9,4
TKT002559,CU02268,AG034,Phone,Refund,2025-01-22 06:40:00,2.1,58.3,5
TKT002560,CU02926,AG040,Email,Product Inquiry,2025-09-29 10:36:00,77.2,13.5,5
TKT002561,CU03044,AG026,Chat,Delivery,2025-04-22 17:37:00,5.6,2.5,4
TKT002562,CU03831,AG027,Chat,Refund,2025-06-15 20:44:00,1.4,4.0,2
TKT002563,CU01308,AG010,Social Media,Product Inquiry,2025-01-10 09:35:00,95.1,12.5,5
TKT002564,CU01211,AG034,Email,Delivery,2025-09-28 15:44:00,122.4,3.0,3
TKT002565,CU03878,AG032,Chat,Account Access,2025-11-29 16:46:00,2.2,8.8,2
TKT002566,CU03945,AG018,Web Form,Refund,2025-11-17 11:12:00,57.2,63.1,2
TKT002567,CU00720,AG029,Email,Account Access,2025-04-23 15:35:00,70.2,16.5,1
TKT002568,CU01514,AG039,Phone,Billing,2025-02-02 14:19:00,5.6,0.8,3
TKT002569,CU03793,AG025,Phone,Technical Issue,2025-02-04 20:36:00,2.8,20.9,3
TKT002570,CU00799,AG008,Email,Delivery,2025-05-19 13:10:00,94.6,4.6,5
TKT002571,CU03133,AG014,Phone,Product Inquiry,2025-01-01 13:52:00,3.4,48.3,3
TKT002572,CU00450,AG008,Web Form,Delivery,2025-03-07 15:15:00,85.8,3.8,5
TKT002573,CU00714,AG014,Chat,Billing,2025-08-12 08:11:00,1.4,5.6,3
TKT002574,CU03140,AG036,Phone,Delivery,2025-01-16 13:07:00,4.2,9.8,5
TKT002575,CU02430,AG008,Email,Refund,2025-08-15 05:31:00,174.7,71.6,2
TKT002576,CU02220,AG036,Social Media,Delivery,2025-11-13 15:21:00,103.7,4.6,4
TKT002577,CU03427,AG012,Chat,Account Access,2025-12-30 13:42:00,2.2,45.5,4
TKT002578,CU01229,AG020,Chat,Billing,2025-12-21 18:25:00,1.0,4.9,5
TKT002579,CU02014,AG022,Email,Billing,2025-04-16 17:18:00,150.1,3.0,3
TKT002580,CU02434,AG006,Phone,Product Inquiry,2025-08-24 12:18:00,2.4,14.5,3
TKT002581,CU02960,AG008,Phone,Technical Issue,2025-01-17 15:13:00,1.5,5.8,5
TKT002582,CU01329,AG013,Chat,Refund,2025-03-29 10:41:00,1.6,3.9,5
TKT002583,CU02535,AG003,Phone,Technical Issue,2025-10-12 11:07:00,3.0,47.1,3
TKT002584,CU01794,AG031,Chat,Product Inquiry,2025-03-16 06:54:00,10.2,2.2,5
TKT002585,CU02168,AG022,Email,Billing,2025-04-22 07:15:00,239.5,4.0,4
TKT002586,CU03451,AG034,Email,Delivery,2025-05-30 17:00:00,215.5,13.7,4
TKT002587,CU01575,AG035,Email,Delivery,2025-05-01 21:39:00,111.9,52.8,3
TKT002588,CU02673,AG014,Email,Delivery,2025-09-27 13:42:00,126.4,7.5,4
TKT002589,CU03768,AG033,Phone,Refund,2025-11-28 08:36:00,16.5,16.1,4
TKT002590,CU03050,AG003,Phone,Technical Issue,2025-07-16 07:21:00,2.8,14.9,4
TKT002591,CU03955,AG018,Chat,Billing,2025-07-30 05:10:00,2.3,1.7,3
TKT002592,CU02334,AG027,Chat,Technical Issue,2025-09-25 19:52:00,5.5,16.5,4
TKT002593,CU01128,AG019,Email,Delivery,2025-05-27 12:29:00,94.0,5.3,5
TKT002594,CU03966,AG030,Email,Delivery,2025-06-15 19:28:00,152.0,67.5,1
TKT002595,CU02579,AG035,Phone,Billing,2025-12-13 11:12:00,4.0,1.9,4
TKT002596,CU00966,AG017,Phone,Refund,2025-05-21 14:46:00,2.5,11.1,5
TKT002597,CU01269,AG011,Web Form,Billing,2025-04-07 15:56:00,84.2,6.4,4
TKT002598,CU01050,AG024,Email,Billing,2025-01-08 05:38:00,75.8,5.6,4
TKT002599,CU03335,AG035,Email,Billing,2025-01-08 15:43:00,214.5,11.2,4
TKT002600,CU00371,AG040,Email,Delivery,2025-10-08 17:42:00,177.3,19.0,4
TKT002601,CU02960,AG033,Chat,Technical Issue,2025-03-26 02:10:00,3.3,23.2,5
TKT002602,CU02217,AG010,Phone,Product Inquiry,2025-09-28 05:27:00,3.6,6.4,4
TKT002603,CU00294,AG009,Phone,Delivery,2025-01-17 13:17:00,5.0,2.2,5
TKT002604,CU02454,AG023,Chat,Account Access,2025-10-18 21:24:00,3.5,5.5,4
TKT002605,CU03013,AG017,Chat,Technical Issue,2025-05-29 21:51:00,1.0,12.3,4
TKT002606,CU02904,AG025,Email,Refund,2025-10-25 07:49:00,72.0,59.6,4
TKT002607,CU02115,AG037,Email,Refund,2025-10-31 16:33:00,192.8,63.7,3
TKT002608,CU01342,AG022,Phone,Account Access,2025-07-28 17:07:00,6.3,10.0,3
TKT002609,CU00656,AG015,Email,Billing,2025-12-22 19:21:00,150.8,2.1,4
TKT002610,CU00050,AG035,Phone,Billing,2025-12-12 05:43:00,6.6,33.2,3
TKT002611,CU01439,AG018,Email,Billing,2025-09-13 21:35:00,114.7,6.7,4
TKT002612,CU02529,AG025,Email,Billing,2025-06-29 17:33:00,281.1,3.5,4
TKT002613,CU00151,AG006,Email,Delivery,2025-12-05 14:23:00,134.5,6.1,5
TKT002614,CU03995,AG021,Web Form,Billing,2025-12-20 06:58:00,35.8,10.4,5
TKT002615,CU02344,AG018,Email,Refund,2025-05-30 09:54:00,306.5,5.9,3
TKT002616,CU01179,AG005,Email,Billing,2025-04-29 10:38:00,220.6,0.7,5
TKT002617,CU03849,AG009,Chat,Delivery,2025-04-21 18:52:00,1.6,5.2,4
TKT002618,CU00736,AG029,Web Form,Product Inquiry,2025-12-08 16:10:00,43.4,15.6,3
TKT002619,CU03831,AG008,Email,Billing,2025-02-26 20:09:00,194.8,3.1,4
TKT002620,CU01128,AG006,Email,Technical Issue,2025-01-02 12:42:00,80.7,6.0,4
TKT002621,CU01519,AG003,Email,Account Access,2025-07-02 20:40:00,167.0,0.8,2
TKT002622,CU01702,AG002,Chat,Account Access,2025-12-14 19:14:00,1.8,7.0,5
TKT002623,CU03980,AG018,Social Media,Refund,2025-04-30 02:50:00,101.3,4.4,3
TKT002624,CU01004,AG020,Email,Refund,2025-07-04 09:44:00,46.1,18.8,5
TKT002625,CU03892,AG025,Chat,Delivery,2025-02-09 17:12:00,1.2,7.4,4
TKT002626,CU01388,AG023,Chat,Product Inquiry,2025-10-27 15:36:00,2.3,45.6,2
TKT002627,CU01141,AG022,Web Form,Technical Issue,2025-12-07 09:52:00,98.1,1.6,4
TKT002628,CU02553,AG040,Social Media,Technical Issue,2025-08-20 17:46:00,83.7,12.6,5
TKT002629,CU02775,AG010,Phone,Billing,2025-02-15 10:25:00,6.0,12.5,4
TKT002630,CU01381,AG029,Email,Delivery,2025-02-05 14:49:00,62.0,7.6,4
TKT002631,CU00537,AG004,Chat,Technical Issue,2025-09-28 20:18:00,1.6,0.3,4
TKT002632,CU01585,AG034,Social Media,Technical Issue,2025-02-16 09:58:00,105.0,8.5,4
TKT002633,CU02162,AG015,Chat,Product Inquiry,2025-01-25 05:59:00,1.9,7.0,4
TKT002634,CU00161,AG014,Web Form,Billing,2025-11-21 15:18:00,83.7,4.1,4
TKT002635,CU00315,AG006,Web Form,Technical Issue,2025-07-12 16:41:00,47.8,20.7,4
TKT002636,CU03672,AG021,Email,Billing,2025-08-06 10:57:00,122.2,13.0,5
TKT002637,CU00144,AG016,Social Media,Technical Issue,2025-09-04 12:17:00,128.9,0.4,4
TKT002638,CU01628,AG039,Social Media,Technical Issue,2025-05-06 13:42:00,67.0,5.4,5
TKT002639,CU03056,AG008,Chat,Billing,2025-03-27 17:31:00,1.2,28.2,2
TKT002640,CU01313,AG017,Chat,Billing,2025-07-09 15:26:00,2.6,7.1,5
TKT002641,CU01980,AG037,Web Form,Refund,2025-01-28 10:38:00,32.4,0.6,5
TKT002642,CU00346,AG033,Email,Billing,2025-04-18 10:28:00,305.5,5.5,5
TKT002643,CU03178,AG031,Social Media,Delivery,2025-08-05 10:42:00,32.7,4.0,5
TKT002644,CU02537,AG022,Chat,Delivery,2025-12-11 08:57:00,1.7,10.7,5
TKT002645,CU03407,AG035,Chat,Refund,2025-08-09 08:12:00,4.9,9.6,5
TKT002646,CU03456,AG009,Phone,Product Inquiry,2025-10-02 17:10:00,11.9,12.3,4
TKT002647,CU01404,AG033,Chat,Account Access,2025-04-24 18:36:00,1.9,5.6,4
TKT002648,CU00165,AG024,Web Form,Technical Issue,2025-01-21 09:57:00,100.9,12.9,5
TKT002649,CU01386,AG014,Social Media,Technical Issue,2025-05-18 18:50:00,137.8,50.4,3
TKT002650,CU00582,AG009,Web Form,Technical Issue,2025-09-10 14:24:00,42.0,2.6,4
TKT002651,CU02134,AG021,Email,Refund,2025-01-17 16:48:00,181.0,1.4,4
TKT002652,CU00586,AG001,Email,Account Access,2025-11-13 19:54:00,87.2,69.5,3
TKT002653,CU03688,AG029,Chat,Technical Issue,2025-04-18 10:17:00,1.0,8.9,2
TKT002654,CU02410,AG010,Email,Technical Issue,2025-09-08 15:06:00,184.7,3.8,5
TKT002655,CU01013,AG016,Social Media,Product Inquiry,2025-11-19 10:58:00,122.7,4.2,5
TKT002656,CU03685,AG008,Email,Account Access,2025-08-12 19:09:00,72.9,60.7,4
TKT002657,CU03079,AG019,Phone,Technical Issue,2025-03-04 10:00:00,3.7,0.8,4
TKT002658,CU01752,AG015,Chat,Product Inquiry,2025-04-04 15:19:00,1.0,13.0,4
TKT002659,CU00587,AG008,Web Form,Delivery,2025-06-20 08:46:00,42.7,12.5,4
TKT002660,CU01376,AG036,Web Form,Account Access,2025-12-24 11:44:00,43.3,0.6,5
TKT002661,CU02337,AG031,Phone,Billing,2025-09-05 11:19:00,6.0,14.1,2
TKT002662,CU03064,AG016,Social Media,Delivery,2025-08-14 16:41:00,68.4,8.8,2
TKT002663,CU01048,AG003,Email,Billing,2025-10-21 10:56:00,69.9,42.6,3
TKT002664,CU02971,AG034,Phone,Product Inquiry,2025-02-21 10:00:00,10.3,8.3,4
TKT002665,CU01132,AG028,Chat,Refund,2025-01-30 01:51:00,2.6,36.9,2
TKT002666,CU00988,AG023,Phone,Delivery,2025-08-01 10:36:00,6.5,42.8,2
TKT002667,CU01789,AG025,Social Media,Delivery,2025-08-05 10:52:00,125.8,56.0,5
TKT002668,CU00644,AG001,Email,Product Inquiry,2025-04-04 14:02:00,234.9,0.9,3
TKT002669,CU01619,AG019,Email,Technical Issue,2025-08-17 11:15:00,178.0,6.9,1
TKT002670,CU01432,AG008,Social Media,Technical Issue,2025-02-25 22:22:00,116.2,30.4,1
TKT002671,CU01121,AG027,Chat,Refund,2025-03-14 14:47:00,2.1,4.2,5
TKT002672,CU03103,AG038,Chat,Technical Issue,2025-11-23 06:40:00,1.6,5.3,3
TKT002673,CU01327,AG022,Phone,Delivery,2025-01-12 17:19:00,6.5,5.8,4
TKT002674,CU02781,AG025,Chat,Account Access,2025-07-23 05:14:00,1.7,3.0,1
TKT002675,CU02882,AG027,Web Form,Billing,2025-11-05 18:26:00,58.7,5.0,3
TKT002676,CU02664,AG038,Phone,Technical Issue,2025-09-18 11:09:00,4.9,9.8,5
TKT002677,CU01078,AG002,Web Form,Delivery,2025-06-10 06:54:00,70.6,7.6,5
TKT002678,CU03318,AG013,Chat,Technical Issue,2025-04-25 22:49:00,1.1,2.7,4
TKT002679,CU00947,AG011,Chat,Technical Issue,2025-01-23 13:43:00,2.2,10.9,5
TKT002680,CU01109,AG029,Phone,Billing,2025-02-15 18:28:00,2.3,14.2,5
TKT002681,CU03500,AG018,Social Media,Technical Issue,2025-07-30 12:38:00,99.3,1.6,5
TKT002682,CU01359,AG031,Social Media,Delivery,2025-07-12 12:15:00,138.2,66.5,3
TKT002683,CU02789,AG019,Email,Product Inquiry,2025-05-18 11:07:00,376.7,70.0,4
TKT002684,CU00170,AG040,Email,Delivery,2025-04-17 11:13:00,192.4,5.4,5
TKT002685,CU02458,AG031,Web Form,Account Access,2025-01-30 17:32:00,88.5,9.5,4
TKT002686,CU03475,AG001,Email,Billing,2025-02-14 03:57:00,77.0,4.3,4
TKT002687,CU02835,AG040,Chat,Product Inquiry,2025-04-15 13:07:00,2.7,10.2,1
TKT002688,CU02330,AG039,Social Media,Refund,2025-12-04 09:18:00,48.7,28.0,3
TKT002689,CU03397,AG002,Chat,Refund,2025-04-30 14:04:00,3.9,44.4,5
TKT002690,CU01193,AG016,Email,Technical Issue,2025-02-12 09:26:00,77.9,4.4,4
TKT002691,CU01508,AG039,Social Media,Technical Issue,2025-07-29 11:56:00,52.6,9.4,5
TKT002692,CU00278,AG034,Email,Technical Issue,2025-02-16 13:03:00,212.0,2.8,4
TKT002693,CU02794,AG019,Chat,Technical Issue,2025-05-28 16:35:00,5.0,3.4,3
TKT002694,CU02894,AG022,Phone,Technical Issue,2025-09-23 20:09:00,7.2,6.6,4
TKT002695,CU03006,AG002,Phone,Refund,2025-02-09 09:00:00,3.3,5.4,4
TKT002696,CU02995,AG023,Chat,Technical Issue,2025-12-03 13:32:00,1.2,2.4,4
TKT002697,CU00510,AG027,Email,Technical Issue,2025-08-20 11:28:00,110.6,65.6,5
TKT002698,CU02665,AG015,Phone,Refund,2025-11-30 14:54:00,4.3,3.2,5
TKT002699,CU03054,AG013,Chat,Product Inquiry,2025-09-24 11:17:00,1.9,7.9,5
TKT002700,CU00816,AG034,Web Form,Technical Issue,2025-12-19 07:38:00,31.2,3.7,5
TKT002701,CU01906,AG018,Phone,Billing,2025-07-05 14:09:00,8.1,2.8,3
TKT002702,CU03653,AG011,Web Form,Refund,2025-01-06 04:34:00,112.9,30.4,4
TKT002703,CU01660,AG015,Chat,Product Inquiry,2025-01-24 05:49:00,5.6,1.1,4
TKT002704,CU03013,AG020,Social Media,Delivery,2025-03-08 19:23:00,36.1,45.8,2
TKT002705,CU02122,AG011,Phone,Billing,2025-02-07 18:09:00,2.6,10.5,5
TKT002706,CU02632,AG023,Phone,Delivery,2025-10-22 14:30:00,4.6,2.0,4
TKT002707,CU02507,AG035,Web Form,Refund,2025-12-11 02:09:00,55.1,5.4,4
TKT002708,CU02604,AG030,Chat,Technical Issue,2025-08-15 10:38:00,1.6,65.1,4
TKT002709,CU03118,AG010,Phone,Billing,2025-03-11 10:13:00,2.5,11.4,3
TKT002710,CU03618,AG019,Chat,Refund,2025-12-24 16:39:00,1.2,4.2,4
TKT002711,CU01183,AG022,Email,Delivery,2025-04-23 17:42:00,426.7,7.2,5
TKT002712,CU03714,AG028,Chat,Technical Issue,2025-11-18 11:59:00,1.0,50.7,3
TKT002713,CU02512,AG031,Web Form,Delivery,2025-09-08 12:11:00,23.4,8.5,5
TKT002714,CU02383,AG020,Chat,Delivery,2025-06-09 09:55:00,1.0,27.0,4
TKT002715,CU01311,AG013,Web Form,Technical Issue,2025-10-17 16:19:00,61.1,10.0,4
TKT002716,CU01667,AG027,Phone,Billing,2025-08-31 11:09:00,3.4,14.9,5
TKT002717,CU02607,AG006,Chat,Billing,2025-11-29 16:54:00,2.5,3.6,3
TKT002718,CU01455,AG027,Chat,Product Inquiry,2025-08-10 16:34:00,1.4,15.5,5
TKT002719,CU01150,AG036,Chat,Technical Issue,2025-05-25 08:33:00,2.1,2.8,5
TKT002720,CU03277,AG029,Email,Refund,2025-02-04 19:18:00,146.7,70.1,3
TKT002721,CU01662,AG018,Phone,Account Access,2025-12-29 18:10:00,9.5,9.8,4
TKT002722,CU02579,AG033,Chat,Refund,2025-10-12 14:03:00,5.3,3.3,5
TKT002723,CU00125,AG022,Social Media,Product Inquiry,2025-02-07 07:51:00,82.8,5.3,4
TKT002724,CU00310,AG022,Email,Product Inquiry,2025-08-10 08:01:00,224.0,7.2,4
TKT002725,CU03393,AG035,Social Media,Refund,2025-10-29 07:30:00,98.4,3.8,4
TKT002726,CU00569,AG008,Phone,Billing,2025-09-13 12:16:00,6.1,6.3,5
TKT002727,CU03184,AG032,Chat,Billing,2025-04-10 09:50:00,2.5,6.5,4
TKT002728,CU03601,AG028,Chat,Billing,2025-02-20 18:42:00,3.0,2.0,4
TKT002729,CU01926,AG022,Chat,Delivery,2025-12-09 12:04:00,3.2,2.2,4
TKT002730,CU03538,AG004,Email,Billing,2025-05-16 12:07:00,176.8,17.2,3
TKT002731,CU01709,AG031,Chat,Billing,2025-11-14 20:09:00,2.2,9.1,4
TKT002732,CU03808,AG009,Chat,Technical Issue,2025-06-19 14:42:00,3.5,33.8,1
TKT002733,CU00949,AG036,Phone,Delivery,2025-10-06 11:05:00,3.7,48.5,3
TKT002734,CU01712,AG032,Chat,Technical Issue,2025-03-30 22:14:00,1.5,1.3,5
TKT002735,CU01556,AG015,Email,Billing,2025-08-09 12:28:00,59.6,70.4,3
TKT002736,CU03137,AG018,Chat,Account Access,2025-07-24 14:11:00,2.5,47.2,3
TKT002737,CU00175,AG002,Chat,Account Access,2025-03-20 11:23:00,2.9,10.1,4
TKT002738,CU03313,AG020,Social Media,Product Inquiry,2025-09-06 15:18:00,34.9,6.7,4
TKT002739,CU00094,AG003,Email,Delivery,2025-06-18 17:24:00,99.9,68.8,4
TKT002740,CU01263,AG040,Social Media,Refund,2025-08-27 15:01:00,136.0,2.0,5
TKT002741,CU02385,AG026,Email,Billing,2025-01-13 09:21:00,129.4,2.3,4
TKT002742,CU00582,AG010,Chat,Technical Issue,2025-02-14 20:32:00,2.1,6.6,3
TKT002743,CU01961,AG033,Web Form,Delivery,2025-09-16 13:25:00,90.9,8.9,4
TKT002744,CU03989,AG001,Social Media,Technical Issue,2025-12-30 18:56:00,84.8,4.2,4
TKT002745,CU03293,AG022,Email,Refund,2025-02-12 01:22:00,173.0,1.9,3
TKT002746,CU00121,AG005,Chat,Product Inquiry,2025-01-10 13:18:00,1.1,7.3,5
TKT002747,CU02368,AG003,Web Form,Billing,2025-04-05 20:09:00,66.7,9.1,1
TKT002748,CU02390,AG010,Phone,Delivery,2025-01-16 15:36:00,1.9,12.5,4
TKT002749,CU00273,AG012,Phone,Billing,2025-03-31 07:34:00,2.0,1.9,4
TKT002750,CU02601,AG030,Chat,Billing,2025-09-10 16:03:00,1.5,10.5,4
TKT002751,CU02085,AG036,Chat,Billing,2025-10-15 01:52:00,2.7,35.5,4
TKT002752,CU02728,AG032,Chat,Delivery,2025-08-19 11:58:00,2.1,31.8,2
TKT002753,CU01191,AG030,Web Form,Product Inquiry,2025-05-27 09:59:00,35.6,21.9,4
TKT002754,CU01023,AG023,Chat,Billing,2025-02-26 09:46:00,3.2,5.9,4
TKT002755,CU02944,AG015,Chat,Delivery,2025-07-15 04:07:00,2.4,3.7,4
TKT002756,CU02887,AG011,Web Form,Billing,2025-12-19 14:53:00,97.7,5.6,5
TKT002757,CU00647,AG038,Social Media,Technical Issue,2025-03-18 16:24:00,55.1,8.5,4
TKT002758,CU00866,AG021,Web Form,Delivery,2025-07-18 10:51:00,121.0,28.9,1
TKT002759,CU02346,AG023,Email,Delivery,2025-05-02 14:14:00,334.2,48.8,3
TKT002760,CU03317,AG001,Chat,Delivery,2025-05-11 13:41:00,3.3,3.8,3
TKT002761,CU00808,AG019,Chat,Product Inquiry,2025-07-06 23:34:00,2.6,2.1,4
TKT002762,CU00877,AG028,Email,Technical Issue,2025-03-03 17:27:00,184.0,6.6,4
TKT002763,CU03232,AG020,Email,Account Access,2025-03-12 20:21:00,167.9,12.7,4
TKT002764,CU02787,AG025,Chat,Billing,2025-01-15 18:03:00,1.0,3.4,5
TKT002765,CU03610,AG033,Chat,Refund,2025-09-09 15:52:00,1.4,8.1,5
TKT002766,CU03134,AG001,Chat,Technical Issue,2025-11-28 06:43:00,1.9,8.7,5
TKT002767,CU03814,AG037,Chat,Technical Issue,2025-06-13 18:56:00,1.1,6.9,3
TKT002768,CU00756,AG033,Chat,Delivery,2025-08-15 16:31:00,4.4,65.0,3
TKT002769,CU01088,AG017,Email,Billing,2025-12-26 10:19:00,184.3,53.9,1
TKT002770,CU00952,AG031,Phone,Delivery,2025-10-05 09:36:00,10.7,67.7,1
TKT002771,CU00222,AG003,Chat,Product Inquiry,2025-03-31 13:21:00,3.1,11.9,1
TKT002772,CU03117,AG013,Chat,Billing,2025-10-11 10:56:00,1.0,3.4,5
TKT002773,CU02648,AG005,Email,Account Access,2025-05-25 21:32:00,287.3,9.7,5
TKT002774,CU00344,AG026,Phone,Product Inquiry,2025-12-17 08:40:00,3.1,4.6,5
TKT002775,CU00793,AG035,Chat,Delivery,2025-12-04 08:38:00,4.2,5.3,5
TKT002776,CU00764,AG025,Chat,Technical Issue,2025-01-16 05:23:00,4.6,8.1,4
TKT002777,CU01612,AG029,Email,Refund,2025-11-20 14:45:00,294.4,55.2,3
TKT002778,CU01823,AG006,Chat,Account Access,2025-03-29 16:29:00,3.6,5.4,4
TKT002779,CU01156,AG038,Email,Refund,2025-06-26 14:06:00,177.7,3.4,4
TKT002780,CU03721,AG008,Social Media,Account Access,2025-10-01 09:24:00,89.5,11.3,4
TKT002781,CU00852,AG022,Email,Technical Issue,2025-02-15 20:03:00,394.8,15.5,3
TKT002782,CU02248,AG028,Social Media,Refund,2025-01-06 11:44:00,104.5,10.8,5
TKT002783,CU01752,AG035,Social Media,Technical Issue,2025-05-30 08:40:00,72.8,15.3,3
TKT002784,CU01551,AG038,Chat,Refund,2025-08-01 08:53:00,2.6,1.6,3
TKT002785,CU03304,AG024,Phone,Refund,2025-08-03 12:28:00,7.5,4.9,3
TKT002786,CU03914,AG024,Web Form,Product Inquiry,2025-12-14 14:59:00,101.4,6.3,4
TKT002787,CU00024,AG017,Web Form,Technical Issue,2025-04-03 14:40:00,30.3,2.7,2
TKT002788,CU01855,AG023,Chat,Billing,2025-09-17 06:23:00,3.6,9.4,3
TKT002789,CU00477,AG027,Email,Technical Issue,2025-03-11 18:18:00,204.5,11.1,4
TKT002790,CU01735,AG026,Phone,Billing,2025-06-14 10:56:00,3.3,8.2,5
TKT002791,CU02469,AG024,Email,Billing,2025-07-13 09:10:00,89.0,3.7,5
TKT002792,CU01647,AG018,Email,Account Access,2025-06-06 15:00:00,307.4,2.9,4
TKT002793,CU01237,AG008,Phone,Billing,2025-03-06 14:06:00,9.3,11.7,4
TKT002794,CU01249,AG003,Chat,Product Inquiry,2025-03-11 23:41:00,4.7,3.8,4
TKT002795,CU01200,AG017,Social Media,Billing,2025-11-16 11:47:00,43.8,14.6,3
TKT002796,CU01303,AG016,Chat,Billing,2025-12-13 08:30:00,1.8,2.4,5
TKT002797,CU01496,AG025,Web Form,Delivery,2025-01-28 21:24:00,56.8,12.8,5
TKT002798,CU02752,AG037,Social Media,Billing,2025-03-26 13:10:00,205.6,34.3,2
TKT002799,CU00385,AG029,Chat,Delivery,2025-12-27 15:04:00,3.1,48.7,1
TKT002800,CU00164,AG033,Social Media,Delivery,2025-02-12 04:44:00,79.6,1.1,4
TKT002801,CU02067,AG024,Chat,Delivery,2025-07-16 10:14:00,2.2,2.1,5
TKT002802,CU02728,AG038,Phone,Delivery,2025-04-16 22:59:00,5.9,61.2,5
TKT002803,CU01035,AG038,Email,Refund,2025-12-26 21:51:00,211.2,62.9,5
TKT002804,CU00805,AG007,Email,Product Inquiry,2025-09-29 22:46:00,352.8,23.9,5
TKT002805,CU02500,AG026,Phone,Technical Issue,2025-10-02 18:28:00,8.9,9.0,5
TKT002806,CU01537,AG021,Social Media,Account Access,2025-01-24 13:21:00,178.7,32.3,1
TKT002807,CU02945,AG039,Email,Refund,2025-02-25 14:51:00,92.0,59.6,3
TKT002808,CU00587,AG024,Chat,Technical Issue,2025-10-18 06:02:00,1.4,51.5,4
TKT002809,CU00485,AG001,Phone,Account Access,2025-03-25 17:56:00,2.3,5.9,4
TKT002810,CU02212,AG009,Chat,Delivery,2025-06-08 16:49:00,2.5,5.5,4
TKT002811,CU01570,AG006,Email,Technical Issue,2025-02-09 16:04:00,108.1,62.0,3
TKT002812,CU02918,AG009,Phone,Billing,2025-01-09 11:13:00,5.6,1.4,1
TKT002813,CU02025,AG004,Email,Refund,2025-09-24 09:56:00,210.3,54.3,3
TKT002814,CU01419,AG032,Chat,Technical Issue,2025-03-06 17:39:00,2.3,15.1,4
TKT002815,CU00639,AG020,Email,Technical Issue,2025-03-03 21:22:00,230.6,44.1,2
TKT002816,CU00654,AG027,Chat,Refund,2025-11-04 12:49:00,1.4,26.1,3
TKT002817,CU03024,AG040,Chat,Refund,2025-09-18 05:41:00,1.0,3.7,4
TKT002818,CU00907,AG026,Email,Account Access,2025-03-20 19:55:00,96.5,40.0,1
TKT002819,CU02010,AG020,Chat,Billing,2025-11-10 15:24:00,3.2,11.1,5
TKT002820,CU03273,AG011,Email,Technical Issue,2025-12-21 15:35:00,391.7,16.5,5
TKT002821,CU03592,AG031,Phone,Refund,2025-05-31 20:36:00,9.2,62.6,3
TKT002822,CU01071,AG021,Chat,Technical Issue,2025-06-15 15:02:00,1.8,3.3,5
TKT002823,CU00439,AG031,Web Form,Product Inquiry,2025-08-30 14:40:00,95.0,63.9,2
TKT002824,CU03099,AG001,Chat,Delivery,2025-02-23 16:43:00,1.0,2.0,5
TKT002825,CU02750,AG007,Email,Technical Issue,2025-11-23 13:07:00,334.6,14.2,4
TKT002826,CU01325,AG006,Chat,Delivery,2025-02-15 10:48:00,2.7,1.7,4
TKT002827,CU02375,AG028,Phone,Product Inquiry,2025-10-02 09:25:00,6.3,14.2,5
TKT002828,CU00755,AG021,Chat,Refund,2025-07-30 16:25:00,1.0,51.4,4
TKT002829,CU02803,AG013,Chat,Delivery,2025-02-17 09:12:00,2.6,8.6,5
TKT002830,CU02910,AG013,Phone,Technical Issue,2025-06-11 20:51:00,11.3,7.8,5
TKT002831,CU01198,AG025,Phone,Delivery,2025-04-17 11:07:00,4.8,1.9,2
TKT002832,CU01875,AG039,Chat,Delivery,2025-12-09 15:58:00,2.0,3.0,4
TKT002833,CU01337,AG040,Chat,Account Access,2025-07-15 05:35:00,1.8,13.2,2
TKT002834,CU00126,AG019,Chat,Technical Issue,2025-05-15 12:14:00,1.4,5.6,4
TKT002835,CU00510,AG027,Email,Product Inquiry,2025-04-07 11:40:00,151.1,20.8,5
TKT002836,CU03840,AG004,Email,Account Access,2025-02-22 16:42:00,73.7,3.5,4
TKT002837,CU01825,AG038,Chat,Billing,2025-07-04 05:15:00,2.6,7.8,2
TKT002838,CU00592,AG001,Web Form,Technical Issue,2025-07-05 11:52:00,104.1,2.4,5
TKT002839,CU00178,AG014,Chat,Billing,2025-12-14 18:00:00,1.6,10.5,2
TKT002840,CU01414,AG030,Web Form,Billing,2025-08-25 15:07:00,69.8,6.7,4
TKT002841,CU03932,AG039,Phone,Technical Issue,2025-06-15 17:58:00,4.0,30.1,4
TKT002842,CU01540,AG007,Phone,Account Access,2025-05-16 17:45:00,5.1,8.3,3
TKT002843,CU03998,AG027,Email,Technical Issue,2025-04-06 15:28:00,237.4,10.9,4
TKT002844,CU01958,AG008,Chat,Billing,2025-08-25 11:18:00,2.6,6.4,4
TKT002845,CU03056,AG003,Email,Technical Issue,2025-02-23 11:39:00,231.0,42.4,3
TKT002846,CU03142,AG017,Chat,Billing,2025-01-03 05:41:00,2.7,5.5,4
TKT002847,CU00113,AG024,Chat,Billing,2025-11-25 09:04:00,3.3,10.1,5
TKT002848,CU00025,AG011,Email,Billing,2025-01-13 14:25:00,171.2,39.7,2
TKT002849,CU03690,AG039,Social Media,Delivery,2025-03-25 19:37:00,111.0,5.5,4
TKT002850,CU03730,AG025,Email,Account Access,2025-07-23 14:35:00,210.5,24.8,3
TKT002851,CU00531,AG018,Email,Delivery,2025-03-12 11:45:00,138.3,12.0,5
TKT002852,CU02584,AG020,Chat,Technical Issue,2025-09-02 18:54:00,2.6,8.5,5
TKT002853,CU03695,AG019,Email,Billing,2025-07-21 12:02:00,88.1,2.4,3
TKT002854,CU03803,AG005,Email,Technical Issue,2025-01-28 09:31:00,53.1,6.0,4
TKT002855,CU01186,AG025,Email,Billing,2025-06-18 06:31:00,151.4,5.5,4
TKT002856,CU03270,AG032,Phone,Delivery,2025-10-31 18:12:00,2.6,6.7,4
TKT002857,CU02586,AG017,Phone,Refund,2025-05-21 14:08:00,11.9,4.6,3
TKT002858,CU03712,AG018,Chat,Account Access,2025-09-05 14:54:00,1.3,11.5,4
TKT002859,CU00587,AG037,Phone,Billing,2025-07-31 16:08:00,6.2,8.0,5
TKT002860,CU02405,AG025,Phone,Technical Issue,2025-06-18 14:26:00,2.8,4.8,4
TKT002861,CU00098,AG012,Social Media,Product Inquiry,2025-07-27 11:36:00,91.1,11.9,3
TKT002862,CU01430,AG001,Email,Technical Issue,2025-06-27 14:28:00,77.6,5.4,5
TKT002863,CU00046,AG033,Chat,Technical Issue,2025-01-25 08:37:00,1.1,11.1,5
TKT002864,CU01772,AG026,Email,Technical Issue,2025-06-09 10:01:00,167.8,12.5,4
TKT002865,CU03245,AG026,Web Form,Product Inquiry,2025-06-01 13:33:00,45.3,4.6,5
TKT002866,CU02633,AG012,Chat,Product Inquiry,2025-10-12 06:48:00,3.1,0.9,5
TKT002867,CU01268,AG008,Phone,Billing,2025-09-21 17:30:00,8.1,6.7,4
TKT002868,CU01708,AG020,Phone,Technical Issue,2025-07-29 05:59:00,1.7,48.4,3
TKT002869,CU01470,AG031,Email,Delivery,2025-05-20 11:28:00,255.4,11.2,4
TKT002870,CU02927,AG012,Email,Billing,2025-08-18 12:18:00,82.5,29.8,3
TKT002871,CU01065,AG022,Email,Technical Issue,2025-12-31 15:28:00,116.6,50.3,3
TKT002872,CU00368,AG040,Web Form,Billing,2025-11-02 08:18:00,25.4,2.2,5
TKT002873,CU02027,AG009,Phone,Billing,2025-03-27 17:20:00,1.9,20.7,5
TKT002874,CU03320,AG010,Email,Billing,2025-04-13 12:27:00,48.0,6.4,5
TKT002875,CU01909,AG010,Email,Delivery,2025-07-01 09:15:00,112.1,48.8,2
TKT002876,CU00817,AG037,Chat,Delivery,2025-08-30 07:02:00,2.1,17.5,2
TKT002877,CU00185,AG022,Email,Account Access,2025-09-03 20:15:00,114.1,13.3,5
TKT002878,CU03776,AG037,Email,Technical Issue,2025-10-13 11:01:00,52.3,46.8,3
TKT002879,CU03043,AG038,Chat,Technical Issue,2025-07-19 11:54:00,1.0,12.1,5
TKT002880,CU00623,AG017,Phone,Refund,2025-10-28 08:52:00,4.0,9.7,4
TKT002881,CU00296,AG003,Email,Technical Issue,2025-01-15 13:16:00,216.1,8.4,3
TKT002882,CU00517,AG013,Chat,Billing,2025-03-21 10:53:00,2.3,18.5,5
TKT002883,CU01507,AG022,Web Form,Technical Issue,2025-07-07 08:22:00,153.7,7.2,3
TKT002884,CU03248,AG016,Chat,Technical Issue,2025-07-10 16:22:00,2.0,16.1,4
TKT002885,CU00640,AG001,Social Media,Account Access,2025-12-19 19:30:00,107.1,6.5,2
TKT002886,CU03275,AG040,Web Form,Technical Issue,2025-08-29 11:54:00,54.4,7.8,3
TKT002887,CU00008,AG013,Web Form,Delivery,2025-05-29 10:44:00,35.8,11.8,5
TKT002888,CU02956,AG025,Chat,Billing,2025-08-03 11:38:00,1.8,13.6,4
TKT002889,CU01130,AG038,Chat,Refund,2025-02-12 20:46:00,3.2,43.2,2
TKT002890,CU03843,AG022,Web Form,Account Access,2025-05-23 14:52:00,89.1,10.2,4
TKT002891,CU01904,AG028,Chat,Technical Issue,2025-01-08 08:43:00,2.4,9.9,5
TKT002892,CU01083,AG002,Web Form,Refund,2025-02-24 15:28:00,131.3,2.8,4
TKT002893,CU00972,AG028,Email,Product Inquiry,2025-05-31 11:18:00,180.1,10.0,5
TKT002894,CU03307,AG034,Chat,Technical Issue,2025-01-02 02:27:00,2.4,15.9,4
TKT002895,CU01612,AG037,Email,Delivery,2025-03-09 21:09:00,319.9,2.7,5
TKT002896,CU01409,AG004,Email,Delivery,2025-11-23 07:36:00,94.5,4.0,3
TKT002897,CU02943,AG010,Phone,Delivery,2025-11-01 11:49:00,8.8,6.4,4
TKT002898,CU02150,AG002,Chat,Technical Issue,2025-07-27 15:01:00,1.2,2.0,4
TKT002899,CU02656,AG037,Phone,Technical Issue,2025-12-14 14:52:00,3.5,9.8,4
TKT002900,CU01783,AG011,Chat,Billing,2025-01-12 00:38:00,1.0,3.1,4
TKT002901,CU00257,AG022,Email,Technical Issue,2025-12-10 14:54:00,160.7,66.5,3
TKT002902,CU00024,AG020,Web Form,Billing,2025-07-01 16:42:00,114.0,57.1,4
TKT002903,CU00157,AG028,Social Media,Refund,2025-05-17 18:51:00,53.7,6.4,3
TKT002904,CU02298,AG036,Phone,Billing,2025-10-16 08:45:00,3.4,52.1,3
TKT002905,CU02055,AG013,Phone,Billing,2025-06-15 04:21:00,3.5,4.2,4
TKT002906,CU02991,AG032,Chat,Technical Issue,2025-08-08 20:32:00,1.8,13.8,3
TKT002907,CU03579,AG012,Email,Billing,2025-04-26 15:09:00,78.7,39.6,4
TKT002908,CU00699,AG008,Phone,Refund,2025-07-11 12:50:00,4.1,8.0,4
TKT002909,CU03830,AG005,Chat,Refund,2025-02-17 16:40:00,4.7,2.2,3
TKT002910,CU03727,AG015,Chat,Billing,2025-03-20 08:35:00,1.5,5.8,4
TKT002911,CU02464,AG023,Email,Billing,2025-07-24 21:38:00,158.9,10.2,3
TKT002912,CU02122,AG032,Chat,Technical Issue,2025-12-11 15:41:00,2.3,2.4,4
TKT002913,CU00707,AG034,Chat,Product Inquiry,2025-03-09 19:14:00,1.6,2.6,4
TKT002914,CU00713,AG022,Chat,Billing,2025-07-31 14:36:00,2.3,3.2,5
TKT002915,CU00075,AG017,Phone,Billing,2025-01-22 17:37:00,3.2,34.7,2
TKT002916,CU02584,AG007,Email,Billing,2025-07-04 10:41:00,176.2,2.7,5
TKT002917,CU01733,AG037,Chat,Technical Issue,2025-11-07 08:59:00,1.9,45.7,3
TKT002918,CU00768,AG016,Email,Billing,2025-05-04 11:20:00,64.6,1.8,5
TKT002919,CU00536,AG031,Chat,Product Inquiry,2025-10-19 19:10:00,1.0,2.6,4
TKT002920,CU00255,AG026,Phone,Technical Issue,2025-05-24 16:59:00,1.2,9.7,3
TKT002921,CU02564,AG038,Phone,Technical Issue,2025-12-05 12:22:00,3.2,12.2,4
TKT002922,CU02742,AG039,Email,Technical Issue,2025-08-18 09:17:00,221.1,42.1,2
TKT002923,CU02527,AG029,Web Form,Technical Issue,2025-04-30 14:23:00,36.8,1.8,5
TKT002924,CU00443,AG027,Chat,Product Inquiry,2025-04-07 14:47:00,1.7,6.3,4
TKT002925,CU00166,AG006,Email,Delivery,2025-11-14 13:12:00,97.7,43.3,1
TKT002926,CU00425,AG001,Web Form,Product Inquiry,2025-06-25 16:01:00,34.7,2.7,5
TKT002927,CU03007,AG022,Chat,Refund,2025-05-26 09:47:00,6.7,5.2,5
TKT002928,CU02960,AG029,Email,Delivery,2025-08-03 13:30:00,90.3,67.2,1
TKT002929,CU01180,AG030,Chat,Account Access,2025-01-27 10:42:00,1.0,1.9,3
TKT002930,CU00221,AG011,Email,Account Access,2025-03-09 09:15:00,85.6,5.1,5
TKT002931,CU01279,AG021,Web Form,Delivery,2025-06-17 10:13:00,57.3,3.4,5
TKT002932,CU03240,AG035,Chat,Delivery,2025-04-17 17:27:00,1.5,13.5,4
TKT002933,CU00574,AG004,Social Media,Account Access,2025-07-22 07:51:00,105.3,11.1,4
TKT002934,CU03185,AG016,Phone,Billing,2025-05-08 10:44:00,2.7,6.4,4
TKT002935,CU01854,AG038,Social Media,Delivery,2025-06-07 13:25:00,65.1,2.8,5
TKT002936,CU00566,AG008,Chat,Technical Issue,2025-10-12 11:09:00,1.4,12.4,5
TKT002937,CU03736,AG013,Chat,Account Access,2025-10-14 18:33:00,1.9,7.5,5
TKT002938,CU02074,AG019,Chat,Account Access,2025-04-17 17:03:00,3.0,7.7,5
TKT002939,CU02687,AG028,Chat,Account Access,2025-05-09 15:41:00,3.1,4.7,4
TKT002940,CU00387,AG011,Chat,Account Access,2025-08-22 10:25:00,4.3,11.2,5
TKT002941,CU01487,AG032,Email,Delivery,2025-12-03 02:52:00,68.0,4.5,4
TKT002942,CU02531,AG010,Chat,Delivery,2025-07-18 10:58:00,1.1,50.3,4
TKT002943,CU02582,AG015,Social Media,Billing,2025-01-28 14:13:00,54.3,2.0,5
TKT002944,CU00252,AG023,Email,Billing,2025-08-06 07:06:00,139.7,19.6,4
TKT002945,CU02418,AG001,Social Media,Technical Issue,2025-09-20 18:35:00,49.8,3.4,4
TKT002946,CU03778,AG031,Web Form,Technical Issue,2025-12-08 22:02:00,37.7,15.4,3
TKT002947,CU03146,AG027,Chat,Technical Issue,2025-12-06 16:40:00,2.9,3.6,4
TKT002948,CU00831,AG034,Chat,Delivery,2025-09-10 11:52:00,3.6,6.5,4
TKT002949,CU03651,AG011,Web Form,Refund,2025-07-21 17:53:00,80.5,13.0,1
TKT002950,CU02732,AG016,Chat,Technical Issue,2025-03-03 10:46:00,2.4,8.2,4
TKT002951,CU00228,AG036,Chat,Refund,2025-11-17 21:46:00,1.4,6.0,5
TKT002952,CU00514,AG003,Social Media,Billing,2025-06-23 11:15:00,91.1,5.9,4
TKT002953,CU03686,AG020,Phone,Refund,2025-09-10 15:54:00,7.5,34.6,5
TKT002954,CU00839,AG020,Chat,Billing,2025-09-26 02:45:00,2.9,4.9,3
TKT002955,CU00388,AG018,Phone,Delivery,2025-01-06 15:04:00,6.5,19.2,4
TKT002956,CU01804,AG018,Email,Billing,2025-05-17 10:35:00,236.2,39.2,1
TKT002957,CU02103,AG030,Chat,Technical Issue,2025-09-03 07:25:00,1.7,3.7,5
TKT002958,CU02293,AG008,Chat,Technical Issue,2025-06-22 12:09:00,2.8,3.3,4
TKT002959,CU02636,AG036,Web Form,Delivery,2025-08-28 07:18:00,44.6,5.4,5
TKT002960,CU03996,AG036,Phone,Product Inquiry,2025-07-25 08:56:00,5.5,7.3,5
TKT002961,CU03037,AG008,Chat,Delivery,2025-01-01 19:29:00,3.9,22.9,4
TKT002962,CU00104,AG039,Chat,Delivery,2025-04-22 06:09:00,4.7,4.3,3
TKT002963,CU00355,AG011,Chat,Technical Issue,2025-05-30 15:48:00,2.8,9.6,4
TKT002964,CU00002,AG003,Chat,Delivery,2025-05-21 06:14:00,2.5,2.6,4
TKT002965,CU01581,AG016,Chat,Refund,2025-01-15 16:29:00,4.3,50.1,1
TKT002966,CU01402,AG032,Phone,Billing,2025-01-07 22:07:00,2.5,9.9,3
TKT002967,CU03735,AG034,Chat,Account Access,2025-04-17 12:02:00,4.4,7.2,2
TKT002968,CU01465,AG026,Social Media,Technical Issue,2025-11-07 21:58:00,96.7,3.0,5
TKT002969,CU00123,AG033,Email,Technical Issue,2025-12-27 15:40:00,151.0,6.6,4
TKT002970,CU03536,AG011,Chat,Technical Issue,2025-11-02 14:36:00,1.6,3.4,5
TKT002971,CU01042,AG036,Social Media,Delivery,2025-12-10 08:00:00,47.2,11.0,5
TKT002972,CU03651,AG026,Social Media,Refund,2025-12-05 21:36:00,202.2,27.3,2
TKT002973,CU03098,AG006,Chat,Technical Issue,2025-09-07 18:05:00,2.5,1.3,5
TKT002974,CU03523,AG006,Chat,Product Inquiry,2025-02-14 08:09:00,1.6,14.4,4
TKT002975,CU03279,AG011,Email,Refund,2025-05-14 03:43:00,169.7,39.8,4
TKT002976,CU00573,AG003,Email,Account Access,2025-09-26 11:30:00,116.3,8.6,5
TKT002977,CU02505,AG012,Chat,Product Inquiry,2025-05-25 08:49:00,1.0,3.1,5
TKT002978,CU01649,AG040,Chat,Refund,2025-04-09 10:21:00,1.8,0.8,5
TKT002979,CU02516,AG010,Social Media,Technical Issue,2025-01-14 21:19:00,41.5,8.3,4
TKT002980,CU02984,AG026,Chat,Product Inquiry,2025-05-04 18:49:00,2.3,39.0,3
TKT002981,CU02004,AG040,Chat,Billing,2025-05-04 12:34:00,4.8,2.3,5
TKT002982,CU01251,AG011,Email,Technical Issue,2025-10-25 10:54:00,98.4,8.7,4
TKT002983,CU03666,AG028,Web Form,Technical Issue,2025-10-14 14:32:00,85.0,32.8,5
TKT002984,CU02653,AG019,Email,Delivery,2025-02-11 20:11:00,98.5,9.4,5
TKT002985,CU03543,AG012,Email,Product Inquiry,2025-07-09 17:03:00,138.4,2.3,5
TKT002986,CU00949,AG039,Chat,Billing,2025-11-26 18:13:00,1.2,10.1,5
TKT002987,CU03354,AG027,Email,Account Access,2025-06-23 16:32:00,196.8,6.4,3
TKT002988,CU01294,AG018,Social Media,Billing,2025-12-16 13:39:00,188.7,1.9,4
TKT002989,CU01842,AG033,Phone,Refund,2025-02-03 08:00:00,4.4,2.8,5
TKT002990,CU03442,AG037,Web Form,Technical Issue,2025-04-28 17:16:00,73.8,42.6,5
TKT002991,CU01419,AG032,Web Form,Account Access,2025-12-02 15:49:00,73.8,4.5,5
TKT002992,CU01003,AG035,Phone,Account Access,2025-09-19 17:23:00,3.5,1.6,4
TKT002993,CU03663,AG013,Email,Technical Issue,2025-04-14 16:44:00,287.4,41.3,4
TKT002994,CU03858,AG014,Email,Product Inquiry,2025-11-22 09:22:00,105.3,46.3,2
TKT002995,CU01245,AG010,Web Form,Product Inquiry,2025-05-20 10:17:00,23.2,47.4,1
TKT002996,CU01226,AG028,Chat,Billing,2025-10-17 18:41:00,1.2,13.7,5
TKT002997,CU00911,AG033,Email,Delivery,2025-05-01 11:15:00,196.4,35.9,3
TKT002998,CU00095,AG027,Web Form,Refund,2025-05-04 08:39:00,44.5,41.4,4
TKT002999,CU02212,AG024,Web Form,Technical Issue,2025-04-30 15:11:00,57.9,31.1,3
TKT003000,CU01020,AG031,Chat,Technical Issue,2025-05-14 10:45:00,1.8,24.9,2
TKT003001,CU03397,AG008,Phone,Delivery,2025-08-07 15:57:00,4.4,1.2,5
TKT003002,CU00685,AG015,Phone,Account Access,2025-10-23 14:54:00,7.3,7.2,5
TKT003003,CU02542,AG029,Web Form,Delivery,2025-08-17 15:50:00,127.3,5.2,5
TKT003004,CU02028,AG003,Social Media,Account Access,2025-01-10 23:00:00,52.8,8.9,4
TKT003005,CU02448,AG037,Phone,Delivery,2025-08-07 10:50:00,6.7,7.1,4
TKT003006,CU00451,AG007,Chat,Technical Issue,2025-06-07 22:37:00,2.2,70.1,2
TKT003007,CU01867,AG032,Phone,Technical Issue,2025-01-26 17:27:00,2.0,11.6,5
TKT003008,CU02505,AG025,Phone,Technical Issue,2025-05-01 18:48:00,5.2,65.2,4
TKT003009,CU01364,AG034,Chat,Billing,2025-12-20 17:48:00,5.5,6.0,3
TKT003010,CU03500,AG032,Email,Delivery,2025-05-08 02:56:00,93.3,61.0,2
TKT003011,CU02119,AG021,Web Form,Refund,2025-09-18 13:35:00,48.5,5.6,3
TKT003012,CU01451,AG031,Phone,Billing,2025-03-14 07:42:00,1.7,69.1,4
TKT003013,CU00124,AG014,Chat,Account Access,2025-11-19 15:17:00,1.9,1.6,5
TKT003014,CU00674,AG024,Chat,Billing,2025-10-25 06:40:00,2.2,16.1,5
TKT003015,CU01907,AG037,Social Media,Account Access,2025-02-28 03:25:00,266.5,8.7,4
TKT003016,CU01601,AG004,Chat,Product Inquiry,2025-09-10 19:38:00,1.2,8.6,4
TKT003017,CU03487,AG015,Email,Technical Issue,2025-12-07 20:24:00,237.9,28.3,5
TKT003018,CU03144,AG001,Web Form,Refund,2025-11-27 15:10:00,64.9,17.8,4
TKT003019,CU00636,AG022,Email,Technical Issue,2025-09-21 12:21:00,478.4,51.1,2
TKT003020,CU02366,AG032,Chat,Billing,2025-09-24 18:20:00,2.2,68.5,1
TKT003021,CU01818,AG002,Chat,Delivery,2025-07-02 21:14:00,1.9,52.4,5
TKT003022,CU00405,AG022,Social Media,Delivery,2025-02-24 05:06:00,143.4,9.5,5
TKT003023,CU02664,AG017,Email,Account Access,2025-01-09 07:23:00,183.2,18.3,4
TKT003024,CU02149,AG032,Chat,Refund,2025-04-18 19:30:00,3.3,3.7,4
TKT003025,CU00350,AG009,Web Form,Refund,2025-04-03 07:35:00,74.9,4.4,3
TKT003026,CU01873,AG007,Phone,Delivery,2025-11-30 16:36:00,1.8,55.7,5
TKT003027,CU02927,AG004,Phone,Billing,2025-11-03 14:11:00,5.3,5.9,5
TKT003028,CU01309,AG017,Chat,Billing,2025-04-29 13:08:00,2.6,53.4,4
TKT003029,CU01428,AG020,Chat,Delivery,2025-05-19 07:08:00,1.3,2.4,5
TKT003030,CU00441,AG037,Email,Delivery,2025-09-29 16:40:00,164.2,9.8,3
TKT003031,CU00818,AG019,Email,Billing,2025-09-05 14:41:00,51.0,3.9,4
TKT003032,CU03925,AG007,Chat,Billing,2025-11-20 20:30:00,2.3,9.5,3
TKT003033,CU02484,AG028,Email,Technical Issue,2025-09-24 13:31:00,204.0,43.6,3
TKT003034,CU00705,AG003,Email,Technical Issue,2025-09-10 19:38:00,237.3,35.2,5
TKT003035,CU01932,AG014,Phone,Billing,2025-10-11 08:21:00,5.9,9.8,4
TKT003036,CU00771,AG027,Phone,Refund,2025-11-23 09:44:00,2.5,2.4,4
TKT003037,CU01771,AG011,Email,Delivery,2025-05-20 20:54:00,62.5,3.7,3
TKT003038,CU00583,AG024,Social Media,Product Inquiry,2025-04-02 07:14:00,151.0,6.9,4
TKT003039,CU02476,AG019,Email,Delivery,2025-11-29 09:27:00,174.9,6.9,4
TKT003040,CU02281,AG039,Email,Technical Issue,2025-02-28 08:18:00,183.6,56.4,4
TKT003041,CU02534,AG012,Web Form,Delivery,2025-04-17 16:19:00,138.7,8.3,2
TKT003042,CU01775,AG037,Chat,Refund,2025-02-19 17:23:00,1.0,9.0,3
TKT003043,CU01144,AG026,Phone,Delivery,2025-11-02 19:12:00,10.8,6.9,5
TKT003044,CU00999,AG030,Phone,Account Access,2025-12-01 08:20:00,2.9,3.7,5
TKT003045,CU00861,AG007,Web Form,Delivery,2025-06-05 10:19:00,86.6,6.9,4
TKT003046,CU01718,AG001,Social Media,Technical Issue,2025-02-06 10:48:00,89.4,6.7,4
TKT003047,CU01806,AG030,Phone,Technical Issue,2025-03-27 21:16:00,3.3,55.2,3
TKT003048,CU02695,AG020,Phone,Technical Issue,2025-07-31 14:05:00,1.7,65.9,2
TKT003049,CU00210,AG013,Chat,Billing,2025-05-06 10:52:00,1.4,7.7,3
TKT003050,CU01127,AG036,Web Form,Product Inquiry,2025-10-01 10:54:00,71.1,1.5,5
TKT003051,CU03411,AG014,Web Form,Technical Issue,2025-10-19 10:53:00,66.9,0.6,1
TKT003052,CU03661,AG018,Email,Technical Issue,2025-06-09 16:10:00,236.3,16.2,5
TKT003053,CU03724,AG029,Phone,Delivery,2025-08-13 14:24:00,2.7,23.9,2
TKT003054,CU01226,AG039,Web Form,Refund,2025-01-24 15:17:00,82.9,29.6,5
TKT003055,CU00549,AG036,Chat,Account Access,2025-02-19 12:15:00,2.1,3.8,3
TKT003056,CU00793,AG027,Social Media,Billing,2025-05-03 03:55:00,127.5,2.6,4
TKT003057,CU00528,AG005,Chat,Billing,2025-02-15 15:07:00,2.7,9.7,5
TKT003058,CU03819,AG005,Email,Delivery,2025-01-06 16:36:00,108.0,0.9,5
TKT003059,CU03534,AG028,Phone,Refund,2025-09-08 08:42:00,4.6,5.0,4
TKT003060,CU03243,AG021,Chat,Technical Issue,2025-01-09 15:04:00,2.6,3.2,5
TKT003061,CU02920,AG006,Phone,Product Inquiry,2025-03-29 19:52:00,6.2,9.7,3
TKT003062,CU01373,AG028,Chat,Delivery,2025-09-21 14:13:00,4.6,1.8,5
TKT003063,CU01903,AG038,Email,Delivery,2025-03-18 15:24:00,98.8,52.9,2
TKT003064,CU03366,AG003,Chat,Technical Issue,2025-03-25 16:32:00,1.1,0.7,4
TKT003065,CU03258,AG034,Phone,Product Inquiry,2025-10-01 10:52:00,8.1,2.7,4
TKT003066,CU02076,AG014,Phone,Account Access,2025-01-09 08:59:00,2.0,1.6,5
TKT003067,CU03351,AG016,Chat,Billing,2025-04-28 12:14:00,3.5,9.0,4
TKT003068,CU01388,AG029,Chat,Billing,2025-07-15 09:24:00,1.2,4.3,3
TKT003069,CU01655,AG010,Chat,Billing,2025-01-25 15:36:00,1.4,8.4,4
TKT003070,CU03359,AG007,Email,Technical Issue,2025-08-27 16:24:00,134.0,42.2,1
TKT003071,CU01506,AG039,Email,Technical Issue,2025-06-05 00:04:00,63.0,3.0,5
TKT003072,CU03009,AG014,Web Form,Technical Issue,2025-04-24 21:46:00,32.3,3.3,4
TKT003073,CU01814,AG007,Chat,Account Access,2025-07-27 20:33:00,1.0,10.7,4
TKT003074,CU01192,AG028,Web Form,Delivery,2025-01-15 08:07:00,79.5,4.9,4
TKT003075,CU00876,AG009,Social Media,Delivery,2025-08-08 13:38:00,89.4,10.9,4
TKT003076,CU02427,AG032,Web Form,Account Access,2025-06-19 09:54:00,55.4,24.6,1
TKT003077,CU01919,AG003,Web Form,Technical Issue,2025-01-22 21:38:00,53.2,17.1,3
TKT003078,CU01478,AG021,Phone,Billing,2025-10-14 14:28:00,4.0,2.2,3
TKT003079,CU02973,AG017,Email,Delivery,2025-06-15 16:46:00,107.4,12.4,4
TKT003080,CU00005,AG039,Social Media,Delivery,2025-01-26 22:16:00,152.3,9.5,5
TKT003081,CU00369,AG021,Phone,Billing,2025-05-12 15:05:00,1.5,41.4,2
TKT003082,CU03848,AG038,Chat,Product Inquiry,2025-09-29 18:29:00,1.0,7.6,3
TKT003083,CU02655,AG010,Email,Refund,2025-06-13 09:16:00,295.5,3.6,4
TKT003084,CU02199,AG019,Web Form,Refund,2025-05-22 09:29:00,63.7,2.1,4
TKT003085,CU00059,AG033,Email,Delivery,2025-01-16 12:41:00,46.0,14.9,3
TKT003086,CU02394,AG007,Web Form,Billing,2025-01-24 19:50:00,65.6,2.0,3
TKT003087,CU01740,AG038,Phone,Product Inquiry,2025-04-18 04:35:00,1.7,2.5,4
TKT003088,CU02400,AG031,Email,Product Inquiry,2025-04-10 12:36:00,286.2,35.2,2
TKT003089,CU00165,AG028,Chat,Refund,2025-08-23 18:56:00,3.3,8.9,3
TKT003090,CU02203,AG010,Web Form,Product Inquiry,2025-06-21 08:54:00,174.3,11.2,4
TKT003091,CU02312,AG033,Chat,Product Inquiry,2025-02-15 14:47:00,1.7,0.6,5
TKT003092,CU01161,AG034,Social Media,Delivery,2025-08-26 06:54:00,46.1,5.1,5
TKT003093,CU00219,AG012,Phone,Technical Issue,2025-12-17 01:28:00,3.0,5.0,3
TKT003094,CU03887,AG024,Chat,Account Access,2025-11-10 10:46:00,1.5,8.2,1
TKT003095,CU02838,AG003,Chat,Delivery,2025-12-29 17:32:00,2.5,1.0,4
TKT003096,CU02487,AG016,Chat,Delivery,2025-06-25 04:36:00,1.0,11.1,4
TKT003097,CU03069,AG007,Phone,Account Access,2025-05-12 11:39:00,4.0,2.3,4
TKT003098,CU02684,AG023,Chat,Account Access,2025-01-21 16:04:00,1.1,6.6,4
TKT003099,CU00538,AG022,Email,Product Inquiry,2025-09-06 11:00:00,105.6,8.4,4
TKT003100,CU01820,AG022,Email,Billing,2025-06-10 13:57:00,299.6,2.3,5
TKT003101,CU03555,AG028,Email,Technical Issue,2025-08-20 13:21:00,243.0,7.6,4
TKT003102,CU01152,AG037,Chat,Delivery,2025-04-20 19:03:00,3.0,9.3,5
TKT003103,CU03889,AG008,Email,Billing,2025-03-03 19:07:00,198.7,3.0,4
TKT003104,CU00258,AG009,Chat,Technical Issue,2025-09-09 06:02:00,1.7,35.3,1
TKT003105,CU01323,AG009,Email,Delivery,2025-05-22 15:14:00,136.3,3.4,5
TKT003106,CU01401,AG038,Chat,Product Inquiry,2025-07-13 14:43:00,1.0,8.0,5
TKT003107,CU02470,AG004,Phone,Billing,2025-12-24 11:49:00,2.0,8.0,4
TKT003108,CU00705,AG002,Email,Billing,2025-04-13 13:03:00,150.1,13.6,4
TKT003109,CU00917,AG007,Phone,Billing,2025-02-16 19:32:00,2.2,8.0,5
TKT003110,CU02649,AG031,Email,Delivery,2025-09-17 17:39:00,204.6,9.8,5
TKT003111,CU01139,AG024,Email,Billing,2025-07-29 14:51:00,136.2,6.9,5
TKT003112,CU03517,AG037,Web Form,Billing,2025-05-26 08:54:00,46.7,1.4,4
TKT003113,CU03481,AG009,Chat,Delivery,2025-08-07 15:53:00,1.4,12.8,5
TKT003114,CU01212,AG016,Chat,Product Inquiry,2025-12-03 13:43:00,2.6,3.6,3
TKT003115,CU02240,AG023,Web Form,Billing,2025-03-03 12:48:00,79.8,10.7,4
TKT003116,CU01332,AG003,Social Media,Account Access,2025-10-16 20:44:00,55.5,3.9,4
TKT003117,CU01380,AG037,Email,Refund,2025-07-15 23:45:00,104.9,8.1,2
TKT003118,CU02682,AG033,Chat,Technical Issue,2025-10-22 21:54:00,1.8,16.3,4
TKT003119,CU01173,AG006,Social Media,Refund,2025-12-01 16:09:00,107.4,9.8,4
TKT003120,CU00598,AG034,Chat,Billing,2025-02-28 14:05:00,2.4,7.7,4
TKT003121,CU01037,AG018,Chat,Technical Issue,2025-02-12 10:16:00,1.9,67.7,2
TKT003122,CU03718,AG014,Email,Technical Issue,2025-01-02 20:57:00,206.7,3.5,5
TKT003123,CU01038,AG038,Phone,Technical Issue,2025-03-11 12:42:00,3.7,1.2,4
TKT003124,CU01456,AG021,Web Form,Refund,2025-05-07 09:28:00,25.5,57.3,3
TKT003125,CU02516,AG010,Email,Delivery,2025-04-04 07:18:00,292.1,7.7,5
TKT003126,CU00405,AG033,Web Form,Refund,2025-10-28 18:11:00,94.3,8.2,5
TKT003127,CU01074,AG029,Social Media,Delivery,2025-10-02 10:22:00,42.2,10.3,5
TKT003128,CU00699,AG008,Email,Billing,2025-05-09 17:57:00,154.4,8.9,4
TKT003129,CU03698,AG028,Chat,Product Inquiry,2025-07-30 15:56:00,4.1,2.1,5
TKT003130,CU03731,AG026,Email,Refund,2025-04-25 10:58:00,118.4,7.4,3
TKT003131,CU03023,AG012,Social Media,Billing,2025-07-03 18:42:00,137.6,22.4,3
TKT003132,CU00989,AG018,Phone,Delivery,2025-04-17 18:35:00,7.4,13.7,4
TKT003133,CU02466,AG034,Email,Refund,2025-10-17 08:06:00,162.3,8.7,5
TKT003134,CU02650,AG007,Chat,Account Access,2025-03-25 07:35:00,6.5,8.2,4
TKT003135,CU03478,AG029,Email,Technical Issue,2025-12-24 14:43:00,200.1,5.0,4
TKT003136,CU00625,AG034,Web Form,Billing,2025-12-07 09:25:00,58.2,3.8,3
TKT003137,CU02946,AG038,Email,Product Inquiry,2025-03-13 10:47:00,127.7,11.2,4
TKT003138,CU00777,AG013,Chat,Delivery,2025-07-28 20:35:00,1.9,4.7,4
TKT003139,CU02275,AG011,Web Form,Delivery,2025-10-24 08:54:00,40.3,8.9,5
TKT003140,CU03517,AG038,Chat,Product Inquiry,2025-11-05 12:06:00,1.1,3.5,1
TKT003141,CU00249,AG019,Chat,Technical Issue,2025-05-16 10:41:00,1.2,13.5,3
TKT003142,CU00593,AG023,Chat,Product Inquiry,2025-07-19 11:20:00,1.8,7.9,4
TKT003143,CU03253,AG021,Phone,Account Access,2025-02-23 11:05:00,6.2,25.5,5
TKT003144,CU00076,AG021,Email,Delivery,2025-04-02 09:18:00,167.5,5.0,2
TKT003145,CU02741,AG025,Email,Billing,2025-04-04 17:45:00,153.6,7.6,3
TKT003146,CU02005,AG017,Chat,Billing,2025-04-15 17:11:00,6.4,0.3,5
TKT003147,CU01387,AG016,Chat,Billing,2025-05-26 13:39:00,5.0,10.2,1
TKT003148,CU03451,AG017,Social Media,Billing,2025-09-09 19:12:00,54.5,8.2,5
TKT003149,CU03396,AG027,Phone,Technical Issue,2025-11-25 08:27:00,5.9,6.4,3
TKT003150,CU01304,AG033,Email,Billing,2025-08-01 13:08:00,72.9,1.8,4
TKT003151,CU00018,AG023,Email,Delivery,2025-06-24 18:45:00,162.2,8.4,5
TKT003152,CU00513,AG028,Web Form,Product Inquiry,2025-09-14 15:52:00,25.8,4.4,5
TKT003153,CU00430,AG017,Social Media,Technical Issue,2025-08-13 22:31:00,64.5,7.7,4
TKT003154,CU03929,AG031,Phone,Technical Issue,2025-06-12 14:23:00,5.6,47.5,3
TKT003155,CU02388,AG016,Chat,Account Access,2025-01-13 21:55:00,1.6,71.6,2
TKT003156,CU02707,AG017,Email,Delivery,2025-07-17 07:56:00,77.3,58.1,3
TKT003157,CU00924,AG003,Phone,Account Access,2025-01-24 05:55:00,2.7,25.6,5
TKT003158,CU03403,AG011,Social Media,Product Inquiry,2025-08-11 11:46:00,53.6,15.6,1
TKT003159,CU02891,AG030,Email,Technical Issue,2025-12-09 18:13:00,175.6,59.2,1
TKT003160,CU03009,AG004,Chat,Account Access,2025-10-19 05:09:00,3.9,7.3,4
TKT003161,CU01873,AG009,Web Form,Product Inquiry,2025-11-02 09:26:00,49.4,63.4,3
TKT003162,CU02793,AG032,Web Form,Delivery,2025-06-18 22:34:00,96.9,6.8,5
TKT003163,CU02177,AG035,Chat,Account Access,2025-06-28 15:11:00,1.5,6.7,5
TKT003164,CU01539,AG017,Email,Product Inquiry,2025-07-11 11:08:00,132.4,71.6,2
TKT003165,CU02378,AG017,Chat,Billing,2025-03-15 06:19:00,5.3,51.9,3
TKT003166,CU01298,AG021,Web Form,Technical Issue,2025-12-24 16:21:00,49.9,14.4,4
TKT003167,CU03812,AG031,Phone,Technical Issue,2025-01-15 20:13:00,7.2,10.0,5
TKT003168,CU02868,AG019,Chat,Refund,2025-12-28 16:27:00,1.3,2.7,4
TKT003169,CU02956,AG007,Chat,Refund,2025-12-23 07:30:00,2.0,4.3,5
TKT003170,CU02867,AG018,Phone,Technical Issue,2025-12-10 13:05:00,2.5,34.7,3
TKT003171,CU01794,AG011,Chat,Billing,2025-01-03 11:00:00,2.1,15.6,4
TKT003172,CU03803,AG028,Chat,Account Access,2025-12-15 19:02:00,2.3,23.9,5
TKT003173,CU00832,AG006,Email,Technical Issue,2025-03-28 16:47:00,212.3,26.5,1
TKT003174,CU02275,AG025,Web Form,Refund,2025-04-06 17:48:00,40.0,1.0,5
TKT003175,CU00278,AG006,Phone,Billing,2025-09-07 11:09:00,3.6,68.2,4
TKT003176,CU01179,AG039,Chat,Refund,2025-05-26 02:56:00,3.8,4.5,4
TKT003177,CU02299,AG026,Social Media,Delivery,2025-12-09 16:16:00,46.3,1.1,2
TKT003178,CU01959,AG006,Email,Billing,2025-07-01 15:53:00,35.9,5.1,4
TKT003179,CU03765,AG039,Chat,Delivery,2025-02-12 08:10:00,1.4,65.3,3
TKT003180,CU02455,AG023,Chat,Delivery,2025-03-29 16:49:00,2.8,0.4,5
TKT003181,CU01646,AG025,Email,Billing,2025-10-10 08:21:00,146.5,28.9,4
TKT003182,CU01707,AG003,Web Form,Technical Issue,2025-07-30 16:46:00,32.5,1.8,5
TKT003183,CU02447,AG008,Phone,Refund,2025-05-02 16:04:00,4.2,0.7,4
TKT003184,CU03165,AG033,Email,Delivery,2025-03-22 00:34:00,114.4,62.8,3
TKT003185,CU01107,AG019,Web Form,Delivery,2025-09-06 17:51:00,23.2,5.5,5
TKT003186,CU02339,AG025,Email,Billing,2025-04-08 11:07:00,116.1,11.4,4
TKT003187,CU02299,AG040,Web Form,Delivery,2025-02-05 13:24:00,82.8,10.5,4
TKT003188,CU00038,AG018,Web Form,Delivery,2025-07-23 21:53:00,47.2,1.9,4
TKT003189,CU03652,AG016,Email,Billing,2025-11-12 20:55:00,60.9,2.5,5
TKT003190,CU02280,AG033,Chat,Billing,2025-04-23 11:30:00,5.2,2.5,4
TKT003191,CU00969,AG003,Phone,Billing,2025-09-16 16:02:00,2.3,9.0,4
TKT003192,CU02535,AG019,Web Form,Delivery,2025-06-12 13:56:00,67.5,2.2,5
TKT003193,CU02712,AG035,Web Form,Technical Issue,2025-12-15 18:10:00,87.1,2.8,4
TKT003194,CU03662,AG010,Chat,Refund,2025-08-10 10:24:00,2.5,0.3,5
TKT003195,CU00137,AG013,Phone,Technical Issue,2025-07-03 12:50:00,3.5,0.8,5
TKT003196,CU01655,AG019,Chat,Refund,2025-03-25 07:06:00,1.0,7.1,5
TKT003197,CU00721,AG003,Phone,Technical Issue,2025-11-21 20:27:00,7.6,50.6,2
TKT003198,CU02298,AG003,Chat,Delivery,2025-01-17 19:37:00,1.1,6.6,5
TKT003199,CU02007,AG011,Phone,Account Access,2025-07-17 10:03:00,6.8,8.4,4
TKT003200,CU01900,AG036,Email,Delivery,2025-04-08 14:29:00,257.9,3.4,3
TKT003201,CU03929,AG009,Phone,Product Inquiry,2025-07-07 11:02:00,2.0,3.8,4
TKT003202,CU02127,AG030,Email,Technical Issue,2025-12-25 08:38:00,70.9,67.2,4
TKT003203,CU01645,AG018,Chat,Technical Issue,2025-02-04 05:53:00,1.6,0.6,3
TKT003204,CU00270,AG031,Email,Technical Issue,2025-01-20 18:12:00,232.2,38.2,2
TKT003205,CU01159,AG014,Email,Account Access,2025-10-25 10:15:00,100.8,61.7,3
TKT003206,CU03590,AG035,Chat,Refund,2025-09-12 13:07:00,2.1,7.7,4
TKT003207,CU01807,AG015,Web Form,Technical Issue,2025-05-31 19:24:00,41.7,0.7,4
TKT003208,CU03642,AG032,Email,Delivery,2025-03-23 02:00:00,215.7,14.6,5
TKT003209,CU02131,AG034,Email,Billing,2025-08-08 14:53:00,98.7,8.6,5
TKT003210,CU02193,AG018,Email,Product Inquiry,2025-04-04 21:05:00,94.2,11.6,5
TKT003211,CU01720,AG027,Chat,Billing,2025-08-26 17:40:00,1.1,13.1,4
TKT003212,CU02227,AG005,Email,Product Inquiry,2025-05-28 09:19:00,78.0,51.3,1
TKT003213,CU00267,AG020,Chat,Account Access,2025-10-10 09:46:00,3.6,54.3,1
TKT003214,CU00231,AG015,Web Form,Product Inquiry,2025-08-29 16:03:00,45.2,8.4,5
TKT003215,CU01904,AG039,Phone,Delivery,2025-07-30 06:28:00,2.4,0.6,4
TKT003216,CU02392,AG038,Email,Billing,2025-02-05 14:05:00,55.8,59.6,5
TKT003217,CU02204,AG032,Chat,Refund,2025-08-15 09:41:00,1.7,5.0,4
TKT003218,CU01717,AG038,Chat,Account Access,2025-09-12 18:11:00,1.3,70.8,1
TKT003219,CU01177,AG040,Web Form,Billing,2025-07-10 11:35:00,31.5,1.0,3
TKT003220,CU02837,AG031,Email,Account Access,2025-08-05 11:24:00,91.5,13.9,4
TKT003221,CU02419,AG024,Phone,Refund,2025-08-13 17:10:00,4.3,4.9,5
TKT003222,CU00189,AG009,Social Media,Delivery,2025-03-27 07:11:00,47.5,23.9,4
TKT003223,CU01810,AG033,Chat,Technical Issue,2025-06-12 14:34:00,1.7,3.7,3
TKT003224,CU02844,AG008,Social Media,Refund,2025-02-16 21:12:00,146.5,47.3,2
TKT003225,CU03137,AG008,Email,Billing,2025-10-11 15:55:00,103.3,58.1,4
TKT003226,CU01148,AG036,Social Media,Technical Issue,2025-02-23 06:45:00,50.1,10.7,4
TKT003227,CU03700,AG005,Phone,Technical Issue,2025-10-23 19:20:00,7.1,41.9,3
TKT003228,CU02607,AG006,Chat,Technical Issue,2025-08-21 08:23:00,1.9,60.9,2
TKT003229,CU01751,AG021,Phone,Delivery,2025-07-08 11:29:00,3.6,4.5,4
TKT003230,CU02509,AG024,Email,Technical Issue,2025-07-04 08:48:00,186.5,11.1,5
TKT003231,CU03487,AG002,Chat,Technical Issue,2025-02-23 16:24:00,1.9,7.2,5
TKT003232,CU00908,AG016,Social Media,Billing,2025-08-26 09:24:00,93.5,2.2,4
TKT003233,CU00602,AG010,Chat,Refund,2025-05-17 09:41:00,1.0,4.1,5
TKT003234,CU01762,AG013,Phone,Delivery,2025-10-13 11:15:00,2.5,60.4,3
TKT003235,CU00336,AG008,Social Media,Account Access,2025-11-03 10:37:00,250.7,47.1,2
TKT003236,CU03343,AG028,Web Form,Delivery,2025-12-01 17:23:00,31.0,5.7,5
TKT003237,CU03882,AG019,Chat,Technical Issue,2025-12-01 13:28:00,2.1,15.1,1
TKT003238,CU02423,AG039,Chat,Refund,2025-10-06 14:46:00,5.2,10.9,5
TKT003239,CU03920,AG001,Chat,Technical Issue,2025-04-08 08:02:00,2.9,7.6,3
TKT003240,CU00275,AG032,Chat,Technical Issue,2025-04-10 19:39:00,2.3,6.4,5
TKT003241,CU02531,AG037,Chat,Billing,2025-12-10 11:15:00,1.3,10.2,4
TKT003242,CU01772,AG020,Web Form,Technical Issue,2025-12-18 11:00:00,39.0,2.3,4
TKT003243,CU01110,AG028,Social Media,Technical Issue,2025-04-12 09:18:00,75.9,9.2,1
TKT003244,CU01248,AG018,Email,Delivery,2025-08-25 21:46:00,168.5,48.9,2
TKT003245,CU02181,AG024,Email,Billing,2025-12-02 14:43:00,281.9,13.2,1
TKT003246,CU02567,AG037,Chat,Technical Issue,2025-11-06 06:15:00,2.1,4.5,5
TKT003247,CU00657,AG022,Phone,Delivery,2025-12-08 08:23:00,2.9,48.4,2
TKT003248,CU02459,AG024,Email,Delivery,2025-05-09 13:52:00,132.8,5.1,5
TKT003249,CU03707,AG040,Social Media,Product Inquiry,2025-07-04 08:22:00,119.8,2.6,5
TKT003250,CU00042,AG020,Chat,Technical Issue,2025-08-07 14:15:00,2.4,3.4,3
TKT003251,CU03514,AG007,Chat,Refund,2025-12-13 10:26:00,1.7,42.1,3
TKT003252,CU02431,AG028,Social Media,Delivery,2025-12-25 11:47:00,48.6,2.2,4
TKT003253,CU01369,AG028,Phone,Account Access,2025-07-20 17:25:00,7.2,46.4,2
TKT003254,CU02940,AG010,Chat,Technical Issue,2025-11-08 13:30:00,1.7,5.0,5
TKT003255,CU02472,AG030,Email,Billing,2025-05-19 07:43:00,160.2,1.4,5
TKT003256,CU03075,AG003,Web Form,Technical Issue,2025-08-09 11:51:00,37.9,2.2,5
TKT003257,CU00326,AG013,Phone,Delivery,2025-10-23 19:40:00,2.7,22.6,4
TKT003258,CU00236,AG035,Phone,Delivery,2025-11-20 18:24:00,5.3,8.3,4
TKT003259,CU02569,AG025,Phone,Technical Issue,2025-02-09 16:45:00,2.0,7.1,5
TKT003260,CU01215,AG025,Chat,Technical Issue,2025-01-27 18:46:00,1.1,7.9,5
TKT003261,CU00954,AG025,Email,Product Inquiry,2025-03-21 07:12:00,321.0,40.7,4
TKT003262,CU01686,AG007,Social Media,Account Access,2025-02-07 07:41:00,141.8,10.7,5
TKT003263,CU02901,AG039,Email,Account Access,2025-03-19 02:44:00,176.1,13.4,5
TKT003264,CU00720,AG012,Chat,Product Inquiry,2025-12-13 07:18:00,1.1,6.6,5
TKT003265,CU03893,AG032,Phone,Technical Issue,2025-08-16 18:17:00,4.5,8.9,4
TKT003266,CU01683,AG040,Chat,Delivery,2025-02-05 04:40:00,1.9,2.6,4
TKT003267,CU00603,AG010,Email,Delivery,2025-09-16 12:00:00,109.8,12.6,5
TKT003268,CU00285,AG026,Email,Billing,2025-12-09 09:17:00,133.3,8.2,4
TKT003269,CU03430,AG002,Email,Billing,2025-11-02 18:38:00,63.7,10.3,5
TKT003270,CU00453,AG026,Email,Product Inquiry,2025-11-09 17:27:00,44.9,5.6,5
TKT003271,CU01676,AG018,Web Form,Technical Issue,2025-11-25 17:00:00,64.8,45.0,4
TKT003272,CU02675,AG003,Social Media,Technical Issue,2025-10-02 11:07:00,98.4,8.0,5
TKT003273,CU02053,AG027,Chat,Billing,2025-11-16 20:05:00,2.3,11.3,4
TKT003274,CU01051,AG039,Chat,Refund,2025-10-18 19:31:00,3.1,65.0,3
TKT003275,CU00432,AG004,Chat,Billing,2025-09-06 15:02:00,2.6,12.3,5
TKT003276,CU02846,AG036,Chat,Billing,2025-03-14 14:45:00,4.5,16.2,5
TKT003277,CU01962,AG034,Email,Billing,2025-11-30 10:36:00,267.8,5.4,4
TKT003278,CU00193,AG022,Email,Billing,2025-02-02 16:30:00,144.6,6.0,4
TKT003279,CU00725,AG037,Chat,Delivery,2025-04-11 20:12:00,2.2,13.8,2
TKT003280,CU02251,AG013,Chat,Refund,2025-09-21 10:11:00,2.3,22.5,5
TKT003281,CU00674,AG029,Social Media,Billing,2025-09-22 10:48:00,38.7,63.0,1
TKT003282,CU01566,AG028,Email,Delivery,2025-11-19 09:36:00,232.2,44.9,3
TKT003283,CU00499,AG024,Phone,Delivery,2025-01-28 22:21:00,5.5,1.6,3
TKT003284,CU03188,AG034,Email,Delivery,2025-10-15 13:12:00,56.3,28.3,2
TKT003285,CU02522,AG036,Phone,Account Access,2025-02-15 21:20:00,9.4,9.8,5
TKT003286,CU03136,AG032,Web Form,Technical Issue,2025-08-11 14:18:00,43.5,6.3,5
TKT003287,CU00210,AG024,Email,Delivery,2025-03-24 10:30:00,130.8,9.3,4
TKT003288,CU01503,AG040,Web Form,Delivery,2025-07-27 14:15:00,50.8,7.5,4
TKT003289,CU01071,AG023,Web Form,Delivery,2025-02-07 08:46:00,50.0,6.1,4
TKT003290,CU02491,AG026,Web Form,Billing,2025-01-13 12:03:00,205.3,12.6,3
TKT003291,CU03286,AG008,Social Media,Technical Issue,2025-12-19 12:41:00,78.0,14.6,3
TKT003292,CU00911,AG013,Chat,Technical Issue,2025-07-06 14:00:00,1.7,5.6,4
TKT003293,CU03079,AG037,Web Form,Technical Issue,2025-06-20 11:12:00,55.6,63.7,2
TKT003294,CU02322,AG020,Phone,Technical Issue,2025-05-24 12:56:00,2.5,67.9,3
TKT003295,CU03297,AG021,Chat,Technical Issue,2025-11-27 19:45:00,2.3,2.4,4
TKT003296,CU00326,AG033,Chat,Technical Issue,2025-10-13 08:58:00,1.3,1.2,4
TKT003297,CU03964,AG014,Web Form,Technical Issue,2025-06-23 20:30:00,72.4,3.1,1
TKT003298,CU01739,AG011,Chat,Product Inquiry,2025-02-14 13:08:00,1.1,2.9,5
TKT003299,CU01121,AG001,Email,Account Access,2025-09-13 15:59:00,101.4,44.0,5
TKT003300,CU00731,AG010,Social Media,Billing,2025-03-16 07:45:00,51.8,17.2,5
TKT003301,CU03940,AG021,Phone,Delivery,2025-04-28 08:31:00,3.0,14.6,5
TKT003302,CU03534,AG029,Email,Billing,2025-08-30 16:46:00,52.4,4.4,3
TKT003303,CU00525,AG014,Email,Technical Issue,2025-12-13 19:17:00,36.5,54.5,2
TKT003304,CU01780,AG018,Email,Account Access,2025-03-22 13:47:00,117.3,65.8,2
TKT003305,CU02935,AG009,Email,Billing,2025-01-13 08:45:00,60.2,12.8,3
TKT003306,CU02364,AG033,Chat,Account Access,2025-06-04 17:08:00,5.2,8.1,4
TKT003307,CU00757,AG021,Email,Technical Issue,2025-09-12 20:01:00,114.9,10.6,3
TKT003308,CU01442,AG006,Email,Account Access,2025-08-29 15:50:00,206.7,3.0,5
TKT003309,CU01473,AG025,Email,Technical Issue,2025-12-13 08:43:00,165.9,23.9,5
TKT003310,CU01155,AG014,Phone,Billing,2025-03-17 11:17:00,2.2,1.6,3
TKT003311,CU03843,AG035,Email,Delivery,2025-10-15 20:32:00,111.1,2.4,5
TKT003312,CU00812,AG011,Chat,Technical Issue,2025-10-10 08:01:00,3.0,10.6,4
TKT003313,CU02827,AG035,Email,Billing,2025-10-30 08:10:00,203.0,1.6,5
TKT003314,CU03648,AG028,Email,Technical Issue,2025-11-26 16:05:00,225.5,17.2,4
TKT003315,CU03180,AG006,Chat,Delivery,2025-04-20 14:01:00,1.4,14.3,4
TKT003316,CU03198,AG031,Phone,Account Access,2025-04-23 09:08:00,5.5,9.7,5
TKT003317,CU00636,AG029,Email,Refund,2025-06-14 14:02:00,100.4,3.4,4
TKT003318,CU00534,AG019,Web Form,Account Access,2025-05-08 20:56:00,95.9,10.6,3
TKT003319,CU03132,AG007,Chat,Product Inquiry,2025-02-19 18:04:00,3.4,5.5,4
TKT003320,CU02987,AG020,Email,Technical Issue,2025-05-01 00:07:00,65.8,46.8,1
TKT003321,CU02968,AG025,Chat,Delivery,2025-05-18 19:29:00,2.3,5.6,4
TKT003322,CU01675,AG006,Email,Billing,2025-10-04 15:36:00,76.6,30.7,2
TKT003323,CU02094,AG014,Chat,Billing,2025-01-04 09:42:00,3.2,5.9,4
TKT003324,CU00062,AG029,Phone,Delivery,2025-10-02 07:05:00,2.2,35.4,3
TKT003325,CU01165,AG023,Web Form,Product Inquiry,2025-10-12 21:08:00,65.7,4.2,4
TKT003326,CU02114,AG040,Chat,Delivery,2025-02-18 03:00:00,3.0,4.9,2
TKT003327,CU00503,AG009,Phone,Billing,2025-12-14 08:09:00,4.2,35.3,1
TKT003328,CU00521,AG032,Chat,Account Access,2025-09-22 15:11:00,3.2,13.5,4
TKT003329,CU00181,AG018,Email,Technical Issue,2025-09-13 16:48:00,164.5,19.1,5
TKT003330,CU00840,AG009,Phone,Delivery,2025-10-07 09:35:00,9.5,37.8,5
TKT003331,CU03972,AG039,Phone,Billing,2025-10-23 16:13:00,2.2,5.1,3
TKT003332,CU02785,AG025,Chat,Technical Issue,2025-05-27 17:07:00,1.6,7.7,4
TKT003333,CU03794,AG022,Phone,Technical Issue,2025-07-07 17:49:00,1.4,1.6,5
TKT003334,CU01029,AG012,Chat,Product Inquiry,2025-08-11 16:42:00,1.7,5.2,3
TKT003335,CU02396,AG036,Chat,Technical Issue,2025-03-11 03:05:00,1.0,62.8,5
TKT003336,CU03568,AG002,Web Form,Billing,2025-01-23 19:33:00,25.7,7.1,5
TKT003337,CU01409,AG005,Chat,Technical Issue,2025-09-21 14:50:00,1.0,2.5,4
TKT003338,CU02629,AG008,Chat,Account Access,2025-04-02 12:16:00,1.5,23.9,3
TKT003339,CU02772,AG027,Web Form,Technical Issue,2025-04-20 02:43:00,63.2,61.7,5
TKT003340,CU03330,AG005,Phone,Delivery,2025-02-07 14:23:00,5.2,9.8,3
TKT003341,CU03878,AG032,Email,Technical Issue,2025-06-17 08:08:00,242.9,3.9,3
TKT003342,CU02461,AG008,Phone,Technical Issue,2025-07-27 14:16:00,6.7,15.6,5
TKT003343,CU02331,AG028,Web Form,Technical Issue,2025-11-25 08:20:00,29.6,7.1,5
TKT003344,CU03476,AG032,Chat,Billing,2025-06-29 15:02:00,1.3,2.2,3
TKT003345,CU02739,AG036,Web Form,Delivery,2025-05-17 07:19:00,61.2,7.1,3
TKT003346,CU01447,AG012,Chat,Technical Issue,2025-10-17 14:57:00,2.2,9.0,4
TKT003347,CU02521,AG003,Chat,Delivery,2025-04-16 15:08:00,4.3,0.8,4
TKT003348,CU02197,AG031,Email,Billing,2025-01-05 11:00:00,119.5,2.0,4
TKT003349,CU00916,AG018,Chat,Technical Issue,2025-01-12 20:22:00,3.1,8.2,2
TKT003350,CU02064,AG038,Chat,Technical Issue,2025-11-05 13:57:00,1.8,39.7,3
TKT003351,CU02495,AG008,Chat,Account Access,2025-09-14 16:40:00,2.4,14.5,5
TKT003352,CU03616,AG023,Email,Billing,2025-03-07 12:30:00,173.3,7.8,5
TKT003353,CU02322,AG005,Email,Account Access,2025-03-20 17:43:00,138.3,6.8,5
TKT003354,CU00660,AG020,Chat,Refund,2025-11-02 19:00:00,1.2,5.8,5
TKT003355,CU03951,AG001,Social Media,Technical Issue,2025-08-22 11:12:00,104.8,13.2,4
TKT003356,CU02313,AG031,Chat,Billing,2025-06-25 21:50:00,2.8,9.2,4
TKT003357,CU01149,AG025,Phone,Billing,2025-05-14 08:43:00,4.2,8.8,5
TKT003358,CU03018,AG004,Email,Technical Issue,2025-05-20 18:27:00,30.6,27.6,1
TKT003359,CU01539,AG020,Email,Billing,2025-10-15 13:15:00,127.0,65.9,4
TKT003360,CU01481,AG018,Email,Account Access,2025-03-14 08:13:00,203.3,39.9,5
TKT003361,CU03358,AG027,Web Form,Account Access,2025-11-21 15:02:00,32.1,62.3,2
TKT003362,CU03471,AG020,Email,Delivery,2025-03-28 08:52:00,251.6,61.3,3
TKT003363,CU02096,AG019,Chat,Technical Issue,2025-03-28 19:11:00,1.4,7.2,3
TKT003364,CU01493,AG034,Chat,Billing,2025-05-18 17:48:00,1.7,2.3,4
TKT003365,CU03454,AG021,Email,Delivery,2025-10-17 15:20:00,156.8,10.3,4
TKT003366,CU00694,AG033,Social Media,Billing,2025-01-02 09:54:00,54.2,11.3,5
TKT003367,CU02989,AG036,Phone,Delivery,2025-02-25 21:02:00,6.6,2.3,4
TKT003368,CU02337,AG034,Chat,Account Access,2025-05-18 18:31:00,4.0,12.9,4
TKT003369,CU03417,AG039,Social Media,Billing,2025-02-21 16:05:00,49.1,0.3,5
TKT003370,CU01683,AG028,Web Form,Technical Issue,2025-05-20 11:00:00,49.7,10.5,5
TKT003371,CU03329,AG023,Email,Delivery,2025-06-06 13:21:00,396.6,1.4,1
TKT003372,CU00061,AG022,Chat,Account Access,2025-08-14 10:38:00,3.7,14.7,5
TKT003373,CU03034,AG009,Chat,Technical Issue,2025-04-29 18:55:00,1.0,63.5,2
TKT003374,CU00280,AG034,Email,Technical Issue,2025-07-16 10:09:00,266.0,3.5,4
TKT003375,CU02570,AG028,Email,Technical Issue,2025-12-27 09:38:00,21.3,15.9,3
TKT003376,CU00782,AG035,Chat,Account Access,2025-06-18 09:48:00,2.8,10.5,4
TKT003377,CU03854,AG029,Chat,Technical Issue,2025-10-21 11:56:00,1.2,5.3,5
TKT003378,CU03078,AG020,Social Media,Refund,2025-04-10 15:16:00,115.9,7.0,4
TKT003379,CU00419,AG012,Web Form,Product Inquiry,2025-11-21 18:02:00,63.0,16.8,2
TKT003380,CU03569,AG040,Email,Product Inquiry,2025-07-27 20:57:00,150.7,33.4,3
TKT003381,CU01008,AG030,Chat,Technical Issue,2025-02-19 06:52:00,2.8,2.3,4
TKT003382,CU02183,AG035,Social Media,Account Access,2025-11-27 05:15:00,68.5,7.3,5
TKT003383,CU00342,AG024,Chat,Product Inquiry,2025-09-18 11:08:00,1.4,4.5,5
TKT003384,CU00423,AG021,Social Media,Delivery,2025-05-06 17:32:00,150.1,9.0,5
TKT003385,CU00966,AG002,Chat,Billing,2025-08-09 19:14:00,2.0,31.5,4
TKT003386,CU02138,AG003,Web Form,Refund,2025-12-12 08:33:00,40.2,6.5,3
TKT003387,CU02172,AG029,Phone,Account Access,2025-02-06 10:06:00,3.6,52.5,2
TKT003388,CU03423,AG009,Chat,Delivery,2025-01-15 19:55:00,1.7,5.9,5
TKT003389,CU00661,AG004,Email,Product Inquiry,2025-10-17 14:24:00,115.7,44.1,1
TKT003390,CU02998,AG032,Social Media,Product Inquiry,2025-04-16 11:08:00,114.8,3.8,3
TKT003391,CU00024,AG025,Chat,Account Access,2025-11-08 09:12:00,1.2,5.2,5
TKT003392,CU01165,AG005,Chat,Technical Issue,2025-10-09 07:39:00,4.6,11.4,4
TKT003393,CU00701,AG020,Chat,Delivery,2025-11-30 07:44:00,2.3,4.2,4
TKT003394,CU00496,AG019,Chat,Delivery,2025-10-05 15:06:00,1.0,4.7,4
TKT003395,CU02339,AG001,Social Media,Account Access,2025-12-10 16:45:00,104.7,3.6,3
TKT003396,CU03603,AG025,Chat,Billing,2025-08-15 11:56:00,1.2,4.9,5
TKT003397,CU02668,AG016,Social Media,Account Access,2025-02-09 14:17:00,88.6,2.2,5
TKT003398,CU03417,AG036,Chat,Account Access,2025-03-18 08:37:00,1.8,6.6,4
TKT003399,CU02366,AG005,Chat,Product Inquiry,2025-11-18 02:47:00,2.9,53.5,2
TKT003400,CU00215,AG034,Chat,Refund,2025-04-17 07:56:00,2.9,8.5,5
TKT003401,CU01384,AG001,Chat,Billing,2025-12-12 07:09:00,2.3,6.5,5
TKT003402,CU03295,AG031,Web Form,Account Access,2025-11-15 22:53:00,157.2,39.8,3
TKT003403,CU00177,AG032,Email,Account Access,2025-09-10 09:02:00,94.0,11.7,5
TKT003404,CU00389,AG017,Social Media,Account Access,2025-02-19 08:33:00,190.7,17.3,5
TKT003405,CU03336,AG012,Email,Technical Issue,2025-03-09 17:09:00,301.3,4.8,5
TKT003406,CU00254,AG006,Phone,Delivery,2025-09-29 11:06:00,4.8,10.5,4
TKT003407,CU03838,AG014,Email,Delivery,2025-05-27 09:14:00,180.2,5.6,4
TKT003408,CU03035,AG027,Email,Account Access,2025-05-27 09:09:00,236.2,53.6,2
TKT003409,CU02661,AG029,Chat,Product Inquiry,2025-02-02 08:03:00,1.7,8.4,5
TKT003410,CU02146,AG008,Email,Product Inquiry,2025-06-17 06:18:00,106.0,8.1,4
TKT003411,CU00358,AG001,Chat,Refund,2025-01-02 15:06:00,1.6,9.3,3
TKT003412,CU01659,AG023,Phone,Product Inquiry,2025-02-21 12:22:00,4.7,6.8,5
TKT003413,CU03232,AG024,Web Form,Account Access,2025-12-02 08:18:00,42.5,6.0,5
TKT003414,CU03616,AG040,Email,Product Inquiry,2025-10-03 17:31:00,94.1,69.9,5
TKT003415,CU01788,AG031,Phone,Product Inquiry,2025-12-21 02:51:00,2.3,11.1,4
TKT003416,CU03358,AG023,Chat,Delivery,2025-11-29 12:08:00,1.2,25.3,1
TKT003417,CU03107,AG024,Chat,Technical Issue,2025-12-02 08:51:00,1.4,7.8,4
TKT003418,CU00231,AG026,Chat,Technical Issue,2025-05-29 03:32:00,1.4,7.0,3
TKT003419,CU02481,AG019,Email,Account Access,2025-04-03 14:59:00,148.5,4.3,3
TKT003420,CU02465,AG028,Email,Delivery,2025-09-08 08:24:00,91.4,6.7,4
TKT003421,CU02172,AG008,Email,Account Access,2025-08-15 06:05:00,183.5,11.6,3
TKT003422,CU03090,AG034,Phone,Refund,2025-06-07 13:12:00,11.8,4.3,3
TKT003423,CU03558,AG035,Web Form,Delivery,2025-07-02 18:00:00,109.4,3.7,4
TKT003424,CU02202,AG018,Phone,Technical Issue,2025-03-15 13:51:00,2.2,2.2,5
TKT003425,CU01282,AG019,Phone,Technical Issue,2025-07-01 06:33:00,3.4,10.5,4
TKT003426,CU03933,AG020,Chat,Delivery,2025-12-18 10:52:00,1.0,49.5,2
TKT003427,CU03855,AG033,Social Media,Billing,2025-06-06 12:36:00,100.2,19.4,4
TKT003428,CU02745,AG008,Email,Product Inquiry,2025-07-08 10:56:00,160.9,1.4,5
TKT003429,CU02563,AG014,Email,Refund,2025-12-10 10:14:00,154.1,4.0,1
TKT003430,CU00417,AG025,Email,Billing,2025-11-08 13:19:00,78.6,7.3,4
TKT003431,CU01607,AG028,Phone,Account Access,2025-10-16 20:47:00,2.8,12.5,5
TKT003432,CU00794,AG012,Chat,Refund,2025-01-02 17:49:00,3.4,1.4,4
TKT003433,CU02060,AG005,Web Form,Refund,2025-11-06 09:57:00,68.4,2.5,5
TKT003434,CU03305,AG021,Chat,Account Access,2025-01-29 17:53:00,1.2,5.1,5
TKT003435,CU00899,AG026,Phone,Product Inquiry,2025-01-13 11:19:00,2.0,53.9,3
TKT003436,CU03988,AG031,Chat,Account Access,2025-05-09 17:40:00,1.9,3.7,4
TKT003437,CU00519,AG001,Phone,Technical Issue,2025-05-31 14:56:00,3.7,58.1,3
TKT003438,CU00394,AG001,Chat,Account Access,2025-02-14 15:15:00,1.0,8.5,5
TKT003439,CU03898,AG016,Chat,Delivery,2025-08-07 11:06:00,1.7,3.4,2
TKT003440,CU00402,AG023,Chat,Product Inquiry,2025-12-03 16:30:00,1.5,6.9,1
TKT003441,CU02941,AG001,Email,Technical Issue,2025-08-29 14:28:00,101.4,47.2,2
TKT003442,CU03054,AG007,Email,Billing,2025-12-17 14:41:00,110.6,49.5,4
TKT003443,CU01321,AG017,Chat,Account Access,2025-11-23 14:11:00,2.3,2.4,5
TKT003444,CU00258,AG012,Web Form,Refund,2025-10-25 05:26:00,57.8,2.6,3
TKT003445,CU01234,AG029,Email,Delivery,2025-03-02 12:35:00,279.2,4.6,4
TKT003446,CU00275,AG002,Social Media,Technical Issue,2025-08-21 05:34:00,100.3,5.3,4
TKT003447,CU02689,AG036,Email,Refund,2025-02-02 08:04:00,218.0,12.2,3
TKT003448,CU03556,AG007,Email,Delivery,2025-10-09 13:06:00,67.6,48.0,2
TKT003449,CU03989,AG018,Email,Product Inquiry,2025-11-23 11:30:00,152.2,27.7,1
TKT003450,CU03202,AG040,Web Form,Refund,2025-02-13 05:22:00,44.8,0.3,5
TKT003451,CU03099,AG027,Email,Technical Issue,2025-07-04 08:10:00,208.5,56.6,4
TKT003452,CU03527,AG040,Social Media,Product Inquiry,2025-02-16 12:48:00,103.5,11.0,4
TKT003453,CU03080,AG001,Email,Billing,2025-07-16 21:25:00,332.9,3.0,4
TKT003454,CU02603,AG029,Phone,Product Inquiry,2025-06-14 13:34:00,2.4,8.7,3
TKT003455,CU03986,AG004,Phone,Technical Issue,2025-11-21 17:41:00,2.7,2.8,5
TKT003456,CU01291,AG025,Chat,Refund,2025-04-10 12:43:00,2.4,7.8,4
TKT003457,CU01652,AG014,Phone,Billing,2025-10-01 08:20:00,3.7,44.6,4
TKT003458,CU03626,AG032,Email,Technical Issue,2025-08-29 02:01:00,83.3,5.3,5
TKT003459,CU01245,AG005,Chat,Product Inquiry,2025-09-24 11:32:00,2.5,4.7,4
TKT003460,CU01195,AG036,Email,Billing,2025-12-17 20:14:00,106.6,5.0,5
TKT003461,CU00609,AG020,Web Form,Technical Issue,2025-03-09 10:58:00,70.5,9.7,4
TKT003462,CU01103,AG021,Chat,Refund,2025-01-05 11:53:00,1.0,6.4,5
TKT003463,CU02375,AG023,Phone,Billing,2025-08-15 15:52:00,3.4,1.9,4
TKT003464,CU03546,AG002,Chat,Account Access,2025-02-14 16:46:00,2.2,5.2,4
TKT003465,CU00546,AG013,Email,Product Inquiry,2025-06-14 14:59:00,153.7,70.6,3
TKT003466,CU02724,AG029,Email,Account Access,2025-07-10 10:57:00,205.6,12.6,3
TKT003467,CU03066,AG039,Email,Technical Issue,2025-08-12 20:10:00,122.4,11.8,4
TKT003468,CU03583,AG040,Chat,Delivery,2025-01-05 11:36:00,2.6,5.7,2
TKT003469,CU03001,AG022,Phone,Delivery,2025-07-30 10:29:00,3.9,70.0,3
TKT003470,CU00624,AG011,Phone,Technical Issue,2025-10-12 18:01:00,6.0,5.7,3
TKT003471,CU01956,AG020,Email,Account Access,2025-01-10 20:47:00,60.1,16.9,4
TKT003472,CU03810,AG019,Phone,Billing,2025-05-25 21:06:00,1.0,43.6,5
TKT003473,CU03634,AG016,Chat,Technical Issue,2025-05-06 13:55:00,4.0,53.3,2
TKT003474,CU02451,AG015,Chat,Billing,2025-05-05 18:41:00,1.5,3.3,1
TKT003475,CU03853,AG035,Chat,Product Inquiry,2025-06-17 08:14:00,1.0,9.9,3
TKT003476,CU02673,AG016,Phone,Billing,2025-02-21 19:02:00,3.7,4.0,1
TKT003477,CU00260,AG002,Web Form,Technical Issue,2025-07-02 16:59:00,41.4,39.2,4
TKT003478,CU03657,AG029,Social Media,Product Inquiry,2025-01-29 11:48:00,110.3,20.8,3
TKT003479,CU00673,AG027,Phone,Billing,2025-02-06 09:26:00,5.2,46.7,5
TKT003480,CU01524,AG016,Social Media,Product Inquiry,2025-07-15 16:48:00,71.5,64.9,4
TKT003481,CU00953,AG026,Email,Refund,2025-11-24 12:46:00,233.4,27.3,4
TKT003482,CU02879,AG038,Phone,Account Access,2025-09-16 22:36:00,2.1,23.9,2
TKT003483,CU00120,AG037,Email,Billing,2025-05-03 18:31:00,38.4,27.3,3
TKT003484,CU02562,AG032,Email,Technical Issue,2025-05-07 17:02:00,151.8,2.5,3
TKT003485,CU03458,AG024,Phone,Technical Issue,2025-06-28 10:17:00,3.5,9.5,4
TKT003486,CU03152,AG002,Email,Technical Issue,2025-01-13 16:18:00,49.4,6.9,4
TKT003487,CU01228,AG021,Phone,Account Access,2025-08-31 16:06:00,5.6,42.6,2
TKT003488,CU03588,AG033,Phone,Billing,2025-02-18 11:42:00,1.6,23.9,4
TKT003489,CU01449,AG034,Chat,Refund,2025-09-20 07:09:00,1.9,1.9,5
TKT003490,CU02721,AG031,Email,Billing,2025-05-17 16:15:00,213.5,6.4,5
TKT003491,CU02027,AG040,Chat,Billing,2025-05-18 10:38:00,2.3,1.4,4
TKT003492,CU00271,AG021,Email,Technical Issue,2025-06-10 08:31:00,156.3,3.2,3
TKT003493,CU00012,AG005,Chat,Billing,2025-02-17 05:33:00,1.5,0.7,4
TKT003494,CU00733,AG020,Phone,Refund,2025-03-29 10:51:00,4.4,8.1,4
TKT003495,CU03739,AG013,Social Media,Delivery,2025-03-17 13:25:00,119.0,4.3,3
TKT003496,CU03816,AG034,Social Media,Billing,2025-11-06 04:37:00,63.1,67.4,4
TKT003497,CU01641,AG032,Chat,Account Access,2025-03-02 14:37:00,1.1,6.9,5
TKT003498,CU03875,AG017,Chat,Billing,2025-02-17 19:07:00,3.1,5.4,4
TKT003499,CU00198,AG016,Email,Product Inquiry,2025-03-31 14:30:00,387.6,2.1,5
TKT003500,CU03870,AG007,Web Form,Billing,2025-06-05 13:32:00,125.1,2.8,4
TKT003501,CU00924,AG002,Email,Delivery,2025-08-09 09:08:00,33.0,4.5,4
TKT003502,CU00148,AG013,Chat,Technical Issue,2025-06-04 12:07:00,4.0,48.4,5
TKT003503,CU03032,AG010,Email,Billing,2025-07-15 14:15:00,98.8,12.0,5
TKT003504,CU01530,AG011,Chat,Account Access,2025-07-08 18:25:00,5.4,55.9,5
TKT003505,CU01170,AG040,Chat,Technical Issue,2025-03-03 19:25:00,1.1,1.3,4
TKT003506,CU03039,AG028,Chat,Account Access,2025-01-03 12:13:00,1.1,8.1,5
TKT003507,CU01333,AG023,Phone,Account Access,2025-09-06 08:23:00,3.9,8.0,3
TKT003508,CU03012,AG008,Email,Technical Issue,2025-12-11 16:17:00,112.2,4.2,2
TKT003509,CU00781,AG034,Email,Product Inquiry,2025-01-24 21:54:00,115.4,37.4,3
TKT003510,CU00344,AG026,Email,Technical Issue,2025-12-02 21:39:00,235.2,9.2,4
TKT003511,CU01300,AG021,Web Form,Product Inquiry,2025-11-29 23:56:00,108.6,2.6,5
TKT003512,CU02438,AG019,Web Form,Account Access,2025-10-15 09:38:00,32.7,6.8,5
TKT003513,CU00900,AG023,Chat,Technical Issue,2025-07-26 18:32:00,4.9,25.0,5
TKT003514,CU00572,AG034,Web Form,Technical Issue,2025-05-05 05:29:00,28.0,8.1,4
TKT003515,CU02997,AG029,Chat,Delivery,2025-08-04 01:15:00,1.4,10.5,4
TKT003516,CU01973,AG020,Chat,Delivery,2025-01-05 15:10:00,8.1,3.9,4
TKT003517,CU01726,AG027,Email,Delivery,2025-04-15 07:47:00,171.6,8.3,5
TKT003518,CU00959,AG038,Phone,Billing,2025-05-24 11:23:00,2.8,58.1,3
TKT003519,CU00071,AG014,Social Media,Technical Issue,2025-07-06 01:10:00,104.1,28.1,2
TKT003520,CU00213,AG037,Chat,Refund,2025-04-10 07:25:00,2.9,66.4,4
TKT003521,CU02726,AG025,Email,Refund,2025-06-05 09:29:00,168.5,5.4,4
TKT003522,CU00321,AG008,Chat,Billing,2025-09-22 14:40:00,4.0,5.3,5
TKT003523,CU00988,AG039,Chat,Refund,2025-12-14 10:59:00,1.2,63.6,5
TKT003524,CU03644,AG028,Email,Delivery,2025-10-28 14:58:00,97.7,46.2,5
TKT003525,CU01376,AG016,Email,Account Access,2025-01-28 15:52:00,85.8,72.0,4
TKT003526,CU02979,AG009,Phone,Delivery,2025-08-04 00:49:00,2.5,7.5,4
TKT003527,CU01374,AG037,Phone,Technical Issue,2025-06-17 18:55:00,4.1,10.4,4
TKT003528,CU03728,AG033,Email,Technical Issue,2025-07-10 05:42:00,78.0,28.1,5
TKT003529,CU03288,AG002,Email,Delivery,2025-10-16 19:05:00,164.3,2.3,4
TKT003530,CU01880,AG026,Social Media,Product Inquiry,2025-04-30 22:14:00,127.5,65.8,3
TKT003531,CU02738,AG005,Phone,Account Access,2025-07-18 19:27:00,2.0,5.0,5
TKT003532,CU01654,AG012,Email,Technical Issue,2025-11-20 13:47:00,99.0,40.2,4
TKT003533,CU03778,AG023,Email,Technical Issue,2025-07-26 17:46:00,105.7,6.8,5
TKT003534,CU01434,AG010,Web Form,Billing,2025-07-22 08:52:00,48.8,24.6,3
TKT003535,CU03346,AG021,Phone,Delivery,2025-11-29 20:09:00,3.7,8.0,4
TKT003536,CU02466,AG018,Chat,Technical Issue,2025-01-11 02:35:00,3.3,12.2,4
TKT003537,CU02575,AG024,Chat,Technical Issue,2025-05-18 14:46:00,3.4,4.3,2
TKT003538,CU01407,AG033,Phone,Delivery,2025-06-29 12:23:00,2.6,11.8,4
TKT003539,CU03332,AG007,Chat,Technical Issue,2025-01-01 17:20:00,2.9,9.1,3
TKT003540,CU02986,AG032,Phone,Billing,2025-06-23 16:39:00,8.5,6.4,3
TKT003541,CU03262,AG009,Web Form,Delivery,2025-12-04 10:53:00,107.0,2.3,3
TKT003542,CU03206,AG002,Chat,Technical Issue,2025-10-15 08:27:00,2.2,6.2,4
TKT003543,CU00631,AG018,Email,Billing,2025-01-13 17:25:00,135.9,6.0,4
TKT003544,CU03504,AG013,Email,Technical Issue,2025-11-16 22:04:00,64.7,19.0,4
TKT003545,CU03368,AG008,Email,Billing,2025-10-19 07:15:00,111.5,7.6,4
TKT003546,CU00972,AG017,Social Media,Product Inquiry,2025-11-17 16:04:00,39.6,1.9,3
TKT003547,CU03927,AG035,Email,Delivery,2025-02-20 13:55:00,262.1,11.3,3
TKT003548,CU02109,AG024,Email,Technical Issue,2025-11-24 10:50:00,121.1,7.3,5
TKT003549,CU01288,AG030,Chat,Technical Issue,2025-01-08 01:42:00,1.9,9.8,4
TKT003550,CU00894,AG006,Email,Billing,2025-01-13 16:12:00,99.7,8.7,4
TKT003551,CU01459,AG004,Phone,Product Inquiry,2025-05-10 08:27:00,1.8,11.4,4
TKT003552,CU00151,AG014,Phone,Delivery,2025-10-25 18:00:00,5.9,12.3,3
TKT003553,CU02763,AG031,Email,Delivery,2025-11-12 09:57:00,184.5,18.6,5
TKT003554,CU02832,AG036,Chat,Technical Issue,2025-08-20 14:03:00,3.3,11.5,5
TKT003555,CU02672,AG005,Email,Product Inquiry,2025-01-14 10:36:00,53.4,4.5,5
TKT003556,CU02196,AG020,Social Media,Refund,2025-11-16 16:29:00,185.9,2.3,5
TKT003557,CU01451,AG016,Email,Technical Issue,2025-04-06 07:35:00,130.7,2.6,5
TKT003558,CU02896,AG030,Chat,Billing,2025-09-29 10:04:00,3.1,3.4,5
TKT003559,CU03486,AG009,Social Media,Billing,2025-04-12 13:21:00,21.1,47.0,2
TKT003560,CU00351,AG020,Email,Account Access,2025-07-26 14:49:00,175.4,3.0,5
TKT003561,CU01532,AG034,Web Form,Billing,2025-02-04 14:50:00,52.8,5.9,5
TKT003562,CU03983,AG019,Email,Technical Issue,2025-12-31 06:24:00,124.0,48.8,3
TKT003563,CU03448,AG032,Phone,Delivery,2025-02-03 03:35:00,3.8,7.1,4
TKT003564,CU03978,AG025,Email,Delivery,2025-12-15 09:48:00,100.9,7.2,5
TKT003565,CU00734,AG024,Chat,Billing,2025-11-28 04:37:00,1.0,4.7,4
TKT003566,CU01860,AG011,Chat,Account Access,2025-02-24 09:25:00,1.0,19.4,4
TKT003567,CU00522,AG040,Email,Technical Issue,2025-09-11 05:56:00,142.1,10.2,3
TKT003568,CU03465,AG010,Social Media,Billing,2025-05-06 13:59:00,185.1,7.8,4
TKT003569,CU02076,AG038,Chat,Refund,2025-04-24 07:16:00,3.7,14.4,5
TKT003570,CU00975,AG040,Phone,Account Access,2025-04-30 11:02:00,4.5,5.8,4
TKT003571,CU00362,AG021,Chat,Product Inquiry,2025-03-28 17:47:00,1.5,8.3,4
TKT003572,CU02951,AG035,Chat,Delivery,2025-12-17 17:06:00,6.2,13.3,3
TKT003573,CU03248,AG029,Social Media,Delivery,2025-01-16 14:48:00,130.9,38.8,3
TKT003574,CU03517,AG030,Phone,Billing,2025-05-10 03:46:00,5.5,3.1,4
TKT003575,CU03886,AG003,Phone,Technical Issue,2025-05-11 13:03:00,1.9,3.3,3
TKT003576,CU03259,AG006,Chat,Product Inquiry,2025-06-02 09:32:00,2.3,15.4,3
TKT003577,CU03146,AG003,Web Form,Delivery,2025-04-20 14:43:00,27.8,7.4,4
TKT003578,CU03248,AG002,Phone,Product Inquiry,2025-08-31 19:04:00,12.6,6.0,4
TKT003579,CU03995,AG034,Web Form,Delivery,2025-12-01 14:49:00,34.6,7.7,4
TKT003580,CU01853,AG008,Email,Billing,2025-09-01 20:06:00,100.3,28.4,4
TKT003581,CU03035,AG001,Email,Technical Issue,2025-03-22 09:32:00,98.0,64.1,3
TKT003582,CU03280,AG038,Social Media,Billing,2025-12-30 09:01:00,73.4,7.7,4
TKT003583,CU00466,AG012,Email,Account Access,2025-05-28 08:06:00,202.4,3.3,4
TKT003584,CU02763,AG033,Email,Product Inquiry,2025-04-24 06:44:00,140.2,6.2,4
TKT003585,CU01356,AG039,Email,Refund,2025-09-06 01:04:00,143.3,44.4,3
TKT003586,CU00530,AG021,Chat,Account Access,2025-12-22 20:53:00,3.0,7.1,4
TKT003587,CU00682,AG038,Phone,Billing,2025-04-28 12:01:00,1.7,54.1,2
TKT003588,CU00457,AG039,Phone,Technical Issue,2025-03-15 20:37:00,6.0,49.5,2
TKT003589,CU03591,AG006,Email,Billing,2025-10-13 18:21:00,150.8,5.9,4
TKT003590,CU03088,AG006,Chat,Product Inquiry,2025-06-24 16:36:00,1.4,11.1,5
TKT003591,CU00409,AG015,Email,Delivery,2025-09-23 20:37:00,150.5,20.8,5
TKT003592,CU02502,AG023,Email,Account Access,2025-06-15 09:38:00,149.0,14.9,4
TKT003593,CU02642,AG032,Email,Refund,2025-01-13 18:34:00,33.1,37.7,5
TKT003594,CU02078,AG008,Chat,Technical Issue,2025-05-13 15:57:00,4.3,8.8,5
TKT003595,CU02425,AG008,Email,Product Inquiry,2025-11-09 14:30:00,272.2,10.0,5
TKT003596,CU03630,AG013,Email,Delivery,2025-12-08 15:51:00,68.3,16.2,4
TKT003597,CU02076,AG011,Web Form,Technical Issue,2025-05-13 19:25:00,36.3,2.9,3
TKT003598,CU02639,AG038,Social Media,Delivery,2025-09-11 20:36:00,189.5,9.6,4
TKT003599,CU02285,AG016,Email,Technical Issue,2025-02-04 08:40:00,201.8,3.1,3
TKT003600,CU01585,AG035,Email,Delivery,2025-03-21 06:23:00,173.4,38.3,1
TKT003601,CU03564,AG003,Chat,Billing,2025-09-12 10:52:00,2.5,4.3,2
TKT003602,CU01656,AG005,Email,Technical Issue,2025-01-16 17:16:00,172.0,9.1,3
TKT003603,CU03200,AG033,Chat,Delivery,2025-09-30 07:49:00,1.1,15.4,4
TKT003604,CU02421,AG010,Chat,Billing,2025-12-18 15:11:00,1.5,38.4,3
TKT003605,CU02740,AG004,Email,Technical Issue,2025-01-26 11:42:00,242.3,4.1,5
TKT003606,CU03042,AG024,Chat,Refund,2025-08-01 19:49:00,2.9,8.0,4
TKT003607,CU02944,AG006,Email,Technical Issue,2025-05-10 17:17:00,163.7,8.0,3
TKT003608,CU02258,AG003,Web Form,Delivery,2025-08-23 13:15:00,38.5,7.0,2
TKT003609,CU02462,AG017,Chat,Account Access,2025-11-23 11:56:00,3.4,2.6,4
TKT003610,CU02036,AG023,Social Media,Technical Issue,2025-01-30 18:38:00,52.9,3.6,4
TKT003611,CU01357,AG022,Phone,Product Inquiry,2025-09-02 09:51:00,9.0,17.4,5
TKT003612,CU02908,AG024,Email,Billing,2025-03-08 14:56:00,93.9,13.3,5
TKT003613,CU03516,AG001,Phone,Technical Issue,2025-07-14 20:56:00,2.5,5.5,3
TKT003614,CU02822,AG012,Chat,Billing,2025-06-11 14:49:00,2.0,9.1,5
TKT003615,CU03089,AG014,Chat,Account Access,2025-07-04 20:37:00,2.2,56.8,3
TKT003616,CU03322,AG012,Web Form,Technical Issue,2025-10-07 12:56:00,58.0,6.8,4
TKT003617,CU01470,AG023,Email,Billing,2025-08-11 15:19:00,67.6,1.3,5
TKT003618,CU00251,AG010,Web Form,Account Access,2025-05-07 20:32:00,69.4,10.0,4
TKT003619,CU01351,AG026,Email,Delivery,2025-08-27 16:27:00,239.9,1.4,3
TKT003620,CU03020,AG038,Social Media,Billing,2025-08-06 19:20:00,86.1,3.0,4
TKT003621,CU03263,AG027,Email,Billing,2025-01-26 18:19:00,59.8,13.1,5
TKT003622,CU02056,AG016,Chat,Technical Issue,2025-08-12 06:58:00,1.8,4.4,5
TKT003623,CU03115,AG018,Chat,Billing,2025-05-02 09:21:00,1.1,5.7,2
TKT003624,CU00299,AG024,Phone,Delivery,2025-02-23 16:06:00,1.4,66.5,3
TKT003625,CU02577,AG029,Chat,Billing,2025-07-12 19:25:00,1.5,2.7,5
TKT003626,CU02717,AG013,Chat,Billing,2025-07-08 17:22:00,4.9,37.1,2
TKT003627,CU02032,AG002,Email,Billing,2025-09-24 10:56:00,133.8,7.8,3
TKT003628,CU02867,AG029,Phone,Delivery,2025-06-07 15:46:00,3.4,7.7,5
TKT003629,CU01966,AG027,Chat,Account Access,2025-09-29 15:29:00,3.0,10.5,4
TKT003630,CU02095,AG005,Phone,Billing,2025-04-13 12:49:00,5.6,3.4,5
TKT003631,CU02416,AG026,Phone,Delivery,2025-08-10 14:24:00,1.8,5.4,3
TKT003632,CU03176,AG003,Chat,Delivery,2025-12-18 22:13:00,5.6,3.4,5
TKT003633,CU00995,AG026,Chat,Technical Issue,2025-08-03 14:38:00,2.2,4.4,3
TKT003634,CU01201,AG030,Phone,Billing,2025-09-06 08:37:00,6.6,3.7,4
TKT003635,CU01676,AG001,Email,Technical Issue,2025-05-15 13:17:00,100.9,25.9,1
TKT003636,CU00808,AG030,Social Media,Refund,2025-09-04 08:10:00,30.7,15.5,5
TKT003637,CU01337,AG005,Email,Billing,2025-11-01 15:00:00,131.3,3.3,4
TKT003638,CU01403,AG011,Chat,Billing,2025-11-15 19:23:00,1.1,10.3,2
TKT003639,CU01257,AG029,Phone,Account Access,2025-12-01 15:43:00,7.6,14.6,4
TKT003640,CU01641,AG015,Email,Account Access,2025-04-22 19:48:00,64.2,3.9,5
TKT003641,CU02020,AG040,Chat,Refund,2025-11-05 16:19:00,2.0,5.1,4
TKT003642,CU02784,AG039,Chat,Billing,2025-05-08 12:39:00,2.8,6.4,3
TKT003643,CU01212,AG040,Phone,Billing,2025-11-15 13:14:00,5.1,14.3,5
TKT003644,CU03383,AG005,Email,Account Access,2025-01-03 13:11:00,106.3,29.6,1
TKT003645,CU01918,AG008,Chat,Delivery,2025-11-28 11:32:00,1.0,0.3,3
TKT003646,CU02884,AG008,Chat,Product Inquiry,2025-03-20 07:18:00,1.0,5.7,4
TKT003647,CU00460,AG024,Web Form,Delivery,2025-03-15 16:09:00,36.3,7.9,5
TKT003648,CU00696,AG018,Phone,Account Access,2025-07-24 05:14:00,1.8,8.9,5
TKT003649,CU01815,AG030,Email,Technical Issue,2025-07-07 09:16:00,134.3,9.3,3
TKT003650,CU01465,AG012,Social Media,Product Inquiry,2025-02-27 12:18:00,59.2,8.5,5
TKT003651,CU01985,AG008,Chat,Delivery,2025-07-15 22:30:00,1.0,14.6,5
TKT003652,CU00634,AG026,Email,Technical Issue,2025-10-20 10:52:00,64.0,3.3,4
TKT003653,CU01895,AG025,Email,Billing,2025-06-27 17:58:00,58.3,7.8,3
TKT003654,CU02747,AG028,Email,Account Access,2025-08-01 12:34:00,135.7,9.4,5
TKT003655,CU02914,AG013,Social Media,Technical Issue,2025-11-06 09:14:00,60.1,37.6,4
TKT003656,CU00993,AG022,Web Form,Delivery,2025-03-07 03:11:00,55.8,6.0,5
TKT003657,CU01378,AG038,Chat,Delivery,2025-04-29 07:28:00,1.9,0.9,5
TKT003658,CU02102,AG025,Web Form,Technical Issue,2025-11-23 12:40:00,49.2,3.8,5
TKT003659,CU02072,AG038,Email,Product Inquiry,2025-02-28 11:31:00,199.9,1.9,4
TKT003660,CU03168,AG018,Email,Product Inquiry,2025-04-03 15:07:00,62.3,6.8,5
TKT003661,CU01562,AG002,Web Form,Technical Issue,2025-04-11 06:42:00,78.8,5.1,5
TKT003662,CU02684,AG031,Email,Billing,2025-10-28 10:18:00,173.7,37.8,1
TKT003663,CU03536,AG019,Chat,Product Inquiry,2025-02-22 02:31:00,1.8,10.3,3
TKT003664,CU01194,AG002,Phone,Billing,2025-05-17 18:51:00,2.6,31.4,5
TKT003665,CU03292,AG006,Chat,Product Inquiry,2025-05-28 11:44:00,2.0,11.7,4
TKT003666,CU01332,AG013,Web Form,Technical Issue,2025-01-30 14:31:00,70.4,10.0,3
TKT003667,CU01338,AG008,Email,Delivery,2025-02-12 16:51:00,64.8,5.1,5
TKT003668,CU02614,AG028,Email,Account Access,2025-05-18 09:12:00,195.8,5.6,5
TKT003669,CU02488,AG025,Web Form,Billing,2025-02-01 08:16:00,143.1,12.6,3
TKT003670,CU02198,AG014,Phone,Delivery,2025-12-24 14:16:00,3.9,4.9,3
TKT003671,CU00925,AG004,Web Form,Technical Issue,2025-06-14 19:50:00,112.6,6.6,5
TKT003672,CU00386,AG004,Phone,Technical Issue,2025-01-03 19:50:00,5.2,5.4,5
TKT003673,CU03636,AG038,Chat,Technical Issue,2025-08-08 10:15:00,2.3,59.7,2
TKT003674,CU03496,AG014,Chat,Technical Issue,2025-10-03 09:11:00,1.4,35.6,5
TKT003675,CU03547,AG005,Email,Technical Issue,2025-08-10 11:48:00,116.1,7.6,4
TKT003676,CU02051,AG029,Chat,Billing,2025-07-28 09:27:00,1.2,10.9,5
TKT003677,CU03539,AG035,Social Media,Technical Issue,2025-02-03 21:38:00,151.2,2.7,4
TKT003678,CU01894,AG005,Social Media,Technical Issue,2025-09-24 04:11:00,59.8,6.5,4
TKT003679,CU00303,AG038,Web Form,Technical Issue,2025-12-21 08:34:00,145.0,8.2,5
TKT003680,CU00794,AG029,Chat,Refund,2025-05-13 03:41:00,2.5,3.1,3
TKT003681,CU01091,AG011,Phone,Technical Issue,2025-02-14 18:27:00,5.0,54.2,2
TKT003682,CU01508,AG032,Chat,Delivery,2025-03-20 12:49:00,1.0,8.3,4
TKT003683,CU03757,AG017,Phone,Technical Issue,2025-08-30 09:32:00,5.8,6.3,4
TKT003684,CU01332,AG026,Email,Technical Issue,2025-08-23 11:32:00,124.0,3.1,4
TKT003685,CU02451,AG006,Chat,Billing,2025-11-21 07:14:00,1.5,4.4,4
TKT003686,CU01083,AG010,Email,Billing,2025-05-29 07:40:00,97.6,3.5,4
TKT003687,CU02574,AG031,Chat,Account Access,2025-11-19 20:29:00,1.0,8.0,4
TKT003688,CU02270,AG033,Web Form,Delivery,2025-04-11 16:38:00,55.3,16.1,4
TKT003689,CU00602,AG001,Web Form,Billing,2025-07-06 15:36:00,50.2,35.9,4
TKT003690,CU01850,AG009,Phone,Technical Issue,2025-08-29 12:22:00,1.9,29.9,1
TKT003691,CU00422,AG025,Chat,Refund,2025-04-12 13:22:00,2.7,13.4,5
TKT003692,CU03557,AG037,Web Form,Technical Issue,2025-05-15 17:18:00,177.3,6.9,5
TKT003693,CU02817,AG027,Chat,Refund,2025-10-30 05:22:00,1.0,4.6,4
TKT003694,CU03766,AG029,Email,Account Access,2025-07-30 15:50:00,131.5,3.7,3
TKT003695,CU03503,AG016,Chat,Billing,2025-08-12 14:20:00,5.0,1.1,5
TKT003696,CU00878,AG003,Web Form,Billing,2025-08-16 10:07:00,35.9,8.8,4
TKT003697,CU02829,AG031,Phone,Billing,2025-10-16 09:49:00,5.1,10.5,3
TKT003698,CU00401,AG032,Social Media,Account Access,2025-12-21 18:13:00,111.7,36.9,2
TKT003699,CU03843,AG018,Chat,Product Inquiry,2025-05-26 20:23:00,2.9,5.7,5
TKT003700,CU03142,AG021,Social Media,Billing,2025-05-10 07:12:00,246.6,17.4,2
TKT003701,CU02722,AG010,Phone,Product Inquiry,2025-11-30 08:34:00,1.5,9.7,2
TKT003702,CU03980,AG019,Chat,Technical Issue,2025-06-24 15:15:00,2.2,8.1,3
TKT003703,CU03388,AG010,Chat,Technical Issue,2025-12-06 17:58:00,1.5,48.3,3
TKT003704,CU03455,AG017,Web Form,Account Access,2025-11-18 13:25:00,53.8,6.6,4
TKT003705,CU00401,AG006,Chat,Product Inquiry,2025-09-27 20:01:00,2.1,6.0,5
TKT003706,CU00095,AG025,Email,Account Access,2025-09-20 19:33:00,119.1,5.5,5
TKT003707,CU03845,AG010,Chat,Refund,2025-12-11 07:13:00,1.1,9.2,4
TKT003708,CU01006,AG029,Web Form,Account Access,2025-04-10 08:21:00,31.4,6.5,5
TKT003709,CU01706,AG021,Chat,Refund,2025-06-15 07:55:00,6.4,18.2,5
TKT003710,CU00174,AG036,Email,Refund,2025-07-19 19:10:00,65.5,5.8,3
TKT003711,CU02493,AG009,Chat,Delivery,2025-03-12 14:43:00,3.9,6.7,5
TKT003712,CU03284,AG011,Email,Delivery,2025-07-08 20:41:00,79.2,14.7,5
TKT003713,CU03367,AG010,Social Media,Account Access,2025-08-28 16:22:00,94.8,2.1,4
TKT003714,CU02326,AG026,Social Media,Product Inquiry,2025-07-03 16:26:00,265.7,2.7,4
TKT003715,CU02646,AG005,Chat,Account Access,2025-08-27 07:05:00,3.1,45.0,5
TKT003716,CU02055,AG028,Web Form,Billing,2025-02-07 07:28:00,24.9,12.9,3
TKT003717,CU01785,AG033,Email,Refund,2025-06-29 20:30:00,116.3,64.9,5
TKT003718,CU02218,AG027,Email,Delivery,2025-12-06 13:35:00,138.0,20.7,3
TKT003719,CU03744,AG006,Chat,Account Access,2025-04-06 23:47:00,3.5,8.8,4
TKT003720,CU01010,AG020,Phone,Delivery,2025-06-16 10:55:00,4.1,6.6,5
TKT003721,CU01881,AG022,Chat,Billing,2025-08-16 15:25:00,1.8,1.8,2
TKT003722,CU02407,AG016,Chat,Billing,2025-08-17 14:52:00,5.2,55.2,4
TKT003723,CU02281,AG019,Web Form,Technical Issue,2025-03-07 06:50:00,131.2,25.8,4
TKT003724,CU00123,AG031,Web Form,Refund,2025-02-11 13:18:00,80.8,48.3,5
TKT003725,CU01150,AG034,Chat,Delivery,2025-10-02 20:17:00,1.4,28.8,4
TKT003726,CU02585,AG013,Web Form,Refund,2025-07-14 12:32:00,12.8,13.9,3
TKT003727,CU02777,AG014,Phone,Billing,2025-11-27 12:29:00,2.0,5.5,4
TKT003728,CU02938,AG009,Web Form,Product Inquiry,2025-12-28 16:22:00,23.5,1.0,4
TKT003729,CU03966,AG017,Chat,Billing,2025-03-02 17:05:00,1.9,43.3,2
TKT003730,CU02693,AG022,Email,Billing,2025-05-12 18:47:00,234.5,6.3,5
TKT003731,CU02319,AG029,Chat,Product Inquiry,2025-10-27 12:31:00,5.9,7.4,4
TKT003732,CU01329,AG011,Web Form,Delivery,2025-04-18 12:10:00,110.8,11.6,5
TKT003733,CU01482,AG009,Phone,Product Inquiry,2025-03-14 12:51:00,2.7,2.5,4
TKT003734,CU03306,AG002,Chat,Delivery,2025-02-26 21:55:00,2.3,5.7,5
TKT003735,CU01875,AG004,Email,Technical Issue,2025-07-02 20:09:00,174.7,5.9,5
TKT003736,CU02863,AG003,Phone,Billing,2025-05-20 15:31:00,1.7,2.1,4
TKT003737,CU00497,AG009,Social Media,Refund,2025-12-06 10:36:00,55.7,2.2,5
TKT003738,CU00514,AG028,Email,Account Access,2025-12-19 19:14:00,110.5,44.3,2
TKT003739,CU00862,AG031,Chat,Delivery,2025-01-31 08:18:00,6.5,5.5,5
TKT003740,CU00781,AG039,Chat,Technical Issue,2025-11-26 07:23:00,2.5,2.6,4
TKT003741,CU02428,AG022,Email,Billing,2025-02-02 11:21:00,67.9,6.5,4
TKT003742,CU02549,AG019,Social Media,Refund,2025-09-20 15:40:00,71.2,12.0,3
TKT003743,CU02232,AG036,Web Form,Product Inquiry,2025-12-16 05:00:00,70.4,2.4,4
TKT003744,CU01158,AG006,Chat,Billing,2025-05-07 10:39:00,1.7,24.5,3
TKT003745,CU02307,AG026,Phone,Technical Issue,2025-02-27 17:31:00,3.3,5.6,5
TKT003746,CU00478,AG033,Chat,Technical Issue,2025-01-25 15:45:00,3.0,36.2,5
TKT003747,CU01892,AG021,Chat,Technical Issue,2025-05-05 06:59:00,4.3,6.5,4
TKT003748,CU00620,AG011,Email,Refund,2025-12-14 09:25:00,273.3,4.1,5
TKT003749,CU00307,AG025,Phone,Billing,2025-06-17 16:08:00,3.4,3.3,4
TKT003750,CU00663,AG040,Email,Billing,2025-06-02 07:26:00,127.8,5.0,4
TKT003751,CU00445,AG010,Email,Delivery,2025-01-03 01:14:00,118.1,4.4,5
TKT003752,CU01912,AG023,Chat,Refund,2025-09-01 23:30:00,3.6,6.4,4
TKT003753,CU02184,AG003,Email,Billing,2025-03-10 14:13:00,113.0,32.8,1
TKT003754,CU02430,AG010,Phone,Product Inquiry,2025-09-09 12:00:00,1.4,1.3,5
TKT003755,CU01759,AG031,Email,Billing,2025-10-30 14:33:00,182.5,51.6,5
TKT003756,CU00706,AG020,Chat,Technical Issue,2025-10-10 15:19:00,2.7,6.2,3
TKT003757,CU00084,AG008,Email,Product Inquiry,2025-07-09 13:11:00,112.0,2.2,5
TKT003758,CU02850,AG014,Email,Technical Issue,2025-08-26 15:00:00,388.0,29.5,5
TKT003759,CU03931,AG005,Phone,Product Inquiry,2025-05-24 16:57:00,3.0,4.8,4
TKT003760,CU01125,AG032,Chat,Delivery,2025-09-16 08:50:00,4.4,10.6,4
TKT003761,CU00819,AG038,Email,Product Inquiry,2025-09-06 12:41:00,67.0,3.4,3
TKT003762,CU01247,AG005,Email,Technical Issue,2025-03-10 10:22:00,163.0,1.8,3
TKT003763,CU00858,AG010,Chat,Billing,2025-04-29 17:37:00,1.3,0.3,5
TKT003764,CU00894,AG035,Chat,Refund,2025-10-11 17:32:00,1.9,29.8,1
TKT003765,CU01979,AG036,Phone,Refund,2025-06-10 17:00:00,6.1,3.2,4
TKT003766,CU03141,AG031,Social Media,Refund,2025-03-28 12:54:00,65.8,3.3,5
TKT003767,CU02850,AG029,Web Form,Billing,2025-12-29 14:28:00,37.5,1.5,5
TKT003768,CU03840,AG035,Chat,Delivery,2025-11-13 16:27:00,1.8,5.7,5
TKT003769,CU01430,AG015,Chat,Billing,2025-10-10 10:48:00,15.8,5.8,5
TKT003770,CU01970,AG036,Chat,Billing,2025-06-03 22:42:00,2.2,8.6,5
TKT003771,CU01522,AG036,Chat,Account Access,2025-07-22 11:30:00,2.2,35.8,1
TKT003772,CU00169,AG010,Phone,Delivery,2025-12-12 13:51:00,5.1,9.3,5
TKT003773,CU01554,AG003,Social Media,Account Access,2025-07-12 18:44:00,35.0,22.5,3
TKT003774,CU01043,AG021,Chat,Technical Issue,2025-10-29 16:34:00,3.3,8.5,4
TKT003775,CU01915,AG031,Web Form,Refund,2025-11-05 13:40:00,81.3,6.9,4
TKT003776,CU00633,AG034,Chat,Product Inquiry,2025-10-21 11:09:00,1.0,50.8,4
TKT003777,CU02967,AG006,Phone,Billing,2025-08-08 15:55:00,15.0,4.0,5
TKT003778,CU03372,AG016,Chat,Refund,2025-05-06 12:52:00,2.0,3.2,5
TKT003779,CU03844,AG031,Phone,Refund,2025-05-04 14:21:00,2.2,4.7,5
TKT003780,CU00340,AG003,Email,Technical Issue,2025-10-24 17:02:00,166.4,3.2,4
TKT003781,CU00471,AG029,Email,Delivery,2025-06-02 07:49:00,84.9,3.9,4
TKT003782,CU03866,AG012,Chat,Product Inquiry,2025-04-01 16:30:00,1.0,3.0,4
TKT003783,CU03393,AG001,Email,Delivery,2025-03-08 05:15:00,120.5,4.9,4
TKT003784,CU02355,AG010,Email,Technical Issue,2025-08-13 16:59:00,123.5,58.6,2
TKT003785,CU01287,AG030,Chat,Account Access,2025-12-17 09:33:00,1.0,5.3,4
TKT003786,CU02071,AG035,Web Form,Delivery,2025-05-19 13:12:00,35.8,7.0,3
TKT003787,CU02143,AG004,Email,Delivery,2025-08-27 09:37:00,79.3,2.8,3
TKT003788,CU03390,AG019,Phone,Technical Issue,2025-04-23 10:45:00,3.3,3.8,4
TKT003789,CU02118,AG009,Chat,Technical Issue,2025-05-26 15:26:00,2.9,1.9,5
TKT003790,CU00111,AG028,Web Form,Refund,2025-05-30 12:41:00,59.4,8.9,2
TKT003791,CU02799,AG032,Chat,Account Access,2025-05-12 13:06:00,2.0,19.6,1
TKT003792,CU03109,AG039,Phone,Product Inquiry,2025-11-06 23:16:00,1.5,6.9,5
TKT003793,CU01193,AG015,Email,Billing,2025-11-28 07:26:00,137.9,8.9,4
TKT003794,CU00467,AG012,Web Form,Refund,2025-04-09 11:06:00,30.2,2.7,4
TKT003795,CU00569,AG013,Email,Technical Issue,2025-05-12 13:11:00,54.4,25.3,4
TKT003796,CU03364,AG031,Email,Refund,2025-01-08 17:32:00,226.9,10.5,3
TKT003797,CU01791,AG018,Phone,Refund,2025-10-04 10:29:00,1.9,1.1,4
TKT003798,CU02117,AG001,Email,Billing,2025-09-16 11:21:00,147.4,57.8,2
TKT003799,CU03843,AG038,Social Media,Billing,2025-11-01 17:01:00,68.8,6.2,5
TKT003800,CU00245,AG005,Chat,Product Inquiry,2025-07-24 13:23:00,1.2,34.9,2
TKT003801,CU00824,AG038,Email,Delivery,2025-11-29 18:29:00,273.8,2.5,4
TKT003802,CU03333,AG007,Chat,Account Access,2025-02-21 06:59:00,1.4,3.0,4
TKT003803,CU02161,AG022,Social Media,Billing,2025-05-17 10:22:00,67.1,2.9,5
TKT003804,CU00110,AG013,Email,Product Inquiry,2025-06-13 14:30:00,93.4,8.4,3
TKT003805,CU02812,AG028,Web Form,Delivery,2025-10-07 07:00:00,60.6,6.0,5
TKT003806,CU00554,AG017,Email,Billing,2025-03-22 13:10:00,128.2,50.2,2
TKT003807,CU03129,AG015,Chat,Account Access,2025-04-30 02:37:00,1.4,3.5,3
TKT003808,CU03192,AG020,Web Form,Technical Issue,2025-02-04 13:29:00,33.1,57.5,4
TKT003809,CU03298,AG039,Chat,Refund,2025-12-11 20:18:00,2.0,1.0,4
TKT003810,CU01860,AG010,Email,Refund,2025-06-15 20:23:00,97.9,51.3,5
TKT003811,CU01072,AG009,Web Form,Billing,2025-01-05 10:34:00,142.0,54.8,1
TKT003812,CU03526,AG003,Web Form,Billing,2025-03-27 00:25:00,41.2,41.5,1
TKT003813,CU02236,AG030,Phone,Technical Issue,2025-07-28 19:53:00,4.8,59.4,3
TKT003814,CU02542,AG028,Email,Technical Issue,2025-06-29 14:13:00,133.2,7.1,3
TKT003815,CU00547,AG025,Chat,Product Inquiry,2025-07-06 14:51:00,1.7,9.1,3
TKT003816,CU02495,AG001,Phone,Delivery,2025-01-23 17:55:00,6.6,1.2,3
TKT003817,CU02321,AG032,Phone,Billing,2025-11-17 11:30:00,5.5,8.8,4
TKT003818,CU01169,AG033,Chat,Technical Issue,2025-10-30 12:10:00,2.7,65.8,5
TKT003819,CU03068,AG038,Chat,Technical Issue,2025-03-20 18:28:00,2.7,3.8,4
TKT003820,CU00535,AG038,Phone,Delivery,2025-05-14 13:54:00,1.6,18.3,5
TKT003821,CU02878,AG011,Phone,Technical Issue,2025-02-01 16:31:00,5.1,49.6,5
TKT003822,CU03845,AG029,Web Form,Billing,2025-02-16 19:37:00,48.0,47.0,4
TKT003823,CU02270,AG017,Chat,Product Inquiry,2025-11-05 11:23:00,1.5,11.2,1
TKT003824,CU00420,AG024,Web Form,Account Access,2025-02-11 19:34:00,368.9,5.4,4
TKT003825,CU02214,AG014,Phone,Refund,2025-05-08 10:17:00,1.8,36.8,2
TKT003826,CU02117,AG027,Chat,Technical Issue,2025-12-29 20:15:00,1.9,3.4,4
TKT003827,CU02209,AG039,Email,Billing,2025-04-29 10:09:00,127.4,55.2,1
TKT003828,CU01091,AG027,Chat,Product Inquiry,2025-09-08 09:41:00,1.9,15.9,2
TKT003829,CU02505,AG037,Email,Refund,2025-02-08 16:54:00,80.2,36.1,1
TKT003830,CU01057,AG038,Chat,Delivery,2025-11-15 20:21:00,2.3,13.2,3
TKT003831,CU02232,AG005,Social Media,Account Access,2025-12-02 17:03:00,48.5,7.4,4
TKT003832,CU02379,AG039,Web Form,Technical Issue,2025-11-30 16:24:00,64.3,28.0,1
TKT003833,CU02584,AG033,Phone,Account Access,2025-08-20 21:20:00,4.4,3.7,3
TKT003834,CU03192,AG018,Chat,Technical Issue,2025-12-21 14:37:00,1.7,3.0,4
TKT003835,CU03531,AG025,Email,Technical Issue,2025-09-10 19:09:00,134.5,57.6,3
TKT003836,CU03109,AG025,Email,Account Access,2025-05-18 04:47:00,334.6,8.3,4
TKT003837,CU03184,AG032,Email,Technical Issue,2025-11-24 08:03:00,192.4,68.3,2
TKT003838,CU03476,AG033,Web Form,Technical Issue,2025-04-10 10:23:00,60.5,7.5,3
TKT003839,CU00970,AG005,Chat,Technical Issue,2025-11-05 20:10:00,2.5,26.3,5
TKT003840,CU01172,AG001,Chat,Billing,2025-12-06 09:52:00,2.0,51.5,3
TKT003841,CU02133,AG010,Chat,Refund,2025-06-14 11:27:00,2.7,42.7,5
TKT003842,CU01864,AG022,Phone,Product Inquiry,2025-03-26 04:54:00,2.9,2.0,5
TKT003843,CU02809,AG034,Email,Technical Issue,2025-02-28 06:33:00,472.3,5.7,4
TKT003844,CU00038,AG027,Email,Technical Issue,2025-07-16 14:45:00,155.2,1.3,4
TKT003845,CU00556,AG006,Email,Refund,2025-09-03 07:53:00,662.6,6.7,4
TKT003846,CU02988,AG029,Phone,Technical Issue,2025-08-04 19:49:00,13.5,30.9,5
TKT003847,CU03288,AG019,Phone,Delivery,2025-08-26 19:41:00,3.0,7.5,5
TKT003848,CU01210,AG015,Email,Technical Issue,2025-01-10 15:47:00,159.7,3.8,2
TKT003849,CU01244,AG031,Chat,Delivery,2025-01-18 11:48:00,2.4,40.0,2
TKT003850,CU02246,AG012,Chat,Technical Issue,2025-04-07 19:40:00,3.3,45.3,1
TKT003851,CU01909,AG025,Email,Delivery,2025-11-25 13:33:00,150.5,7.6,4
TKT003852,CU00678,AG008,Chat,Account Access,2025-07-03 08:30:00,3.9,51.2,1
TKT003853,CU02002,AG016,Web Form,Technical Issue,2025-05-03 10:12:00,20.9,5.2,5
TKT003854,CU03278,AG023,Chat,Billing,2025-08-31 11:34:00,1.4,4.2,5
TKT003855,CU02919,AG025,Web Form,Account Access,2025-06-06 14:50:00,49.5,7.5,5
TKT003856,CU03270,AG037,Phone,Product Inquiry,2025-02-22 11:51:00,2.8,38.8,4
TKT003857,CU02576,AG012,Phone,Account Access,2025-07-07 17:28:00,1.5,5.4,4
TKT003858,CU03510,AG036,Chat,Technical Issue,2025-09-12 15:29:00,3.3,0.8,4
TKT003859,CU01000,AG033,Web Form,Account Access,2025-11-29 09:46:00,29.9,6.1,5
TKT003860,CU00184,AG015,Social Media,Technical Issue,2025-05-15 11:58:00,62.1,5.6,3
TKT003861,CU00457,AG006,Web Form,Refund,2025-03-04 16:00:00,83.3,4.8,5
TKT003862,CU03970,AG011,Chat,Refund,2025-11-12 09:42:00,3.9,45.5,1
TKT003863,CU02563,AG027,Email,Technical Issue,2025-05-15 07:26:00,102.6,2.4,4
TKT003864,CU00992,AG032,Chat,Account Access,2025-02-27 16:13:00,1.1,6.4,5
TKT003865,CU03417,AG025,Email,Delivery,2025-07-02 11:20:00,89.5,6.4,5
TKT003866,CU01238,AG029,Chat,Technical Issue,2025-01-22 07:59:00,3.7,2.1,5
TKT003867,CU02390,AG005,Email,Delivery,2025-12-29 13:17:00,266.6,6.8,5
TKT003868,CU00998,AG021,Chat,Billing,2025-10-12 14:30:00,2.4,11.1,2
TKT003869,CU00380,AG035,Chat,Account Access,2025-06-10 03:40:00,2.3,6.2,5
TKT003870,CU01071,AG016,Web Form,Account Access,2025-07-19 17:15:00,26.6,2.0,4
TKT003871,CU00913,AG036,Social Media,Account Access,2025-05-26 13:49:00,116.2,8.7,3
TKT003872,CU02211,AG005,Email,Delivery,2025-06-21 03:04:00,215.7,2.0,4
TKT003873,CU00083,AG040,Web Form,Billing,2025-12-08 18:51:00,60.2,2.9,5
TKT003874,CU00960,AG032,Web Form,Delivery,2025-09-23 14:41:00,61.5,2.1,3
TKT003875,CU02272,AG026,Email,Account Access,2025-08-30 21:48:00,79.4,64.5,3
TKT003876,CU01576,AG025,Phone,Delivery,2025-12-23 10:05:00,7.6,26.6,4
TKT003877,CU02544,AG038,Phone,Technical Issue,2025-03-01 11:48:00,1.9,4.1,5
TKT003878,CU02623,AG016,Email,Account Access,2025-11-28 15:16:00,138.7,62.8,3
TKT003879,CU03862,AG007,Phone,Billing,2025-03-06 19:50:00,5.1,22.8,5
TKT003880,CU03345,AG037,Email,Billing,2025-04-05 17:21:00,262.2,4.7,5
TKT003881,CU00913,AG005,Web Form,Technical Issue,2025-08-24 15:41:00,98.2,3.0,4
TKT003882,CU02771,AG027,Web Form,Account Access,2025-02-19 17:59:00,102.9,2.1,4
TKT003883,CU02509,AG011,Chat,Technical Issue,2025-06-20 07:45:00,1.7,5.2,5
TKT003884,CU02378,AG038,Chat,Billing,2025-05-03 16:04:00,7.2,4.7,5
TKT003885,CU03196,AG039,Web Form,Billing,2025-01-04 14:13:00,100.0,13.4,5
TKT003886,CU00591,AG019,Social Media,Delivery,2025-03-09 10:07:00,74.1,4.9,1
TKT003887,CU01501,AG022,Chat,Product Inquiry,2025-06-13 09:57:00,1.7,0.6,4
TKT003888,CU03265,AG019,Chat,Refund,2025-01-31 10:19:00,3.0,3.4,5
TKT003889,CU03569,AG018,Email,Product Inquiry,2025-12-09 07:30:00,108.3,2.0,5
TKT003890,CU00150,AG038,Chat,Product Inquiry,2025-06-06 10:34:00,1.0,3.8,3
TKT003891,CU01886,AG012,Chat,Technical Issue,2025-09-30 06:15:00,2.1,4.4,5
TKT003892,CU01057,AG039,Email,Billing,2025-03-16 15:22:00,40.1,3.2,4
TKT003893,CU00672,AG027,Social Media,Billing,2025-07-23 13:27:00,109.6,3.0,5
TKT003894,CU00229,AG039,Chat,Technical Issue,2025-02-11 08:00:00,2.8,2.8,4
TKT003895,CU02153,AG025,Email,Refund,2025-03-13 16:49:00,120.9,58.4,5
TKT003896,CU02670,AG033,Chat,Product Inquiry,2025-09-07 08:54:00,3.8,4.9,5
TKT003897,CU02126,AG020,Social Media,Account Access,2025-05-03 13:41:00,143.8,4.5,5
TKT003898,CU01474,AG019,Chat,Product Inquiry,2025-12-25 20:26:00,1.1,16.0,5
TKT003899,CU03086,AG011,Email,Delivery,2025-12-30 16:09:00,143.4,6.6,4
TKT003900,CU02609,AG009,Email,Billing,2025-02-18 14:19:00,105.2,7.6,4
TKT003901,CU03634,AG002,Phone,Technical Issue,2025-08-29 14:26:00,3.3,5.9,3
TKT003902,CU01389,AG016,Chat,Product Inquiry,2025-10-13 06:11:00,3.8,1.8,5
TKT003903,CU00956,AG040,Phone,Delivery,2025-04-11 12:45:00,5.6,0.7,5
TKT003904,CU01823,AG038,Phone,Billing,2025-11-04 10:27:00,2.7,3.2,5
TKT003905,CU02028,AG028,Chat,Technical Issue,2025-09-27 13:41:00,2.3,5.0,4
TKT003906,CU01832,AG015,Chat,Refund,2025-04-29 21:30:00,1.3,6.0,4
TKT003907,CU03330,AG021,Chat,Refund,2025-02-03 17:11:00,1.5,25.7,1
TKT003908,CU00183,AG031,Chat,Account Access,2025-06-11 14:39:00,4.7,10.7,4
TKT003909,CU02112,AG001,Chat,Product Inquiry,2025-05-16 16:44:00,8.1,2.3,5
TKT003910,CU01721,AG037,Phone,Billing,2025-07-12 16:25:00,10.6,4.9,4
TKT003911,CU00844,AG035,Phone,Product Inquiry,2025-03-25 12:40:00,4.7,6.9,4
TKT003912,CU02565,AG039,Chat,Delivery,2025-04-24 18:58:00,2.2,6.4,5
TKT003913,CU03206,AG004,Social Media,Delivery,2025-11-24 14:14:00,157.7,21.8,4
TKT003914,CU02185,AG038,Chat,Product Inquiry,2025-11-04 16:53:00,2.1,55.0,3
TKT003915,CU00340,AG025,Phone,Refund,2025-09-26 01:18:00,1.8,6.0,5
TKT003916,CU00302,AG023,Phone,Billing,2025-05-09 13:02:00,10.9,11.6,4
TKT003917,CU01687,AG008,Phone,Refund,2025-07-01 11:25:00,2.1,9.7,5
TKT003918,CU02673,AG020,Phone,Account Access,2025-04-17 05:49:00,7.8,36.9,2
TKT003919,CU01255,AG015,Chat,Technical Issue,2025-05-29 15:40:00,3.0,4.8,4
TKT003920,CU01236,AG040,Email,Delivery,2025-07-08 20:19:00,389.4,9.1,4
TKT003921,CU03441,AG014,Chat,Account Access,2025-11-10 16:57:00,3.2,7.5,2
TKT003922,CU00058,AG009,Chat,Account Access,2025-10-18 06:59:00,1.4,4.4,5
TKT003923,CU00319,AG038,Phone,Billing,2025-03-13 05:59:00,7.3,12.7,2
TKT003924,CU00623,AG008,Email,Technical Issue,2025-12-12 10:33:00,114.6,47.9,1
TKT003925,CU03935,AG037,Web Form,Technical Issue,2025-01-28 09:41:00,32.1,3.6,3
TKT003926,CU01991,AG039,Social Media,Delivery,2025-01-18 03:31:00,32.9,22.4,2
TKT003927,CU00634,AG013,Phone,Technical Issue,2025-11-07 04:24:00,3.7,9.9,4
TKT003928,CU01242,AG028,Chat,Delivery,2025-04-14 10:31:00,1.0,6.5,4
TKT003929,CU03878,AG032,Web Form,Account Access,2025-11-09 08:04:00,121.2,28.3,3
TKT003930,CU02778,AG022,Phone,Technical Issue,2025-01-26 08:09:00,1.7,55.8,2
TKT003931,CU00895,AG028,Chat,Billing,2025-03-30 18:35:00,1.6,10.0,2
TKT003932,CU00963,AG006,Chat,Billing,2025-10-29 23:25:00,1.7,6.3,3
TKT003933,CU00300,AG021,Email,Refund,2025-03-13 17:28:00,153.9,11.9,5
TKT003934,CU03092,AG021,Social Media,Product Inquiry,2025-07-09 09:54:00,55.9,64.2,2
TKT003935,CU00550,AG023,Web Form,Billing,2025-09-21 08:40:00,102.7,14.8,5
TKT003936,CU01146,AG038,Email,Technical Issue,2025-05-08 14:04:00,153.1,2.5,2
TKT003937,CU01394,AG033,Email,Account Access,2025-02-22 17:57:00,138.6,9.0,5
TKT003938,CU02484,AG025,Phone,Billing,2025-11-01 15:51:00,2.8,3.6,4
TKT003939,CU02426,AG017,Chat,Account Access,2025-08-16 17:10:00,2.7,8.7,5
TKT003940,CU03197,AG017,Email,Billing,2025-11-29 13:51:00,301.9,7.2,4
TKT003941,CU01190,AG001,Phone,Delivery,2025-09-13 22:22:00,17.6,57.9,3
TKT003942,CU01543,AG023,Phone,Billing,2025-09-29 17:22:00,2.4,3.9,5
TKT003943,CU01555,AG011,Chat,Product Inquiry,2025-08-16 05:34:00,1.9,60.9,5
TKT003944,CU00188,AG036,Social Media,Billing,2025-09-02 11:54:00,31.5,10.9,5
TKT003945,CU02951,AG031,Email,Billing,2025-06-05 14:21:00,203.5,7.8,4
TKT003946,CU02142,AG037,Chat,Product Inquiry,2025-12-05 09:34:00,1.0,5.3,5
TKT003947,CU01903,AG040,Phone,Billing,2025-10-25 11:10:00,4.7,7.4,4
TKT003948,CU03982,AG017,Web Form,Technical Issue,2025-03-30 15:05:00,108.5,17.0,4
TKT003949,CU00716,AG018,Email,Technical Issue,2025-12-06 14:35:00,111.6,35.0,1
TKT003950,CU03876,AG025,Phone,Delivery,2025-03-27 18:14:00,2.4,4.6,4
TKT003951,CU02722,AG018,Chat,Account Access,2025-09-15 09:02:00,4.1,4.0,5
TKT003952,CU00885,AG012,Email,Account Access,2025-12-03 20:00:00,207.0,9.0,3
TKT003953,CU02715,AG029,Email,Technical Issue,2025-06-02 10:22:00,75.2,3.2,5
TKT003954,CU03023,AG019,Phone,Technical Issue,2025-03-09 20:14:00,4.3,5.4,3
TKT003955,CU01450,AG038,Chat,Billing,2025-12-30 09:58:00,1.3,3.6,5
TKT003956,CU01380,AG009,Email,Billing,2025-10-17 13:28:00,250.9,28.6,2
TKT003957,CU03341,AG018,Chat,Billing,2025-06-14 20:28:00,2.1,6.4,5
TKT003958,CU00642,AG022,Social Media,Account Access,2025-12-28 10:09:00,208.5,48.1,3
TKT003959,CU00054,AG037,Chat,Delivery,2025-02-12 18:06:00,1.2,1.6,5
TKT003960,CU02664,AG024,Chat,Delivery,2025-07-12 13:17:00,2.3,3.8,4
TKT003961,CU03627,AG003,Phone,Delivery,2025-03-08 12:50:00,4.0,5.9,5
TKT003962,CU02004,AG014,Web Form,Account Access,2025-03-09 15:37:00,63.3,9.0,4
TKT003963,CU00540,AG036,Web Form,Technical Issue,2025-05-07 09:10:00,40.3,5.6,4
TKT003964,CU02157,AG011,Email,Account Access,2025-07-29 15:02:00,40.6,5.8,4
TKT003965,CU01008,AG014,Email,Technical Issue,2025-03-04 08:15:00,203.4,11.4,4
TKT003966,CU03310,AG007,Web Form,Delivery,2025-07-09 16:16:00,56.6,4.0,4
TKT003967,CU02449,AG029,Email,Billing,2025-10-12 14:57:00,88.6,7.8,4
TKT003968,CU01347,AG006,Email,Account Access,2025-02-23 08:10:00,106.2,27.9,4
TKT003969,CU02499,AG015,Email,Refund,2025-01-06 07:46:00,73.6,61.0,3
TKT003970,CU02669,AG029,Social Media,Billing,2025-09-30 14:23:00,32.4,69.0,2
TKT003971,CU02715,AG036,Chat,Technical Issue,2025-05-29 07:19:00,3.5,8.6,5
TKT003972,CU01465,AG009,Email,Product Inquiry,2025-03-11 15:12:00,191.7,4.9,4
TKT003973,CU02283,AG014,Email,Billing,2025-11-17 23:38:00,66.6,30.7,1
TKT003974,CU00171,AG005,Phone,Billing,2025-06-05 07:41:00,16.0,34.8,1
TKT003975,CU01615,AG018,Chat,Billing,2025-02-12 12:29:00,1.1,34.1,5
TKT003976,CU01513,AG040,Social Media,Billing,2025-04-23 20:56:00,133.3,7.2,4
TKT003977,CU02139,AG013,Email,Account Access,2025-07-30 20:53:00,140.3,3.3,4
TKT003978,CU03801,AG011,Social Media,Refund,2025-04-17 03:47:00,44.9,70.6,1
TKT003979,CU03815,AG016,Phone,Delivery,2025-12-07 17:33:00,4.8,61.5,4
TKT003980,CU01934,AG036,Email,Account Access,2025-08-17 09:31:00,126.5,59.3,4
TKT003981,CU02585,AG022,Email,Delivery,2025-01-27 16:39:00,98.6,11.6,5
TKT003982,CU00433,AG025,Email,Refund,2025-05-07 11:34:00,289.2,4.4,5
TKT003983,CU01930,AG032,Chat,Technical Issue,2025-05-08 09:08:00,2.8,4.9,5
TKT003984,CU02752,AG029,Email,Account Access,2025-02-23 12:39:00,207.9,1.2,4
TKT003985,CU02732,AG024,Web Form,Technical Issue,2025-01-14 08:14:00,48.9,6.7,4
TKT003986,CU03854,AG023,Email,Billing,2025-02-10 12:44:00,169.9,4.6,4
TKT003987,CU01865,AG022,Web Form,Delivery,2025-09-07 11:01:00,54.2,9.6,4
TKT003988,CU03632,AG008,Email,Refund,2025-04-01 21:02:00,184.2,53.1,4
TKT003989,CU03915,AG017,Email,Refund,2025-06-02 13:35:00,82.0,31.9,1
TKT003990,CU02288,AG034,Chat,Account Access,2025-02-22 16:47:00,1.0,8.2,5
TKT003991,CU00366,AG002,Phone,Technical Issue,2025-12-12 08:33:00,8.4,6.6,3
TKT003992,CU01506,AG034,Web Form,Technical Issue,2025-12-27 23:10:00,54.6,15.1,5
TKT003993,CU03059,AG023,Email,Technical Issue,2025-09-10 13:18:00,191.7,20.3,4
TKT003994,CU02323,AG014,Email,Billing,2025-05-02 06:26:00,96.1,12.0,4
TKT003995,CU03746,AG005,Phone,Account Access,2025-08-08 14:13:00,3.5,0.9,5
TKT003996,CU03264,AG031,Email,Delivery,2025-05-21 10:57:00,323.1,3.4,4
TKT003997,CU00253,AG001,Phone,Technical Issue,2025-11-29 10:27:00,4.9,2.2,4
TKT003998,CU03445,AG022,Chat,Technical Issue,2025-08-09 10:53:00,6.7,2.8,3
TKT003999,CU01430,AG007,Web Form,Technical Issue,2025-02-17 12:06:00,89.8,47.0,3
TKT004000,CU03276,AG037,Chat,Delivery,2025-02-05 10:27:00,1.4,17.8,2
TKT004001,CU02032,AG008,Email,Billing,2025-10-13 17:51:00,178.5,42.9,3
TKT004002,CU01822,AG033,Chat,Technical Issue,2025-09-23 08:16:00,5.0,42.8,4
TKT004003,CU00290,AG023,Web Form,Billing,2025-09-24 08:49:00,62.1,2.4,4
TKT004004,CU00476,AG002,Email,Technical Issue,2025-05-02 07:45:00,199.7,5.5,5
TKT004005,CU02382,AG029,Chat,Billing,2025-09-03 11:35:00,4.3,39.1,5
TKT004006,CU02277,AG036,Web Form,Refund,2025-04-09 07:02:00,15.1,19.9,4
TKT004007,CU02220,AG009,Web Form,Billing,2025-08-21 02:54:00,80.9,13.5,4
TKT004008,CU00626,AG039,Chat,Technical Issue,2025-04-30 10:28:00,4.2,4.3,5
TKT004009,CU02040,AG032,Phone,Technical Issue,2025-02-15 22:36:00,2.6,4.7,4
TKT004010,CU00244,AG030,Web Form,Technical Issue,2025-10-31 01:41:00,97.7,5.3,4
TKT004011,CU00577,AG014,Chat,Product Inquiry,2025-10-25 06:29:00,2.0,9.5,5
TKT004012,CU01995,AG005,Web Form,Delivery,2025-10-14 14:09:00,21.7,3.0,5
TKT004013,CU02468,AG018,Chat,Billing,2025-08-20 13:35:00,3.1,5.9,5
TKT004014,CU02622,AG033,Chat,Account Access,2025-08-22 07:35:00,2.0,7.8,4
TKT004015,CU03928,AG024,Email,Technical Issue,2025-10-09 19:05:00,134.4,9.3,5
TKT004016,CU03417,AG026,Email,Billing,2025-07-25 15:11:00,199.7,6.4,5
TKT004017,CU01520,AG032,Chat,Billing,2025-11-16 13:13:00,1.2,5.7,4
TKT004018,CU03132,AG014,Email,Refund,2025-10-07 14:21:00,214.0,9.8,5
TKT004019,CU00383,AG002,Chat,Delivery,2025-07-17 17:33:00,1.2,7.7,4
TKT004020,CU03429,AG036,Chat,Billing,2025-08-03 07:36:00,4.6,11.3,4
TKT004021,CU01547,AG025,Chat,Delivery,2025-12-16 20:06:00,3.7,4.3,4
TKT004022,CU03041,AG023,Chat,Technical Issue,2025-07-04 07:51:00,4.7,20.6,5
TKT004023,CU03883,AG023,Chat,Technical Issue,2025-02-09 12:48:00,2.6,61.0,3
TKT004024,CU02813,AG035,Phone,Technical Issue,2025-11-04 09:05:00,3.2,46.1,3
TKT004025,CU03681,AG031,Phone,Technical Issue,2025-01-02 15:10:00,2.7,34.5,2
TKT004026,CU00041,AG027,Phone,Technical Issue,2025-04-01 18:50:00,2.6,2.9,5
TKT004027,CU00683,AG032,Phone,Product Inquiry,2025-05-01 14:25:00,3.6,2.0,5
TKT004028,CU02505,AG012,Phone,Billing,2025-01-10 09:26:00,2.7,23.9,5
TKT004029,CU02163,AG029,Chat,Billing,2025-03-21 17:29:00,2.4,39.0,3
TKT004030,CU00482,AG040,Email,Technical Issue,2025-03-06 20:59:00,89.9,4.3,5
TKT004031,CU02874,AG010,Email,Technical Issue,2025-07-22 08:09:00,99.4,2.9,3
TKT004032,CU00235,AG023,Web Form,Technical Issue,2025-11-18 09:56:00,44.6,52.7,4
TKT004033,CU03964,AG028,Email,Technical Issue,2025-04-13 13:14:00,91.4,56.4,5
TKT004034,CU00626,AG021,Chat,Billing,2025-05-23 16:53:00,1.7,55.5,3
TKT004035,CU01782,AG039,Chat,Technical Issue,2025-09-09 07:29:00,2.8,58.6,3
TKT004036,CU03294,AG017,Email,Technical Issue,2025-09-04 05:45:00,86.1,45.6,4
TKT004037,CU02057,AG009,Chat,Delivery,2025-12-12 14:06:00,1.0,10.1,5
TKT004038,CU02976,AG006,Chat,Product Inquiry,2025-07-10 17:21:00,1.8,20.6,5
TKT004039,CU02815,AG034,Chat,Technical Issue,2025-10-08 10:11:00,1.1,51.2,1
TKT004040,CU03796,AG028,Chat,Delivery,2025-11-05 14:34:00,4.2,3.6,4
TKT004041,CU01856,AG024,Email,Delivery,2025-06-03 17:01:00,95.3,0.3,4
TKT004042,CU03916,AG018,Chat,Account Access,2025-11-02 03:22:00,2.1,5.6,2
TKT004043,CU02068,AG017,Chat,Delivery,2025-12-26 10:30:00,2.6,55.5,4
TKT004044,CU03574,AG038,Chat,Account Access,2025-02-13 10:28:00,1.0,70.2,2
TKT004045,CU02931,AG028,Chat,Product Inquiry,2025-10-09 16:49:00,1.3,19.3,4
TKT004046,CU00532,AG039,Web Form,Technical Issue,2025-08-16 15:36:00,38.9,7.7,5
TKT004047,CU02575,AG033,Email,Account Access,2025-10-23 18:48:00,215.3,14.3,3
TKT004048,CU03514,AG031,Phone,Delivery,2025-07-20 14:30:00,11.0,10.3,4
TKT004049,CU00514,AG023,Email,Product Inquiry,2025-03-16 09:21:00,388.5,4.9,3
TKT004050,CU03355,AG010,Email,Account Access,2025-06-06 12:17:00,282.0,7.1,3
TKT004051,CU00422,AG027,Chat,Product Inquiry,2025-09-08 11:41:00,1.0,14.8,4
TKT004052,CU03485,AG029,Social Media,Delivery,2025-11-24 15:55:00,55.6,1.6,5
TKT004053,CU03156,AG021,Phone,Delivery,2025-01-26 21:59:00,8.6,43.2,5
TKT004054,CU00607,AG001,Phone,Refund,2025-03-10 12:13:00,9.3,2.1,3
TKT004055,CU02906,AG039,Email,Delivery,2025-03-27 15:25:00,216.9,27.8,4
TKT004056,CU00468,AG034,Web Form,Account Access,2025-08-04 08:37:00,85.7,55.0,3
TKT004057,CU02273,AG015,Phone,Delivery,2025-01-06 14:54:00,3.2,2.8,3
TKT004058,CU03696,AG020,Chat,Technical Issue,2025-12-14 16:18:00,5.1,46.1,2
TKT004059,CU00824,AG005,Web Form,Product Inquiry,2025-09-15 17:46:00,36.8,6.6,5
TKT004060,CU00696,AG038,Email,Refund,2025-11-27 21:50:00,57.7,9.0,4
TKT004061,CU01692,AG010,Email,Delivery,2025-01-08 22:10:00,217.5,1.1,5
TKT004062,CU01475,AG016,Email,Technical Issue,2025-04-11 13:18:00,101.6,20.7,4
TKT004063,CU00194,AG018,Chat,Billing,2025-06-13 18:26:00,1.0,5.4,4
TKT004064,CU01824,AG011,Social Media,Technical Issue,2025-10-09 16:50:00,145.9,9.8,4
TKT004065,CU01039,AG026,Chat,Technical Issue,2025-08-25 13:55:00,1.0,3.0,3
TKT004066,CU00498,AG040,Social Media,Delivery,2025-06-02 03:09:00,115.5,9.6,5
TKT004067,CU01105,AG035,Phone,Refund,2025-04-22 22:10:00,3.1,6.0,4
TKT004068,CU00083,AG022,Email,Delivery,2025-05-01 21:23:00,337.8,7.6,5
TKT004069,CU03661,AG006,Email,Billing,2025-05-15 13:03:00,180.0,10.8,1
TKT004070,CU03977,AG035,Email,Product Inquiry,2025-09-09 10:30:00,252.7,9.5,3
TKT004071,CU01471,AG011,Web Form,Refund,2025-11-13 07:16:00,30.3,2.4,4
TKT004072,CU03507,AG037,Chat,Delivery,2025-06-23 05:23:00,1.0,1.9,4
TKT004073,CU01846,AG016,Email,Billing,2025-11-26 17:00:00,114.7,10.5,5
TKT004074,CU03650,AG021,Email,Delivery,2025-04-20 11:13:00,196.0,5.2,5
TKT004075,CU00693,AG018,Chat,Billing,2025-11-10 14:07:00,2.1,7.3,5
TKT004076,CU01139,AG019,Chat,Technical Issue,2025-01-01 10:13:00,3.8,7.6,5
TKT004077,CU02960,AG007,Chat,Delivery,2025-10-01 14:25:00,2.7,12.7,5
TKT004078,CU00881,AG023,Email,Delivery,2025-12-13 16:14:00,78.6,5.5,4
TKT004079,CU03295,AG017,Email,Billing,2025-04-12 19:45:00,180.8,51.5,3
TKT004080,CU01704,AG034,Chat,Product Inquiry,2025-09-06 13:27:00,2.2,6.6,4
TKT004081,CU01616,AG020,Web Form,Refund,2025-01-28 10:12:00,110.6,3.1,4
TKT004082,CU01814,AG039,Email,Account Access,2025-11-07 06:37:00,84.1,6.3,4
TKT004083,CU03192,AG012,Web Form,Technical Issue,2025-06-28 18:50:00,38.2,53.0,1
TKT004084,CU00023,AG014,Phone,Technical Issue,2025-06-05 18:29:00,5.0,68.2,2
TKT004085,CU03003,AG002,Phone,Delivery,2025-12-04 11:59:00,8.7,7.8,3
TKT004086,CU03118,AG030,Phone,Refund,2025-12-04 09:21:00,3.6,2.8,1
TKT004087,CU03285,AG003,Chat,Account Access,2025-03-23 15:27:00,2.8,46.7,3
TKT004088,CU03987,AG012,Phone,Technical Issue,2025-12-17 16:25:00,4.1,6.3,4
TKT004089,CU03130,AG037,Phone,Technical Issue,2025-03-18 16:59:00,3.9,7.3,3
TKT004090,CU02115,AG025,Email,Technical Issue,2025-10-24 06:43:00,263.8,4.5,4
TKT004091,CU01865,AG023,Web Form,Delivery,2025-10-12 22:34:00,58.4,15.6,4
TKT004092,CU01554,AG033,Email,Account Access,2025-07-03 14:21:00,109.8,7.3,4
TKT004093,CU03309,AG031,Chat,Technical Issue,2025-08-05 14:03:00,1.5,3.7,4
TKT004094,CU01572,AG036,Chat,Account Access,2025-05-24 05:54:00,1.7,2.7,4
TKT004095,CU02291,AG027,Email,Refund,2025-05-28 01:06:00,95.7,65.8,1
TKT004096,CU00385,AG018,Email,Billing,2025-07-07 07:43:00,122.8,2.9,2
TKT004097,CU01270,AG006,Phone,Technical Issue,2025-11-11 11:30:00,4.1,39.1,1
TKT004098,CU01065,AG015,Email,Account Access,2025-06-26 20:41:00,163.9,10.2,2
TKT004099,CU01741,AG029,Email,Product Inquiry,2025-08-01 16:55:00,81.4,11.7,5
TKT004100,CU02009,AG011,Email,Technical Issue,2025-09-16 23:11:00,111.1,45.9,3
TKT004101,CU02866,AG027,Email,Technical Issue,2025-12-02 15:05:00,114.1,1.6,3
TKT004102,CU01728,AG006,Email,Account Access,2025-11-11 07:22:00,92.0,14.2,4
TKT004103,CU00602,AG003,Web Form,Billing,2025-05-15 15:34:00,40.0,5.4,5
TKT004104,CU02181,AG015,Chat,Product Inquiry,2025-11-12 15:04:00,3.3,8.0,4
TKT004105,CU00219,AG010,Email,Delivery,2025-06-12 19:48:00,296.4,9.3,5
TKT004106,CU03397,AG035,Web Form,Technical Issue,2025-02-04 14:36:00,46.3,38.7,5
TKT004107,CU03083,AG016,Phone,Refund,2025-01-28 09:58:00,2.7,31.6,4
TKT004108,CU00901,AG017,Chat,Delivery,2025-03-16 16:17:00,1.9,46.3,3
TKT004109,CU01053,AG017,Social Media,Account Access,2025-05-15 16:54:00,94.3,11.7,4
TKT004110,CU00111,AG013,Web Form,Technical Issue,2025-05-27 13:23:00,80.5,11.5,3
TKT004111,CU01458,AG037,Email,Delivery,2025-03-07 07:06:00,112.6,71.0,1
TKT004112,CU00153,AG030,Chat,Product Inquiry,2025-03-07 11:50:00,1.5,5.8,5
TKT004113,CU03746,AG007,Chat,Technical Issue,2025-01-12 18:04:00,7.7,3.1,3
TKT004114,CU00537,AG009,Phone,Billing,2025-11-29 10:42:00,2.0,0.6,2
TKT004115,CU02638,AG004,Chat,Product Inquiry,2025-04-04 16:12:00,3.3,7.2,4
TKT004116,CU02282,AG011,Email,Billing,2025-08-25 09:40:00,317.7,4.6,5
TKT004117,CU00948,AG027,Email,Technical Issue,2025-06-29 10:16:00,121.8,3.4,5
TKT004118,CU03233,AG038,Email,Technical Issue,2025-05-12 10:04:00,178.3,71.1,2
TKT004119,CU00436,AG020,Chat,Delivery,2025-04-01 08:51:00,1.0,1.9,4
TKT004120,CU03548,AG004,Phone,Delivery,2025-01-24 11:21:00,4.1,70.4,4
TKT004121,CU02962,AG002,Web Form,Technical Issue,2025-02-09 16:38:00,104.1,68.1,1
TKT004122,CU02541,AG017,Chat,Technical Issue,2025-09-05 11:02:00,2.1,17.6,4
TKT004123,CU03519,AG011,Chat,Account Access,2025-06-14 10:56:00,2.0,1.4,5
TKT004124,CU01613,AG024,Email,Delivery,2025-12-20 16:37:00,363.4,4.4,2
TKT004125,CU01127,AG005,Social Media,Technical Issue,2025-02-23 13:25:00,141.2,3.9,5
TKT004126,CU00619,AG010,Email,Billing,2025-12-06 12:54:00,206.7,55.5,3
TKT004127,CU03698,AG023,Chat,Account Access,2025-02-01 17:24:00,1.3,3.6,4
TKT004128,CU01606,AG012,Email,Technical Issue,2025-09-25 11:19:00,36.5,43.5,5
TKT004129,CU03318,AG015,Chat,Technical Issue,2025-12-17 14:16:00,2.5,3.3,3
TKT004130,CU01330,AG009,Email,Product Inquiry,2025-02-26 03:39:00,140.4,6.0,4
TKT004131,CU03820,AG003,Phone,Refund,2025-06-23 10:26:00,6.1,34.1,3
TKT004132,CU03481,AG014,Phone,Billing,2025-12-02 09:34:00,4.3,5.1,5
TKT004133,CU01233,AG014,Email,Refund,2025-10-20 19:47:00,143.5,52.7,5
TKT004134,CU01947,AG036,Email,Delivery,2025-03-21 02:39:00,142.4,14.0,5
TKT004135,CU03176,AG036,Phone,Product Inquiry,2025-03-04 16:41:00,2.2,2.4,4
TKT004136,CU00905,AG018,Chat,Product Inquiry,2025-05-04 16:36:00,1.0,4.1,5
TKT004137,CU00095,AG012,Social Media,Delivery,2025-06-18 10:47:00,55.3,33.8,4
TKT004138,CU01156,AG017,Email,Billing,2025-04-18 09:43:00,76.3,6.1,4
TKT004139,CU02363,AG025,Social Media,Technical Issue,2025-02-02 08:49:00,87.8,10.3,3
TKT004140,CU00546,AG016,Phone,Account Access,2025-07-01 10:37:00,1.6,2.6,4
TKT004141,CU01334,AG031,Phone,Billing,2025-05-31 19:00:00,3.1,0.6,2
TKT004142,CU03675,AG039,Email,Delivery,2025-04-22 05:54:00,404.6,45.4,3
TKT004143,CU00301,AG017,Web Form,Technical Issue,2025-10-29 12:14:00,52.8,12.2,3
TKT004144,CU00202,AG005,Phone,Refund,2025-04-16 09:43:00,4.1,11.4,5
TKT004145,CU01696,AG005,Chat,Product Inquiry,2025-11-22 16:39:00,2.0,8.3,5
TKT004146,CU00052,AG035,Chat,Technical Issue,2025-01-05 10:39:00,2.2,58.3,2
TKT004147,CU00112,AG017,Email,Delivery,2025-07-09 10:26:00,104.8,52.4,2
TKT004148,CU00732,AG014,Web Form,Refund,2025-12-13 05:27:00,50.2,7.7,5
TKT004149,CU00410,AG025,Web Form,Account Access,2025-04-15 19:07:00,40.8,42.6,2
TKT004150,CU03244,AG039,Social Media,Product Inquiry,2025-08-28 13:14:00,39.6,11.0,4
TKT004151,CU00491,AG017,Chat,Account Access,2025-09-25 06:03:00,3.8,0.7,3
TKT004152,CU02094,AG013,Chat,Billing,2025-05-05 16:54:00,1.2,6.2,5
TKT004153,CU02822,AG035,Web Form,Account Access,2025-08-22 17:56:00,132.6,10.1,3
TKT004154,CU02504,AG004,Chat,Account Access,2025-08-27 12:06:00,1.3,50.6,1
TKT004155,CU02616,AG034,Email,Technical Issue,2025-06-21 22:50:00,66.3,3.7,4
TKT004156,CU01431,AG021,Social Media,Refund,2025-05-18 09:40:00,261.0,3.5,5
TKT004157,CU03556,AG001,Chat,Delivery,2025-06-23 18:19:00,1.0,9.2,5
TKT004158,CU00275,AG010,Email,Billing,2025-02-24 18:09:00,40.3,5.0,3
TKT004159,CU00430,AG028,Web Form,Billing,2025-06-30 13:38:00,24.8,18.8,2
TKT004160,CU03425,AG031,Chat,Billing,2025-04-29 13:01:00,1.9,5.0,5
TKT004161,CU00274,AG008,Email,Billing,2025-05-04 07:08:00,67.1,17.9,2
TKT004162,CU00768,AG027,Email,Account Access,2025-03-31 08:06:00,102.7,15.7,5
TKT004163,CU00693,AG040,Email,Billing,2025-07-09 12:08:00,45.8,1.6,4
TKT004164,CU00133,AG028,Social Media,Refund,2025-01-03 20:00:00,163.7,59.1,3
TKT004165,CU00469,AG029,Phone,Product Inquiry,2025-01-21 09:20:00,5.0,12.1,3
TKT004166,CU02291,AG008,Social Media,Account Access,2025-03-18 13:48:00,44.9,1.8,5
TKT004167,CU02645,AG026,Email,Delivery,2025-07-28 06:16:00,39.2,4.6,5
TKT004168,CU00334,AG029,Email,Product Inquiry,2025-04-04 10:14:00,85.2,68.0,3
TKT004169,CU03770,AG005,Phone,Technical Issue,2025-07-01 11:58:00,5.7,11.7,3
TKT004170,CU00384,AG013,Chat,Technical Issue,2025-02-24 21:28:00,3.6,53.4,3
TKT004171,CU02749,AG036,Email,Technical Issue,2025-06-03 08:01:00,123.0,13.6,5
TKT004172,CU03202,AG040,Phone,Billing,2025-06-15 07:35:00,3.0,7.9,5
TKT004173,CU02084,AG007,Chat,Billing,2025-04-29 05:32:00,1.5,59.2,2
TKT004174,CU01967,AG030,Web Form,Account Access,2025-01-19 13:25:00,65.0,18.4,4
TKT004175,CU00437,AG021,Phone,Billing,2025-08-15 13:51:00,6.5,5.2,5
TKT004176,CU00967,AG024,Email,Technical Issue,2025-03-16 09:40:00,129.4,6.3,4
TKT004177,CU03403,AG021,Phone,Billing,2025-06-27 09:01:00,3.3,1.5,5
TKT004178,CU01395,AG035,Web Form,Technical Issue,2025-09-16 10:22:00,84.5,37.1,3
TKT004179,CU00138,AG018,Phone,Account Access,2025-02-06 01:33:00,9.1,10.6,4
TKT004180,CU02917,AG024,Social Media,Billing,2025-09-05 17:39:00,76.9,23.9,5
TKT004181,CU02735,AG027,Email,Technical Issue,2025-05-17 17:22:00,146.7,8.6,4
TKT004182,CU00266,AG023,Social Media,Technical Issue,2025-07-03 10:26:00,59.5,56.6,4
TKT004183,CU00205,AG036,Email,Delivery,2025-01-28 14:12:00,146.3,44.5,2
TKT004184,CU00466,AG010,Social Media,Technical Issue,2025-07-02 10:36:00,54.1,11.1,5
TKT004185,CU00204,AG038,Chat,Delivery,2025-05-19 03:14:00,4.4,8.4,5
TKT004186,CU02466,AG028,Web Form,Refund,2025-03-07 14:29:00,89.5,10.6,1
TKT004187,CU00531,AG039,Web Form,Account Access,2025-07-14 16:48:00,143.0,7.6,2
TKT004188,CU02428,AG015,Email,Technical Issue,2025-08-26 10:54:00,102.9,12.3,4
TKT004189,CU00705,AG020,Web Form,Delivery,2025-05-23 09:27:00,171.7,2.2,4
TKT004190,CU03890,AG002,Chat,Technical Issue,2025-08-20 09:12:00,2.3,7.7,4
TKT004191,CU02904,AG037,Email,Refund,2025-05-05 11:02:00,130.1,4.5,4
TKT004192,CU01499,AG033,Chat,Delivery,2025-10-31 12:50:00,4.0,0.7,5
TKT004193,CU01715,AG012,Chat,Billing,2025-04-13 16:24:00,1.1,8.3,1
TKT004194,CU00261,AG003,Chat,Technical Issue,2025-10-19 09:11:00,2.0,9.7,3
TKT004195,CU00220,AG028,Chat,Delivery,2025-05-20 16:49:00,1.8,14.9,5
TKT004196,CU02151,AG027,Phone,Account Access,2025-07-23 21:28:00,5.0,70.7,1
TKT004197,CU00092,AG022,Phone,Technical Issue,2025-01-26 08:41:00,3.1,48.7,3
TKT004198,CU02554,AG007,Chat,Delivery,2025-01-28 13:03:00,1.5,9.7,4
TKT004199,CU01530,AG037,Chat,Billing,2025-12-29 11:57:00,1.6,48.4,4
TKT004200,CU00559,AG018,Phone,Product Inquiry,2025-01-03 14:18:00,3.4,0.6,4
TKT004201,CU02143,AG029,Email,Refund,2025-07-22 19:46:00,146.2,1.8,3
TKT004202,CU02212,AG035,Phone,Billing,2025-06-16 19:17:00,8.1,6.8,3
TKT004203,CU02986,AG022,Phone,Technical Issue,2025-08-21 12:10:00,1.2,7.2,3
TKT004204,CU00792,AG004,Chat,Billing,2025-01-02 16:24:00,3.0,4.2,4
TKT004205,CU02190,AG036,Phone,Refund,2025-03-08 13:04:00,3.1,3.6,5
TKT004206,CU03379,AG027,Phone,Technical Issue,2025-05-04 17:30:00,3.6,4.5,4
TKT004207,CU01080,AG036,Chat,Billing,2025-12-04 19:27:00,1.1,3.5,4
TKT004208,CU03341,AG025,Social Media,Delivery,2025-05-08 16:04:00,92.3,5.1,5
TKT004209,CU02894,AG037,Chat,Technical Issue,2025-07-28 06:26:00,1.6,18.9,3
TKT004210,CU01719,AG035,Email,Technical Issue,2025-07-29 09:34:00,123.7,18.7,1
TKT004211,CU03533,AG009,Email,Delivery,2025-06-01 17:32:00,192.9,6.9,4
TKT004212,CU03867,AG007,Phone,Account Access,2025-10-30 02:04:00,5.7,2.6,5
TKT004213,CU00948,AG007,Social Media,Account Access,2025-09-18 13:40:00,196.5,6.7,5
TKT004214,CU03920,AG032,Chat,Technical Issue,2025-06-12 14:19:00,1.4,3.4,4
TKT004215,CU00010,AG010,Email,Account Access,2025-04-22 17:15:00,203.8,5.4,3
TKT004216,CU00518,AG019,Chat,Account Access,2025-04-12 17:51:00,2.8,11.7,4
TKT004217,CU00173,AG032,Email,Billing,2025-12-08 06:59:00,146.9,29.7,1
TKT004218,CU01471,AG018,Web Form,Product Inquiry,2025-02-15 15:06:00,139.0,9.1,5
TKT004219,CU03748,AG003,Web Form,Technical Issue,2025-03-03 17:29:00,38.7,49.5,2
TKT004220,CU02402,AG015,Chat,Billing,2025-04-06 07:15:00,2.2,11.8,5
TKT004221,CU02467,AG004,Phone,Refund,2025-11-01 13:42:00,4.7,6.3,5
TKT004222,CU00340,AG016,Social Media,Technical Issue,2025-09-09 15:36:00,46.6,11.8,4
TKT004223,CU02065,AG030,Chat,Product Inquiry,2025-12-19 10:24:00,4.0,2.9,3
TKT004224,CU01531,AG021,Web Form,Billing,2025-09-21 11:44:00,51.9,10.0,1
TKT004225,CU01918,AG027,Chat,Technical Issue,2025-06-29 07:41:00,2.5,42.7,3
TKT004226,CU01045,AG005,Chat,Technical Issue,2025-01-15 17:55:00,4.8,7.1,4
TKT004227,CU00807,AG031,Chat,Billing,2025-11-16 09:59:00,2.3,10.8,4
TKT004228,CU03809,AG018,Phone,Product Inquiry,2025-09-02 12:24:00,4.1,4.9,4
TKT004229,CU02234,AG012,Chat,Product Inquiry,2025-01-27 13:09:00,2.1,9.0,3
TKT004230,CU01647,AG027,Email,Account Access,2025-12-21 07:55:00,80.6,3.4,5
TKT004231,CU00296,AG006,Phone,Technical Issue,2025-08-15 12:26:00,3.2,14.9,4
TKT004232,CU03051,AG020,Chat,Billing,2025-08-15 08:53:00,1.8,15.4,4
TKT004233,CU01891,AG017,Chat,Billing,2025-05-11 09:41:00,2.1,6.6,3
TKT004234,CU01547,AG007,Web Form,Technical Issue,2025-05-01 11:31:00,117.4,46.3,2
TKT004235,CU02668,AG039,Chat,Technical Issue,2025-05-13 13:51:00,3.3,13.3,3
TKT004236,CU00528,AG015,Chat,Billing,2025-01-19 12:45:00,1.4,2.2,3
TKT004237,CU02133,AG002,Chat,Billing,2025-06-14 06:38:00,2.0,53.0,1
TKT004238,CU03453,AG018,Chat,Delivery,2025-01-23 11:31:00,4.3,8.3,5
TKT004239,CU01856,AG039,Social Media,Billing,2025-08-06 04:13:00,34.9,5.0,1
TKT004240,CU00002,AG027,Chat,Technical Issue,2025-03-17 09:12:00,1.8,9.5,5
TKT004241,CU00920,AG026,Email,Technical Issue,2025-08-13 07:38:00,68.3,6.4,4
TKT004242,CU00224,AG037,Web Form,Delivery,2025-05-17 08:23:00,210.9,5.1,5
TKT004243,CU02001,AG004,Chat,Delivery,2025-04-12 13:37:00,3.1,11.4,3
TKT004244,CU01458,AG023,Social Media,Technical Issue,2025-02-22 20:42:00,68.5,26.4,3
TKT004245,CU00530,AG013,Email,Refund,2025-05-21 08:02:00,137.3,28.2,2
TKT004246,CU02748,AG028,Web Form,Delivery,2025-01-26 16:05:00,35.0,12.4,5
TKT004247,CU00707,AG035,Social Media,Technical Issue,2025-04-02 05:36:00,269.1,0.9,4
TKT004248,CU01367,AG004,Chat,Billing,2025-06-19 10:58:00,1.0,26.6,2
TKT004249,CU03951,AG007,Web Form,Product Inquiry,2025-08-19 11:31:00,65.9,3.1,5
TKT004250,CU00266,AG039,Web Form,Billing,2025-06-17 07:40:00,52.9,1.4,4
TKT004251,CU00991,AG020,Chat,Technical Issue,2025-02-07 15:17:00,1.1,33.4,3
TKT004252,CU01272,AG013,Email,Account Access,2025-09-21 08:12:00,121.9,11.0,4
TKT004253,CU02035,AG007,Social Media,Technical Issue,2025-06-04 17:14:00,36.9,5.9,5
TKT004254,CU00980,AG015,Email,Refund,2025-08-17 14:56:00,332.0,2.0,5
TKT004255,CU03881,AG001,Web Form,Refund,2025-12-24 16:46:00,55.8,2.8,4
TKT004256,CU00022,AG009,Chat,Refund,2025-01-18 08:21:00,3.3,11.9,4
TKT004257,CU03793,AG008,Web Form,Delivery,2025-12-27 10:03:00,42.1,11.6,4
TKT004258,CU02140,AG004,Web Form,Delivery,2025-12-14 16:51:00,115.2,1.3,3
TKT004259,CU00154,AG039,Social Media,Billing,2025-07-09 12:17:00,91.7,5.1,4
TKT004260,CU00467,AG032,Social Media,Refund,2025-01-10 15:14:00,162.4,2.5,2
TKT004261,CU00413,AG038,Email,Technical Issue,2025-04-01 11:42:00,191.3,2.5,5
TKT004262,CU01150,AG010,Email,Technical Issue,2025-03-24 15:07:00,137.4,56.6,5
TKT004263,CU01333,AG012,Email,Product Inquiry,2025-08-01 15:12:00,242.6,5.3,3
TKT004264,CU02565,AG012,Web Form,Product Inquiry,2025-09-10 10:30:00,549.7,9.1,3
TKT004265,CU01245,AG023,Chat,Account Access,2025-06-28 19:07:00,1.1,59.0,2
TKT004266,CU02901,AG008,Phone,Account Access,2025-05-10 16:54:00,3.7,3.7,4
TKT004267,CU01176,AG010,Phone,Technical Issue,2025-01-16 06:58:00,2.0,8.0,5
TKT004268,CU01054,AG039,Email,Delivery,2025-12-09 04:49:00,175.9,67.2,1
TKT004269,CU01102,AG015,Phone,Technical Issue,2025-12-28 16:33:00,4.5,2.6,3
TKT004270,CU01317,AG032,Phone,Billing,2025-01-12 15:32:00,11.6,71.1,2
TKT004271,CU03351,AG010,Chat,Billing,2025-04-30 20:16:00,1.7,3.4,5
TKT004272,CU00988,AG038,Web Form,Product Inquiry,2025-12-25 15:08:00,92.8,5.2,3
TKT004273,CU01094,AG028,Chat,Product Inquiry,2025-05-26 09:09:00,1.0,53.4,2
TKT004274,CU03828,AG035,Web Form,Product Inquiry,2025-08-16 04:08:00,59.8,2.8,5
TKT004275,CU02615,AG021,Chat,Refund,2025-07-07 13:00:00,1.2,1.3,4
TKT004276,CU00763,AG037,Phone,Billing,2025-08-20 13:44:00,5.5,7.2,4
TKT004277,CU03473,AG015,Chat,Technical Issue,2025-11-18 20:44:00,3.8,3.2,5
TKT004278,CU00733,AG020,Social Media,Billing,2025-05-19 16:43:00,64.7,4.7,4
TKT004279,CU00649,AG003,Email,Billing,2025-10-19 19:21:00,188.5,5.9,3
TKT004280,CU01781,AG007,Chat,Delivery,2025-06-16 16:06:00,1.6,3.9,2
TKT004281,CU02766,AG031,Email,Billing,2025-03-17 15:11:00,143.7,57.5,1
TKT004282,CU00758,AG014,Phone,Product Inquiry,2025-01-28 14:49:00,5.0,16.1,5
TKT004283,CU03014,AG005,Chat,Billing,2025-09-19 14:54:00,1.2,3.2,3
TKT004284,CU00627,AG012,Social Media,Billing,2025-08-08 13:03:00,52.0,5.9,5
TKT004285,CU03128,AG015,Email,Delivery,2025-11-16 18:41:00,225.6,3.2,5
TKT004286,CU00384,AG029,Chat,Account Access,2025-03-27 09:53:00,1.4,3.0,4
TKT004287,CU01858,AG004,Chat,Technical Issue,2025-09-18 19:48:00,4.0,50.5,1
TKT004288,CU02561,AG002,Email,Delivery,2025-01-09 14:14:00,52.7,4.9,5
TKT004289,CU01063,AG029,Chat,Account Access,2025-02-20 12:39:00,3.3,3.6,5
TKT004290,CU02449,AG006,Phone,Technical Issue,2025-08-05 09:49:00,4.0,55.0,3
TKT004291,CU02755,AG017,Chat,Billing,2025-07-16 10:55:00,1.9,5.0,5
TKT004292,CU02601,AG028,Chat,Product Inquiry,2025-08-05 14:40:00,2.2,6.0,5
TKT004293,CU01588,AG021,Email,Technical Issue,2025-11-03 08:20:00,63.2,68.7,5
TKT004294,CU03094,AG005,Phone,Billing,2025-11-01 00:40:00,7.4,2.7,3
TKT004295,CU02927,AG029,Phone,Billing,2025-03-13 09:09:00,3.2,6.0,5
TKT004296,CU01306,AG002,Web Form,Account Access,2025-03-15 10:05:00,34.8,8.3,3
TKT004297,CU02934,AG010,Email,Product Inquiry,2025-07-16 20:00:00,460.4,4.8,4
TKT004298,CU03674,AG005,Email,Billing,2025-12-16 14:32:00,115.6,55.4,4
TKT004299,CU03267,AG021,Email,Refund,2025-09-02 11:02:00,87.1,58.0,4
TKT004300,CU02933,AG028,Chat,Refund,2025-02-23 22:08:00,3.1,2.8,4
TKT004301,CU03067,AG026,Chat,Technical Issue,2025-08-20 11:51:00,2.3,22.8,5
TKT004302,CU03219,AG006,Chat,Delivery,2025-05-04 21:24:00,3.5,3.9,4
TKT004303,CU01157,AG014,Chat,Product Inquiry,2025-02-08 20:36:00,2.1,23.6,3
TKT004304,CU02884,AG006,Email,Product Inquiry,2025-09-17 15:26:00,236.7,67.4,2
TKT004305,CU00798,AG014,Chat,Account Access,2025-04-12 13:02:00,6.2,10.3,4
TKT004306,CU01434,AG010,Social Media,Technical Issue,2025-10-11 17:35:00,59.3,4.8,4
TKT004307,CU03739,AG030,Phone,Technical Issue,2025-07-21 10:06:00,3.1,4.5,5
TKT004308,CU01133,AG031,Email,Technical Issue,2025-06-13 11:40:00,58.0,11.2,5
TKT004309,CU03375,AG033,Web Form,Account Access,2025-03-18 09:41:00,67.8,5.6,3
TKT004310,CU01691,AG009,Social Media,Billing,2025-04-17 09:42:00,96.4,11.2,4
TKT004311,CU00840,AG001,Email,Delivery,2025-05-02 08:23:00,280.4,12.4,4
TKT004312,CU00389,AG002,Email,Refund,2025-09-11 18:28:00,137.8,32.3,3
TKT004313,CU02193,AG034,Web Form,Technical Issue,2025-06-01 00:46:00,52.5,4.2,3
TKT004314,CU01806,AG037,Social Media,Product Inquiry,2025-01-13 12:26:00,100.2,4.7,4
TKT004315,CU02046,AG009,Web Form,Technical Issue,2025-01-05 11:56:00,48.4,5.9,3
TKT004316,CU00173,AG036,Email,Technical Issue,2025-04-11 11:39:00,171.4,53.5,1
TKT004317,CU01073,AG022,Chat,Refund,2025-07-06 18:45:00,2.3,57.5,2
TKT004318,CU00016,AG008,Chat,Technical Issue,2025-05-02 17:39:00,2.7,56.4,4
TKT004319,CU01210,AG013,Social Media,Technical Issue,2025-12-30 15:10:00,79.4,1.6,4
TKT004320,CU03726,AG011,Email,Product Inquiry,2025-03-26 15:27:00,189.5,4.7,2
TKT004321,CU00610,AG031,Chat,Product Inquiry,2025-05-30 17:38:00,2.8,2.4,5
TKT004322,CU02758,AG008,Chat,Refund,2025-05-26 11:31:00,1.7,13.4,2
TKT004323,CU00024,AG008,Email,Technical Issue,2025-04-11 12:35:00,133.9,6.1,3
TKT004324,CU02248,AG029,Chat,Technical Issue,2025-11-19 09:54:00,1.8,4.3,5
TKT004325,CU03684,AG013,Social Media,Technical Issue,2025-04-03 09:50:00,45.8,0.9,5
TKT004326,CU01365,AG011,Social Media,Technical Issue,2025-01-04 20:12:00,68.9,0.7,4
TKT004327,CU00789,AG033,Email,Product Inquiry,2025-07-08 16:12:00,212.7,4.5,5
TKT004328,CU02283,AG038,Chat,Technical Issue,2025-08-20 12:08:00,3.2,5.4,4
TKT004329,CU01116,AG023,Email,Delivery,2025-06-16 04:43:00,168.7,11.5,4
TKT004330,CU03567,AG034,Social Media,Technical Issue,2025-06-03 16:29:00,51.5,2.2,5
TKT004331,CU03396,AG034,Chat,Account Access,2025-11-11 20:35:00,3.4,3.6,2
TKT004332,CU02610,AG024,Email,Technical Issue,2025-05-17 20:52:00,387.7,53.0,2
TKT004333,CU02557,AG034,Email,Technical Issue,2025-08-22 16:28:00,194.0,15.0,2
TKT004334,CU02410,AG001,Chat,Technical Issue,2025-11-02 15:37:00,2.0,4.7,5
TKT004335,CU02942,AG002,Email,Product Inquiry,2025-05-26 07:17:00,87.0,4.2,4
TKT004336,CU01841,AG036,Email,Delivery,2025-07-17 07:49:00,138.9,9.4,4
TKT004337,CU03879,AG006,Web Form,Delivery,2025-05-21 09:01:00,41.9,7.9,5
TKT004338,CU01383,AG030,Email,Billing,2025-08-13 14:34:00,125.5,2.9,5
TKT004339,CU00036,AG017,Phone,Delivery,2025-07-19 19:48:00,8.1,6.7,5
TKT004340,CU02795,AG032,Social Media,Delivery,2025-11-08 18:42:00,146.3,50.3,4
TKT004341,CU02649,AG027,Email,Billing,2025-04-03 10:06:00,115.9,2.8,4
TKT004342,CU03924,AG003,Phone,Delivery,2025-03-01 11:51:00,4.2,4.5,5
TKT004343,CU01582,AG014,Email,Refund,2025-06-04 10:22:00,139.6,6.3,4
TKT004344,CU01700,AG029,Chat,Product Inquiry,2025-08-12 13:31:00,1.6,27.1,4
TKT004345,CU02249,AG037,Web Form,Product Inquiry,2025-04-15 17:29:00,26.3,52.0,3
TKT004346,CU01569,AG033,Social Media,Account Access,2025-12-31 17:20:00,141.9,7.2,4
TKT004347,CU03140,AG036,Social Media,Technical Issue,2025-07-08 19:19:00,172.4,4.6,5
TKT004348,CU01713,AG039,Chat,Technical Issue,2025-10-24 13:54:00,1.4,12.1,4
TKT004349,CU03135,AG036,Chat,Technical Issue,2025-07-19 15:39:00,1.4,13.8,1
TKT004350,CU01703,AG024,Email,Billing,2025-05-24 21:59:00,230.7,65.2,4
TKT004351,CU00901,AG014,Web Form,Billing,2025-11-06 15:19:00,38.1,3.5,5
TKT004352,CU03963,AG021,Phone,Delivery,2025-02-27 08:17:00,1.9,47.3,2
TKT004353,CU02106,AG032,Email,Account Access,2025-04-02 10:30:00,109.7,11.2,4
TKT004354,CU02828,AG018,Chat,Delivery,2025-10-07 06:36:00,4.2,40.2,5
TKT004355,CU02366,AG034,Email,Product Inquiry,2025-11-27 07:05:00,105.0,2.1,4
TKT004356,CU01437,AG029,Chat,Technical Issue,2025-04-17 13:21:00,1.4,4.3,5
TKT004357,CU03889,AG009,Email,Technical Issue,2025-07-15 16:26:00,108.1,8.0,4
TKT004358,CU01487,AG037,Chat,Delivery,2025-06-27 08:05:00,1.1,2.1,5
TKT004359,CU03973,AG034,Email,Account Access,2025-09-23 10:34:00,67.8,57.0,2
TKT004360,CU01724,AG024,Chat,Account Access,2025-07-02 10:07:00,1.7,3.5,4
TKT004361,CU00091,AG008,Email,Refund,2025-08-12 18:51:00,64.7,6.6,3
TKT004362,CU00147,AG010,Web Form,Technical Issue,2025-09-02 08:31:00,44.2,5.8,5
TKT004363,CU03895,AG034,Chat,Account Access,2025-10-30 04:10:00,2.3,2.8,3
TKT004364,CU02112,AG001,Web Form,Product Inquiry,2025-02-20 15:31:00,67.7,4.8,5
TKT004365,CU01551,AG020,Chat,Billing,2025-08-31 13:20:00,1.9,0.6,4
TKT004366,CU03246,AG025,Chat,Account Access,2025-03-07 00:26:00,1.0,36.9,2
TKT004367,CU02469,AG010,Email,Technical Issue,2025-01-05 17:15:00,111.7,7.1,4
TKT004368,CU02643,AG035,Web Form,Billing,2025-09-19 12:25:00,66.5,7.3,4
TKT004369,CU02742,AG021,Social Media,Technical Issue,2025-05-23 14:09:00,126.6,33.3,4
TKT004370,CU00794,AG003,Phone,Account Access,2025-09-19 15:17:00,3.4,13.5,3
TKT004371,CU00354,AG013,Web Form,Account Access,2025-12-09 05:23:00,37.3,4.8,5
TKT004372,CU02913,AG016,Social Media,Product Inquiry,2025-02-17 08:46:00,94.2,10.5,4
TKT004373,CU00088,AG009,Phone,Delivery,2025-06-14 12:54:00,3.3,5.2,4
TKT004374,CU02878,AG038,Email,Technical Issue,2025-02-06 08:52:00,80.0,27.3,4
TKT004375,CU00520,AG015,Chat,Refund,2025-10-30 07:22:00,2.4,57.3,3
TKT004376,CU01051,AG021,Email,Billing,2025-12-31 10:22:00,141.4,50.9,2
TKT004377,CU02832,AG022,Web Form,Delivery,2025-11-14 12:16:00,29.9,4.2,5
TKT004378,CU02492,AG009,Chat,Technical Issue,2025-12-29 18:30:00,1.4,6.0,5
TKT004379,CU03127,AG023,Chat,Delivery,2025-05-02 14:57:00,1.8,5.7,5
TKT004380,CU02444,AG015,Email,Product Inquiry,2025-04-12 20:14:00,60.5,44.9,4
TKT004381,CU00192,AG001,Chat,Technical Issue,2025-11-10 12:42:00,1.3,63.1,4
TKT004382,CU03360,AG017,Chat,Account Access,2025-08-26 12:15:00,2.8,3.8,5
TKT004383,CU00863,AG024,Email,Account Access,2025-05-18 10:22:00,106.9,2.5,3
TKT004384,CU00545,AG005,Chat,Billing,2025-03-18 06:31:00,1.3,3.0,5
TKT004385,CU03515,AG032,Chat,Billing,2025-01-10 08:44:00,3.6,7.8,5
TKT004386,CU00780,AG027,Chat,Delivery,2025-01-14 06:50:00,2.4,7.8,4
TKT004387,CU02145,AG013,Email,Billing,2025-09-11 16:38:00,205.2,3.7,5
TKT004388,CU01944,AG024,Phone,Technical Issue,2025-04-07 11:36:00,2.6,68.0,2
TKT004389,CU03079,AG013,Email,Delivery,2025-10-27 03:51:00,119.7,6.9,5
TKT004390,CU00177,AG026,Web Form,Delivery,2025-11-05 16:37:00,54.7,19.5,4
TKT004391,CU00427,AG007,Email,Technical Issue,2025-06-14 09:06:00,158.6,1.9,4
TKT004392,CU01663,AG025,Web Form,Product Inquiry,2025-04-20 19:03:00,193.4,1.6,3
TKT004393,CU01894,AG003,Phone,Product Inquiry,2025-03-05 18:32:00,4.2,7.5,4
TKT004394,CU03153,AG001,Phone,Product Inquiry,2025-04-04 10:00:00,7.3,11.4,1
TKT004395,CU02423,AG011,Email,Account Access,2025-08-13 09:42:00,492.9,6.1,3
TKT004396,CU00595,AG007,Chat,Technical Issue,2025-10-03 23:46:00,5.1,13.6,5
TKT004397,CU03916,AG020,Chat,Technical Issue,2025-09-27 17:59:00,2.2,9.6,4
TKT004398,CU01840,AG007,Chat,Product Inquiry,2025-12-16 20:01:00,3.8,8.9,4
TKT004399,CU03859,AG010,Email,Product Inquiry,2025-08-28 02:36:00,150.2,5.8,5
TKT004400,CU03960,AG004,Web Form,Delivery,2025-07-05 14:56:00,53.8,1.4,5
TKT004401,CU00207,AG036,Social Media,Account Access,2025-05-10 09:08:00,142.9,5.7,4
TKT004402,CU02024,AG030,Chat,Billing,2025-05-03 11:46:00,3.3,10.6,3
TKT004403,CU01689,AG009,Phone,Delivery,2025-05-15 07:58:00,5.3,9.1,5
TKT004404,CU01994,AG005,Web Form,Technical Issue,2025-11-18 16:04:00,50.2,9.1,5
TKT004405,CU01240,AG035,Social Media,Account Access,2025-07-20 13:27:00,69.0,40.2,3
TKT004406,CU02236,AG027,Email,Delivery,2025-03-22 17:04:00,72.1,6.4,4
TKT004407,CU01969,AG036,Chat,Delivery,2025-03-12 07:29:00,2.2,4.4,5
TKT004408,CU00745,AG008,Chat,Billing,2025-01-11 23:51:00,2.3,6.1,4
TKT004409,CU01155,AG015,Chat,Delivery,2025-11-05 11:15:00,3.2,17.9,2
TKT004410,CU00589,AG005,Phone,Technical Issue,2025-03-22 21:47:00,1.8,39.7,3
TKT004411,CU03375,AG017,Chat,Technical Issue,2025-02-07 15:48:00,2.1,8.0,3
TKT004412,CU02710,AG007,Chat,Technical Issue,2025-04-16 07:00:00,1.8,8.2,4
TKT004413,CU01551,AG001,Social Media,Billing,2025-06-27 17:31:00,87.2,60.0,5
TKT004414,CU01584,AG021,Social Media,Billing,2025-12-17 14:15:00,178.5,20.2,5
TKT004415,CU00317,AG040,Email,Billing,2025-11-10 08:58:00,283.3,2.8,5
TKT004416,CU01160,AG026,Chat,Billing,2025-03-04 08:41:00,3.5,6.5,5
TKT004417,CU03698,AG031,Email,Billing,2025-07-13 21:31:00,147.4,6.9,5
TKT004418,CU00126,AG033,Email,Account Access,2025-10-28 23:39:00,126.1,0.7,3
TKT004419,CU00585,AG039,Email,Delivery,2025-10-05 14:10:00,271.5,2.0,4
TKT004420,CU03385,AG006,Email,Technical Issue,2025-06-21 08:30:00,358.6,4.1,4
TKT004421,CU02082,AG011,Phone,Billing,2025-03-29 10:46:00,9.6,11.5,5
TKT004422,CU00130,AG025,Chat,Technical Issue,2025-10-14 09:56:00,2.6,56.9,5
TKT004423,CU01960,AG033,Chat,Technical Issue,2025-06-12 14:08:00,2.0,8.0,2
TKT004424,CU03000,AG031,Phone,Account Access,2025-03-28 11:54:00,5.9,3.6,3
TKT004425,CU01381,AG030,Chat,Refund,2025-09-18 11:17:00,3.0,33.1,2
TKT004426,CU01528,AG013,Email,Billing,2025-11-19 17:51:00,112.3,6.9,4
TKT004427,CU02526,AG015,Phone,Billing,2025-11-21 21:56:00,3.6,3.6,5
TKT004428,CU02395,AG004,Email,Technical Issue,2025-12-09 09:47:00,748.2,4.2,5
TKT004429,CU03612,AG013,Email,Technical Issue,2025-08-23 11:58:00,112.3,63.5,3
TKT004430,CU00991,AG007,Social Media,Refund,2025-10-08 13:33:00,143.8,10.8,2
TKT004431,CU01105,AG038,Chat,Account Access,2025-03-30 09:46:00,1.5,2.4,5
TKT004432,CU00622,AG004,Chat,Delivery,2025-04-29 11:54:00,1.9,1.5,5
TKT004433,CU02660,AG015,Web Form,Refund,2025-02-23 05:12:00,33.1,8.8,5
TKT004434,CU02134,AG036,Email,Account Access,2025-01-30 04:42:00,84.4,8.0,4
TKT004435,CU01388,AG039,Web Form,Technical Issue,2025-11-04 17:44:00,77.2,3.8,5
TKT004436,CU02783,AG016,Web Form,Delivery,2025-06-16 10:29:00,72.3,4.7,3
TKT004437,CU01507,AG019,Chat,Delivery,2025-07-22 16:35:00,5.5,17.7,5
TKT004438,CU00782,AG021,Phone,Billing,2025-02-01 06:39:00,4.1,15.3,3
TKT004439,CU02160,AG033,Web Form,Delivery,2025-03-09 15:26:00,59.9,4.4,5
TKT004440,CU01746,AG031,Chat,Account Access,2025-01-28 15:35:00,2.0,19.4,4
TKT004441,CU01622,AG021,Email,Billing,2025-06-27 17:26:00,82.0,39.6,3
TKT004442,CU01779,AG015,Email,Delivery,2025-08-01 09:28:00,193.6,32.3,1
TKT004443,CU03657,AG015,Web Form,Technical Issue,2025-02-16 14:27:00,50.1,9.8,2
TKT004444,CU00864,AG026,Chat,Billing,2025-09-16 19:27:00,1.0,12.3,4
TKT004445,CU01104,AG034,Phone,Billing,2025-02-08 09:19:00,7.4,8.2,1
TKT004446,CU02261,AG004,Email,Delivery,2025-11-03 07:06:00,102.1,3.6,4
TKT004447,CU00187,AG031,Chat,Refund,2025-12-02 10:32:00,2.4,1.1,4
TKT004448,CU00584,AG020,Email,Delivery,2025-08-22 21:25:00,171.2,35.5,1
TKT004449,CU02266,AG006,Email,Delivery,2025-07-18 08:02:00,157.2,2.1,4
TKT004450,CU02039,AG004,Email,Billing,2025-09-25 07:31:00,80.6,2.7,3
TKT004451,CU02612,AG014,Email,Account Access,2025-04-01 23:50:00,301.7,55.3,2
TKT004452,CU00454,AG010,Chat,Technical Issue,2025-12-03 11:15:00,1.3,4.6,4
TKT004453,CU03416,AG005,Web Form,Billing,2025-11-18 08:53:00,14.2,7.2,5
TKT004454,CU01943,AG012,Email,Delivery,2025-09-11 14:32:00,223.3,7.3,3
TKT004455,CU00621,AG034,Social Media,Technical Issue,2025-12-31 01:23:00,141.0,4.5,4
TKT004456,CU01247,AG029,Email,Product Inquiry,2025-04-21 12:52:00,72.6,3.0,4
TKT004457,CU00910,AG009,Email,Billing,2025-11-19 04:56:00,139.6,11.4,4
TKT004458,CU01809,AG027,Web Form,Delivery,2025-01-13 14:55:00,99.6,9.4,4
TKT004459,CU01878,AG019,Chat,Billing,2025-09-30 15:46:00,4.3,5.3,5
TKT004460,CU01735,AG030,Chat,Delivery,2025-04-16 00:37:00,2.8,1.1,3
TKT004461,CU01845,AG010,Email,Account Access,2025-12-18 13:50:00,220.6,4.5,4
TKT004462,CU03632,AG003,Email,Technical Issue,2025-07-27 20:51:00,207.7,55.6,2
TKT004463,CU03837,AG013,Web Form,Product Inquiry,2025-03-14 11:53:00,51.0,14.2,4
TKT004464,CU01960,AG040,Email,Delivery,2025-04-25 21:49:00,76.9,15.4,4
TKT004465,CU03853,AG023,Email,Account Access,2025-11-17 21:20:00,121.3,6.9,4
TKT004466,CU03274,AG003,Web Form,Delivery,2025-10-21 09:58:00,102.1,7.3,5
TKT004467,CU03280,AG040,Email,Technical Issue,2025-05-11 14:48:00,258.5,2.2,4
TKT004468,CU00903,AG034,Phone,Delivery,2025-04-06 18:51:00,4.5,9.2,3
TKT004469,CU01754,AG022,Email,Billing,2025-01-12 16:08:00,116.5,42.2,2
TKT004470,CU01409,AG030,Email,Refund,2025-02-15 16:00:00,363.5,57.6,3
TKT004471,CU00386,AG008,Phone,Billing,2025-01-12 09:58:00,4.3,4.2,2
TKT004472,CU00301,AG024,Chat,Refund,2025-05-01 20:37:00,2.8,7.2,5
TKT004473,CU02490,AG037,Chat,Product Inquiry,2025-03-10 09:35:00,1.0,2.1,5
TKT004474,CU01683,AG018,Phone,Product Inquiry,2025-01-08 15:42:00,3.9,6.2,4
TKT004475,CU03303,AG002,Email,Delivery,2025-10-12 19:41:00,254.4,1.9,3
TKT004476,CU02675,AG031,Web Form,Delivery,2025-11-17 11:02:00,25.9,15.5,4
TKT004477,CU00341,AG030,Chat,Account Access,2025-11-24 14:18:00,2.0,3.6,4
TKT004478,CU03353,AG030,Social Media,Technical Issue,2025-11-02 15:32:00,112.7,68.1,3
TKT004479,CU01985,AG026,Chat,Account Access,2025-02-16 20:01:00,4.4,4.9,4
TKT004480,CU02264,AG006,Chat,Account Access,2025-03-02 12:53:00,3.4,70.3,2
TKT004481,CU03863,AG005,Phone,Technical Issue,2025-11-05 14:09:00,10.2,32.1,4
TKT004482,CU02561,AG032,Phone,Delivery,2025-01-06 08:25:00,6.3,3.5,4
TKT004483,CU00090,AG035,Chat,Technical Issue,2025-10-03 06:08:00,3.3,3.8,4
TKT004484,CU00710,AG004,Chat,Account Access,2025-02-15 02:03:00,1.2,4.7,4
TKT004485,CU01706,AG024,Phone,Account Access,2025-01-20 13:26:00,2.3,6.6,4
TKT004486,CU00149,AG021,Social Media,Refund,2025-10-12 14:46:00,226.8,29.9,3
TKT004487,CU00670,AG015,Email,Technical Issue,2025-09-24 07:17:00,109.1,56.0,1
TKT004488,CU03167,AG026,Web Form,Technical Issue,2025-02-01 08:27:00,40.8,4.0,4
TKT004489,CU00572,AG037,Phone,Account Access,2025-01-15 09:56:00,1.1,42.6,3
TKT004490,CU00669,AG033,Web Form,Billing,2025-11-19 19:22:00,98.5,4.6,4
TKT004491,CU02019,AG007,Web Form,Technical Issue,2025-04-06 07:50:00,29.7,52.9,5
TKT004492,CU00365,AG019,Chat,Delivery,2025-12-20 13:59:00,1.3,5.7,3
TKT004493,CU01023,AG038,Email,Product Inquiry,2025-07-13 17:32:00,255.6,6.0,3
TKT004494,CU03751,AG010,Chat,Delivery,2025-12-24 18:36:00,1.0,5.8,4
TKT004495,CU02526,AG035,Chat,Technical Issue,2025-11-28 15:51:00,4.2,5.7,4
TKT004496,CU03855,AG020,Chat,Technical Issue,2025-08-13 09:40:00,1.3,2.9,4
TKT004497,CU01418,AG021,Email,Account Access,2025-02-08 07:35:00,129.1,6.2,4
TKT004498,CU02466,AG011,Chat,Delivery,2025-11-24 08:53:00,1.3,8.4,4
TKT004499,CU00955,AG037,Phone,Product Inquiry,2025-05-08 17:55:00,1.9,35.8,3
TKT004500,CU01515,AG022,Phone,Technical Issue,2025-04-02 10:18:00,2.6,64.0,4
TKT004501,CU00699,AG023,Chat,Account Access,2025-07-30 10:44:00,1.3,10.1,3
TKT004502,CU03333,AG019,Chat,Product Inquiry,2025-05-11 08:15:00,1.0,3.4,4
TKT004503,CU00737,AG004,Web Form,Technical Issue,2025-09-28 12:44:00,128.5,4.6,5
TKT004504,CU00819,AG032,Email,Product Inquiry,2025-04-07 10:05:00,82.1,8.7,4
TKT004505,CU01856,AG014,Phone,Billing,2025-12-01 11:16:00,1.4,9.2,3
TKT004506,CU01718,AG010,Web Form,Delivery,2025-02-06 03:47:00,17.7,5.2,5
TKT004507,CU01256,AG032,Web Form,Billing,2025-06-21 12:47:00,69.9,10.6,5
TKT004508,CU01429,AG008,Email,Refund,2025-12-17 07:28:00,53.9,1.3,1
TKT004509,CU01181,AG028,Web Form,Product Inquiry,2025-11-03 13:46:00,49.9,2.7,4
TKT004510,CU03651,AG019,Email,Technical Issue,2025-10-27 15:29:00,413.6,47.4,5
TKT004511,CU02322,AG032,Phone,Delivery,2025-08-14 14:04:00,4.4,61.9,2
TKT004512,CU03680,AG003,Email,Technical Issue,2025-07-27 08:48:00,167.3,31.7,2
TKT004513,CU03948,AG031,Phone,Billing,2025-03-16 14:03:00,3.0,69.0,3
TKT004514,CU02604,AG010,Email,Account Access,2025-04-19 11:48:00,139.0,7.4,4
TKT004515,CU03303,AG035,Email,Account Access,2025-07-31 11:52:00,124.3,2.1,4
TKT004516,CU00443,AG015,Email,Billing,2025-04-22 08:00:00,165.9,4.3,4
TKT004517,CU03798,AG001,Chat,Billing,2025-04-25 23:58:00,5.0,4.1,3
TKT004518,CU01929,AG020,Web Form,Technical Issue,2025-09-05 11:37:00,43.5,14.4,2
TKT004519,CU02854,AG003,Phone,Technical Issue,2025-09-14 12:36:00,2.6,4.5,5
TKT004520,CU00982,AG011,Social Media,Technical Issue,2025-07-01 07:19:00,86.3,54.1,1
TKT004521,CU00383,AG029,Phone,Technical Issue,2025-04-14 15:10:00,6.8,7.5,5
TKT004522,CU03540,AG023,Chat,Refund,2025-03-06 10:01:00,1.7,12.4,4
TKT004523,CU01798,AG029,Chat,Billing,2025-04-06 16:25:00,2.3,28.8,3
TKT004524,CU00554,AG036,Email,Product Inquiry,2025-05-01 06:47:00,185.5,6.3,5
TKT004525,CU02634,AG019,Chat,Technical Issue,2025-12-12 10:01:00,6.5,3.9,5
TKT004526,CU00218,AG022,Email,Account Access,2025-04-28 16:13:00,232.5,6.1,3
TKT004527,CU01802,AG003,Email,Technical Issue,2025-11-28 11:49:00,86.6,8.1,3
TKT004528,CU02818,AG012,Phone,Technical Issue,2025-07-16 04:26:00,1.2,6.6,2
TKT004529,CU02882,AG029,Web Form,Delivery,2025-06-14 17:06:00,59.7,5.6,4
TKT004530,CU01814,AG003,Email,Billing,2025-04-08 21:58:00,95.0,15.3,4
TKT004531,CU01480,AG015,Social Media,Billing,2025-10-07 11:20:00,68.9,1.8,5
TKT004532,CU03354,AG006,Chat,Billing,2025-11-04 15:10:00,1.2,64.2,2
TKT004533,CU00739,AG035,Web Form,Delivery,2025-12-25 11:33:00,41.7,6.8,4
TKT004534,CU00299,AG023,Web Form,Billing,2025-10-27 14:05:00,41.2,2.4,5
TKT004535,CU00628,AG026,Chat,Technical Issue,2025-02-02 16:41:00,1.9,5.3,3
TKT004536,CU03205,AG028,Email,Billing,2025-11-17 15:38:00,96.7,10.6,3
TKT004537,CU01880,AG009,Web Form,Account Access,2025-08-10 10:54:00,37.1,2.5,3
TKT004538,CU00150,AG002,Phone,Product Inquiry,2025-07-07 09:17:00,5.4,4.5,3
TKT004539,CU00676,AG016,Chat,Technical Issue,2025-04-03 14:25:00,2.0,3.2,4
TKT004540,CU00113,AG008,Phone,Billing,2025-07-04 15:40:00,4.0,2.6,4
TKT004541,CU03258,AG013,Chat,Account Access,2025-10-20 14:11:00,1.9,32.4,5
TKT004542,CU01846,AG013,Social Media,Product Inquiry,2025-08-04 08:21:00,55.0,6.6,5
TKT004543,CU00273,AG032,Email,Technical Issue,2025-02-07 11:06:00,308.6,4.1,5
TKT004544,CU00886,AG013,Social Media,Refund,2025-10-03 16:42:00,275.2,7.0,5
TKT004545,CU02466,AG007,Phone,Delivery,2025-10-15 08:39:00,7.9,6.4,3
TKT004546,CU02375,AG039,Chat,Billing,2025-09-03 19:05:00,1.0,9.3,3
TKT004547,CU03278,AG002,Chat,Delivery,2025-03-15 12:07:00,1.4,7.6,3
TKT004548,CU00104,AG009,Social Media,Account Access,2025-04-18 17:24:00,132.8,51.6,1
TKT004549,CU00278,AG014,Chat,Technical Issue,2025-06-16 10:39:00,1.3,5.7,5
TKT004550,CU00142,AG003,Web Form,Billing,2025-11-14 11:47:00,37.4,3.4,4
TKT004551,CU01577,AG036,Phone,Billing,2025-10-25 21:27:00,1.9,12.9,5
TKT004552,CU02909,AG015,Chat,Billing,2025-02-04 14:48:00,1.6,15.4,5
TKT004553,CU02653,AG032,Email,Delivery,2025-01-25 07:24:00,89.1,3.4,4
TKT004554,CU00841,AG006,Email,Delivery,2025-01-19 21:35:00,37.6,50.7,5
TKT004555,CU02629,AG021,Web Form,Refund,2025-12-05 11:15:00,103.6,9.7,4
TKT004556,CU02626,AG006,Phone,Account Access,2025-11-12 16:38:00,5.0,5.8,5
TKT004557,CU00766,AG010,Web Form,Billing,2025-03-21 08:54:00,26.4,21.8,5
TKT004558,CU03000,AG017,Email,Technical Issue,2025-12-01 18:17:00,225.7,5.9,5
TKT004559,CU01690,AG035,Phone,Refund,2025-07-02 21:42:00,4.3,1.4,5
TKT004560,CU00238,AG013,Web Form,Technical Issue,2025-04-25 11:27:00,104.1,3.8,5
TKT004561,CU01563,AG031,Social Media,Billing,2025-09-26 08:31:00,134.8,4.1,4
TKT004562,CU03080,AG004,Email,Delivery,2025-01-26 14:34:00,91.4,10.1,4
TKT004563,CU02785,AG011,Email,Delivery,2025-02-15 08:25:00,202.3,0.7,4
TKT004564,CU01074,AG025,Web Form,Technical Issue,2025-04-04 12:39:00,81.3,8.7,4
TKT004565,CU03028,AG019,Social Media,Account Access,2025-08-11 15:21:00,160.8,8.6,4
TKT004566,CU01559,AG021,Phone,Technical Issue,2025-11-03 08:09:00,6.9,7.5,1
TKT004567,CU01841,AG028,Chat,Delivery,2025-07-08 20:23:00,6.3,7.1,5
TKT004568,CU00347,AG004,Chat,Delivery,2025-06-10 16:26:00,3.4,14.5,5
TKT004569,CU03989,AG028,Chat,Delivery,2025-08-02 11:51:00,1.3,13.3,5
TKT004570,CU03355,AG035,Phone,Technical Issue,2025-01-05 12:38:00,4.4,8.8,5
TKT004571,CU00780,AG031,Email,Account Access,2025-08-30 18:25:00,78.6,7.5,2
TKT004572,CU02243,AG012,Email,Technical Issue,2025-10-21 13:51:00,272.3,1.1,5
TKT004573,CU03122,AG015,Email,Account Access,2025-06-03 22:00:00,87.4,35.5,2
TKT004574,CU02019,AG039,Email,Product Inquiry,2025-08-25 06:41:00,477.6,5.4,4
TKT004575,CU00844,AG032,Chat,Technical Issue,2025-04-20 10:55:00,1.7,2.0,5
TKT004576,CU03875,AG038,Chat,Account Access,2025-12-08 13:41:00,2.0,27.7,3
TKT004577,CU01076,AG037,Web Form,Technical Issue,2025-03-09 08:35:00,42.6,10.4,3
TKT004578,CU01339,AG018,Email,Account Access,2025-02-20 11:31:00,94.4,4.4,4
TKT004579,CU01487,AG006,Chat,Account Access,2025-12-09 13:09:00,1.5,6.8,4
TKT004580,CU03564,AG010,Social Media,Billing,2025-07-05 09:09:00,102.2,7.8,5
TKT004581,CU02001,AG012,Phone,Delivery,2025-05-27 08:07:00,4.0,8.3,1
TKT004582,CU02879,AG034,Chat,Product Inquiry,2025-10-25 09:56:00,1.6,8.9,3
TKT004583,CU03605,AG012,Email,Refund,2025-04-14 06:22:00,165.7,8.9,4
TKT004584,CU03715,AG015,Email,Product Inquiry,2025-04-18 09:57:00,103.9,1.0,4
TKT004585,CU03426,AG035,Email,Technical Issue,2025-01-20 06:36:00,139.6,44.8,1
TKT004586,CU03632,AG007,Social Media,Product Inquiry,2025-07-09 21:45:00,237.7,7.0,4
TKT004587,CU03793,AG027,Chat,Billing,2025-10-02 08:56:00,1.5,4.9,5
TKT004588,CU03965,AG023,Chat,Technical Issue,2025-12-27 00:30:00,1.7,44.0,3
TKT004589,CU02573,AG040,Chat,Billing,2025-07-12 21:03:00,1.1,0.6,3
TKT004590,CU00527,AG020,Chat,Technical Issue,2025-01-28 16:49:00,1.7,2.3,5
TKT004591,CU00454,AG021,Chat,Delivery,2025-03-11 09:21:00,2.5,2.4,5
TKT004592,CU03185,AG035,Chat,Technical Issue,2025-04-13 19:09:00,1.5,2.4,4
TKT004593,CU01265,AG040,Chat,Account Access,2025-11-23 18:15:00,1.1,1.3,5
TKT004594,CU03218,AG030,Chat,Billing,2025-07-31 16:59:00,2.4,8.6,4
TKT004595,CU03739,AG028,Web Form,Technical Issue,2025-12-07 14:25:00,71.1,67.5,3
TKT004596,CU02578,AG036,Chat,Refund,2025-11-05 14:34:00,2.8,47.3,3
TKT004597,CU03058,AG040,Social Media,Account Access,2025-11-18 21:47:00,45.5,12.7,4
TKT004598,CU01116,AG030,Social Media,Billing,2025-04-13 12:34:00,191.3,1.4,1
TKT004599,CU01739,AG012,Web Form,Delivery,2025-07-24 17:09:00,42.1,12.1,5
TKT004600,CU03861,AG026,Social Media,Refund,2025-01-23 07:05:00,51.7,4.5,4
TKT004601,CU03268,AG010,Phone,Billing,2025-05-17 16:56:00,7.0,9.5,4
TKT004602,CU00818,AG021,Social Media,Technical Issue,2025-04-25 22:12:00,187.6,44.0,2
TKT004603,CU03746,AG018,Chat,Product Inquiry,2025-03-01 01:15:00,1.7,11.8,4
TKT004604,CU01999,AG040,Email,Billing,2025-01-23 09:02:00,88.6,65.7,2
TKT004605,CU03376,AG023,Email,Technical Issue,2025-05-18 17:45:00,178.6,25.9,4
TKT004606,CU02086,AG039,Chat,Technical Issue,2025-01-26 16:30:00,1.0,60.8,1
TKT004607,CU02416,AG033,Social Media,Technical Issue,2025-08-12 16:38:00,366.2,7.7,4
TKT004608,CU00648,AG034,Social Media,Product Inquiry,2025-04-12 22:11:00,51.0,5.1,5
TKT004609,CU01355,AG007,Email,Product Inquiry,2025-03-24 07:32:00,170.3,9.4,4
TKT004610,CU02891,AG032,Web Form,Account Access,2025-02-10 15:33:00,50.3,4.5,5
TKT004611,CU03370,AG011,Email,Delivery,2025-06-19 15:50:00,84.4,10.9,5
TKT004612,CU00356,AG024,Social Media,Refund,2025-03-03 09:42:00,53.8,6.2,4
TKT004613,CU00308,AG020,Chat,Account Access,2025-07-29 09:36:00,3.7,0.9,1
TKT004614,CU02773,AG011,Web Form,Delivery,2025-12-26 15:40:00,67.3,4.6,3
TKT004615,CU01789,AG040,Chat,Product Inquiry,2025-09-24 15:46:00,1.4,6.8,4
TKT004616,CU03395,AG036,Email,Technical Issue,2025-02-12 14:13:00,102.9,55.7,5
TKT004617,CU00273,AG023,Chat,Technical Issue,2025-02-03 12:35:00,1.3,10.1,4
TKT004618,CU01398,AG001,Chat,Delivery,2025-11-16 15:56:00,3.2,4.4,5
TKT004619,CU00142,AG008,Web Form,Delivery,2025-11-13 10:43:00,91.3,7.1,5
TKT004620,CU02838,AG010,Web Form,Technical Issue,2025-05-13 09:50:00,73.5,3.4,3
TKT004621,CU03432,AG039,Social Media,Billing,2025-06-16 14:02:00,103.5,17.3,5
TKT004622,CU00628,AG017,Web Form,Delivery,2025-05-18 14:50:00,77.6,69.1,4
TKT004623,CU01296,AG002,Chat,Account Access,2025-08-01 17:38:00,1.0,9.9,4
TKT004624,CU03384,AG024,Phone,Product Inquiry,2025-03-18 12:10:00,4.7,40.0,5
TKT004625,CU00166,AG039,Chat,Refund,2025-12-10 17:53:00,3.6,6.2,5
TKT004626,CU03809,AG023,Phone,Account Access,2025-05-28 20:52:00,4.5,13.0,5
TKT004627,CU03548,AG018,Phone,Delivery,2025-03-03 12:39:00,4.1,8.7,3
TKT004628,CU00611,AG008,Email,Delivery,2025-04-20 14:57:00,98.7,8.9,4
TKT004629,CU00556,AG036,Email,Technical Issue,2025-11-19 19:49:00,102.4,4.5,2
TKT004630,CU02768,AG005,Email,Billing,2025-04-16 10:25:00,105.0,11.0,2
TKT004631,CU00041,AG038,Email,Billing,2025-10-21 16:59:00,158.3,34.1,3
TKT004632,CU02024,AG009,Social Media,Product Inquiry,2025-10-07 14:28:00,68.9,4.8,3
TKT004633,CU00264,AG006,Web Form,Refund,2025-12-29 11:09:00,20.2,1.0,3
TKT004634,CU02126,AG014,Chat,Technical Issue,2025-02-25 18:06:00,3.1,6.7,5
TKT004635,CU01401,AG001,Web Form,Refund,2025-05-24 08:41:00,73.3,4.8,4
TKT004636,CU02826,AG001,Chat,Delivery,2025-11-04 04:08:00,2.4,5.0,4
TKT004637,CU03523,AG008,Email,Technical Issue,2025-02-16 09:53:00,83.6,6.2,3
TKT004638,CU01955,AG028,Phone,Billing,2025-01-13 19:55:00,3.1,9.9,4
TKT004639,CU02568,AG033,Phone,Refund,2025-01-06 10:01:00,5.3,13.6,4
TKT004640,CU02402,AG010,Email,Billing,2025-01-30 15:10:00,142.1,11.4,5
TKT004641,CU03940,AG026,Chat,Delivery,2025-10-17 09:10:00,1.4,8.0,4
TKT004642,CU00924,AG015,Phone,Account Access,2025-05-08 13:42:00,8.2,8.3,5
TKT004643,CU00956,AG018,Email,Account Access,2025-02-19 13:14:00,87.9,5.6,5
TKT004644,CU01515,AG014,Web Form,Account Access,2025-09-14 09:40:00,10.6,14.1,4
TKT004645,CU02947,AG036,Chat,Account Access,2025-04-22 11:52:00,2.1,3.1,4
TKT004646,CU03461,AG021,Email,Product Inquiry,2025-02-20 09:39:00,150.4,2.3,4
TKT004647,CU01113,AG021,Web Form,Billing,2025-12-27 07:58:00,56.8,4.6,4
TKT004648,CU00440,AG035,Chat,Technical Issue,2025-08-02 12:29:00,2.5,1.6,5
TKT004649,CU02435,AG027,Web Form,Billing,2025-06-11 14:54:00,40.5,7.4,4
TKT004650,CU02391,AG006,Social Media,Delivery,2025-12-03 07:46:00,158.2,23.9,3
TKT004651,CU01500,AG008,Chat,Account Access,2025-03-26 11:28:00,1.0,28.5,3
TKT004652,CU00738,AG014,Email,Delivery,2025-08-04 12:17:00,138.4,66.6,1
TKT004653,CU03400,AG004,Chat,Technical Issue,2025-10-02 20:40:00,1.4,2.1,4
TKT004654,CU03387,AG028,Chat,Account Access,2025-01-03 14:46:00,3.5,10.3,1
TKT004655,CU02991,AG020,Chat,Refund,2025-04-10 20:06:00,1.3,13.5,4
TKT004656,CU02317,AG002,Chat,Account Access,2025-02-04 13:18:00,2.1,3.9,5
TKT004657,CU01046,AG017,Email,Delivery,2025-07-13 17:58:00,146.7,70.6,5
TKT004658,CU01613,AG034,Chat,Delivery,2025-09-06 07:08:00,2.2,1.0,4
TKT004659,CU00274,AG037,Chat,Delivery,2025-02-27 14:56:00,1.3,8.0,1
TKT004660,CU01000,AG039,Web Form,Billing,2025-02-21 11:07:00,67.3,5.4,5
TKT004661,CU01802,AG037,Chat,Delivery,2025-06-18 16:35:00,2.0,2.9,3
TKT004662,CU01748,AG025,Chat,Billing,2025-05-25 19:18:00,2.4,4.8,3
TKT004663,CU00322,AG038,Chat,Billing,2025-02-09 16:08:00,4.8,3.7,5
TKT004664,CU03831,AG039,Email,Account Access,2025-09-06 07:13:00,149.2,4.7,3
TKT004665,CU01073,AG026,Chat,Billing,2025-10-10 15:56:00,1.2,5.5,5
TKT004666,CU02037,AG017,Email,Technical Issue,2025-06-06 16:16:00,411.7,3.1,5
TKT004667,CU01862,AG039,Web Form,Delivery,2025-05-14 03:53:00,94.2,9.4,4
TKT004668,CU01878,AG017,Chat,Account Access,2025-02-28 08:38:00,2.9,9.3,4
TKT004669,CU03381,AG007,Social Media,Technical Issue,2025-04-27 15:59:00,81.4,2.7,5
TKT004670,CU02986,AG005,Chat,Technical Issue,2025-07-05 10:27:00,3.0,20.0,5
TKT004671,CU03471,AG023,Chat,Delivery,2025-12-29 06:30:00,1.0,3.0,5
TKT004672,CU01517,AG002,Social Media,Account Access,2025-03-09 19:04:00,210.7,27.3,3
TKT004673,CU01061,AG005,Chat,Delivery,2025-10-30 21:20:00,3.3,2.0,4
TKT004674,CU01710,AG010,Email,Account Access,2025-07-03 11:35:00,127.0,2.2,5
TKT004675,CU02246,AG022,Chat,Refund,2025-07-22 23:22:00,3.2,10.6,4
TKT004676,CU01348,AG020,Phone,Technical Issue,2025-04-20 18:10:00,5.6,14.4,4
TKT004677,CU01841,AG021,Web Form,Delivery,2025-12-11 14:29:00,31.6,15.2,5
TKT004678,CU00604,AG021,Email,Billing,2025-01-24 16:58:00,154.5,12.4,4
TKT004679,CU02336,AG040,Email,Billing,2025-03-19 20:54:00,172.1,3.7,4
TKT004680,CU02856,AG009,Email,Product Inquiry,2025-04-26 16:22:00,130.1,11.5,4
TKT004681,CU02109,AG019,Phone,Refund,2025-07-29 10:07:00,3.5,2.6,5
TKT004682,CU03493,AG025,Email,Technical Issue,2025-06-04 08:00:00,229.8,6.2,5
TKT004683,CU03983,AG011,Web Form,Technical Issue,2025-12-06 12:38:00,60.6,9.3,5
TKT004684,CU03623,AG008,Email,Refund,2025-03-09 08:41:00,393.3,6.1,5
TKT004685,CU00372,AG002,Chat,Technical Issue,2025-07-27 02:54:00,1.4,59.7,2
TKT004686,CU03524,AG014,Email,Product Inquiry,2025-06-26 12:34:00,175.4,16.9,5
TKT004687,CU01335,AG011,Web Form,Billing,2025-04-23 10:16:00,33.2,3.7,5
TKT004688,CU01808,AG008,Web Form,Billing,2025-01-09 07:01:00,79.8,16.2,1
TKT004689,CU01648,AG011,Phone,Technical Issue,2025-10-24 18:31:00,2.2,33.0,4
TKT004690,CU01137,AG028,Web Form,Account Access,2025-03-15 07:17:00,64.4,15.2,1
TKT004691,CU03509,AG034,Email,Technical Issue,2025-02-20 15:47:00,268.0,12.2,5
TKT004692,CU02552,AG021,Chat,Billing,2025-07-28 14:38:00,2.1,17.2,2
TKT004693,CU03868,AG003,Phone,Product Inquiry,2025-02-25 22:30:00,2.3,13.8,5
TKT004694,CU03819,AG030,Chat,Technical Issue,2025-08-22 09:44:00,3.4,8.6,4
TKT004695,CU01680,AG007,Email,Delivery,2025-09-24 09:31:00,170.7,9.9,5
TKT004696,CU02909,AG003,Phone,Technical Issue,2025-03-25 15:38:00,3.8,6.2,4
TKT004697,CU02010,AG023,Social Media,Account Access,2025-01-26 14:45:00,52.9,44.6,4
TKT004698,CU01980,AG018,Web Form,Billing,2025-02-05 17:04:00,22.7,9.9,4
TKT004699,CU02959,AG013,Email,Delivery,2025-01-19 08:09:00,483.0,8.4,5
TKT004700,CU02756,AG039,Email,Delivery,2025-06-26 10:28:00,102.1,3.1,3
TKT004701,CU03647,AG004,Web Form,Refund,2025-05-19 00:42:00,31.9,6.0,4
TKT004702,CU03091,AG003,Chat,Product Inquiry,2025-10-11 16:25:00,2.4,1.0,4
TKT004703,CU02489,AG024,Phone,Technical Issue,2025-05-26 10:54:00,2.3,1.1,4
TKT004704,CU03678,AG017,Email,Technical Issue,2025-08-26 09:58:00,184.1,3.8,5
TKT004705,CU00410,AG033,Chat,Technical Issue,2025-06-21 14:06:00,4.2,2.2,3
TKT004706,CU03053,AG002,Email,Delivery,2025-06-06 09:39:00,78.2,14.0,4
TKT004707,CU01570,AG017,Chat,Technical Issue,2025-09-28 05:03:00,1.7,7.7,5
TKT004708,CU01733,AG006,Chat,Refund,2025-07-05 09:47:00,2.5,20.6,2
TKT004709,CU03127,AG002,Email,Product Inquiry,2025-07-27 18:05:00,71.6,6.4,4
TKT004710,CU01095,AG019,Phone,Technical Issue,2025-06-14 14:06:00,2.4,8.1,4
TKT004711,CU03535,AG030,Chat,Billing,2025-09-18 12:44:00,1.9,12.3,4
TKT004712,CU02000,AG007,Phone,Account Access,2025-04-22 13:23:00,11.8,13.5,5
TKT004713,CU01397,AG034,Phone,Billing,2025-01-19 23:23:00,2.5,7.8,5
TKT004714,CU01313,AG021,Phone,Billing,2025-06-04 03:25:00,3.4,2.0,4
TKT004715,CU01684,AG020,Phone,Technical Issue,2025-04-26 08:27:00,15.6,10.9,5
TKT004716,CU03772,AG037,Email,Refund,2025-11-24 18:40:00,216.8,1.9,4
TKT004717,CU00411,AG014,Email,Delivery,2025-12-19 13:43:00,55.1,52.6,1
TKT004718,CU02032,AG009,Chat,Technical Issue,2025-03-21 23:57:00,1.8,2.2,4
TKT004719,CU03341,AG032,Email,Technical Issue,2025-06-06 15:31:00,193.1,4.6,4
TKT004720,CU01889,AG005,Web Form,Delivery,2025-06-07 16:50:00,121.9,4.9,4
TKT004721,CU02265,AG035,Chat,Technical Issue,2025-03-23 14:36:00,4.3,0.8,5
TKT004722,CU01393,AG034,Social Media,Refund,2025-01-04 02:04:00,122.5,20.7,3
TKT004723,CU00545,AG040,Email,Account Access,2025-12-29 19:51:00,207.7,4.8,4
TKT004724,CU02558,AG019,Phone,Product Inquiry,2025-08-27 13:26:00,2.0,70.8,3
TKT004725,CU03680,AG025,Phone,Delivery,2025-05-31 01:27:00,2.7,3.1,4
TKT004726,CU02081,AG036,Chat,Product Inquiry,2025-03-09 09:50:00,1.0,30.2,4
TKT004727,CU01729,AG006,Chat,Delivery,2025-06-24 11:52:00,3.5,2.7,4
TKT004728,CU00517,AG013,Chat,Account Access,2025-04-10 10:59:00,2.5,6.0,5
TKT004729,CU03779,AG019,Phone,Technical Issue,2025-03-23 03:31:00,4.2,61.2,2
TKT004730,CU03477,AG026,Social Media,Delivery,2025-12-16 10:26:00,210.3,22.0,3
TKT004731,CU03608,AG028,Web Form,Account Access,2025-08-28 19:24:00,73.9,11.1,5
TKT004732,CU01437,AG037,Chat,Billing,2025-04-23 14:20:00,3.7,30.6,3
TKT004733,CU02502,AG020,Email,Account Access,2025-03-17 10:15:00,212.2,54.0,5
TKT004734,CU01731,AG007,Chat,Technical Issue,2025-10-08 07:19:00,3.2,47.5,3
TKT004735,CU00939,AG008,Phone,Billing,2025-08-11 16:43:00,2.3,8.7,5
TKT004736,CU00823,AG033,Chat,Technical Issue,2025-11-08 16:17:00,3.4,7.4,4
TKT004737,CU01536,AG019,Phone,Billing,2025-10-04 00:37:00,5.2,8.6,3
TKT004738,CU02214,AG026,Phone,Billing,2025-05-27 23:14:00,3.2,5.3,4
TKT004739,CU00489,AG023,Chat,Refund,2025-08-27 09:48:00,2.9,65.1,4
TKT004740,CU02809,AG033,Chat,Account Access,2025-05-19 09:25:00,4.1,71.1,2
TKT004741,CU01832,AG009,Chat,Product Inquiry,2025-02-02 10:32:00,1.9,4.2,2
TKT004742,CU03525,AG007,Chat,Product Inquiry,2025-01-12 21:58:00,1.3,11.3,4
TKT004743,CU01116,AG030,Email,Technical Issue,2025-01-30 18:52:00,95.1,38.6,5
TKT004744,CU00207,AG018,Phone,Account Access,2025-12-02 15:19:00,1.9,15.9,5
TKT004745,CU01249,AG033,Chat,Billing,2025-11-04 13:17:00,1.8,9.4,2
TKT004746,CU03894,AG006,Chat,Refund,2025-05-23 10:32:00,2.8,5.3,4
TKT004747,CU01288,AG011,Email,Account Access,2025-11-27 10:43:00,363.3,67.4,4
TKT004748,CU02816,AG039,Social Media,Technical Issue,2025-09-27 10:58:00,57.8,61.1,3
TKT004749,CU03374,AG034,Phone,Technical Issue,2025-02-19 18:23:00,4.9,3.5,5
TKT004750,CU01138,AG003,Email,Delivery,2025-03-24 15:34:00,141.8,10.8,5
TKT004751,CU02571,AG033,Chat,Technical Issue,2025-05-18 11:06:00,2.0,4.9,5
TKT004752,CU00818,AG003,Chat,Billing,2025-10-21 23:43:00,1.0,6.9,5
TKT004753,CU01449,AG005,Chat,Refund,2025-08-27 08:31:00,1.1,5.0,3
TKT004754,CU01185,AG036,Web Form,Technical Issue,2025-05-24 06:38:00,149.2,8.0,5
TKT004755,CU02690,AG006,Web Form,Delivery,2025-11-01 11:13:00,95.8,7.0,4
TKT004756,CU03503,AG013,Phone,Delivery,2025-04-29 22:25:00,4.7,2.7,5
TKT004757,CU01010,AG006,Chat,Billing,2025-11-28 02:03:00,2.6,15.7,4
TKT004758,CU01166,AG024,Chat,Technical Issue,2025-09-21 06:21:00,3.0,40.8,2
TKT004759,CU03284,AG003,Chat,Technical Issue,2025-09-13 10:21:00,1.6,1.0,4
TKT004760,CU01852,AG012,Web Form,Product Inquiry,2025-02-01 22:27:00,44.0,1.3,5
TKT004761,CU02053,AG014,Web Form,Delivery,2025-02-23 10:58:00,39.2,1.0,3
TKT004762,CU02823,AG026,Email,Billing,2025-12-25 15:37:00,153.6,3.3,4
TKT004763,CU00551,AG020,Phone,Refund,2025-10-08 18:53:00,2.1,30.3,1
TKT004764,CU03488,AG008,Chat,Technical Issue,2025-04-04 15:12:00,1.4,35.7,3
TKT004765,CU01461,AG019,Chat,Technical Issue,2025-11-10 07:58:00,2.6,4.4,5
TKT004766,CU02635,AG019,Chat,Technical Issue,2025-04-23 08:36:00,1.6,1.2,4
TKT004767,CU01729,AG015,Chat,Delivery,2025-05-09 09:01:00,1.0,7.4,4
TKT004768,CU03013,AG022,Phone,Billing,2025-04-21 17:51:00,3.2,7.9,4
TKT004769,CU02447,AG014,Phone,Delivery,2025-06-30 17:09:00,5.4,5.3,5
TKT004770,CU00694,AG014,Web Form,Technical Issue,2025-10-06 08:48:00,58.6,42.9,5
TKT004771,CU00752,AG032,Phone,Delivery,2025-03-02 11:14:00,1.6,47.4,2
TKT004772,CU03510,AG011,Email,Refund,2025-12-20 08:40:00,247.0,3.5,5
TKT004773,CU02079,AG014,Phone,Billing,2025-04-22 12:44:00,3.5,4.8,4
TKT004774,CU01103,AG006,Chat,Technical Issue,2025-12-20 11:07:00,2.4,12.6,5
TKT004775,CU00574,AG028,Social Media,Delivery,2025-11-14 23:58:00,159.9,5.1,4
TKT004776,CU00514,AG029,Email,Technical Issue,2025-07-19 11:53:00,130.8,3.7,3
TKT004777,CU03680,AG028,Email,Technical Issue,2025-02-02 05:24:00,49.0,7.3,5
TKT004778,CU03905,AG007,Chat,Delivery,2025-07-29 13:14:00,5.3,11.9,4
TKT004779,CU01574,AG019,Chat,Account Access,2025-10-06 19:35:00,1.0,7.4,3
TKT004780,CU00807,AG012,Email,Refund,2025-12-25 11:47:00,116.6,3.5,4
TKT004781,CU01676,AG031,Chat,Billing,2025-02-05 17:05:00,4.1,4.2,5
TKT004782,CU00547,AG014,Phone,Technical Issue,2025-09-29 12:09:00,2.7,8.6,3
TKT004783,CU02199,AG017,Email,Delivery,2025-04-17 14:37:00,98.6,5.2,5
TKT004784,CU02505,AG019,Chat,Delivery,2025-10-01 13:17:00,1.8,11.3,4
TKT004785,CU03942,AG031,Email,Billing,2025-08-01 19:54:00,126.8,56.4,5
TKT004786,CU01276,AG029,Email,Billing,2025-11-13 14:32:00,87.2,5.4,4
TKT004787,CU00792,AG033,Chat,Technical Issue,2025-01-02 11:39:00,1.4,6.0,5
TKT004788,CU00534,AG018,Chat,Billing,2025-07-04 17:20:00,3.6,5.7,5
TKT004789,CU01509,AG033,Phone,Product Inquiry,2025-09-04 05:39:00,3.0,2.1,5
TKT004790,CU02405,AG035,Email,Technical Issue,2025-05-19 10:15:00,184.6,50.2,1
TKT004791,CU00267,AG021,Email,Account Access,2025-04-26 10:29:00,84.7,14.4,4
TKT004792,CU03036,AG028,Chat,Technical Issue,2025-04-30 14:01:00,4.3,7.9,4
TKT004793,CU01841,AG037,Social Media,Billing,2025-10-01 18:26:00,150.7,8.5,3
TKT004794,CU03173,AG034,Email,Delivery,2025-03-17 14:45:00,133.3,60.4,2
TKT004795,CU01855,AG012,Email,Account Access,2025-12-22 12:22:00,199.2,41.6,2
TKT004796,CU00623,AG029,Chat,Technical Issue,2025-03-18 06:03:00,4.6,13.8,4
TKT004797,CU00086,AG018,Phone,Billing,2025-06-02 21:49:00,2.3,6.0,3
TKT004798,CU02228,AG006,Chat,Technical Issue,2025-12-29 10:17:00,1.1,10.1,2
TKT004799,CU02158,AG015,Chat,Billing,2025-01-11 08:38:00,2.5,9.4,4
TKT004800,CU03255,AG040,Email,Delivery,2025-05-03 18:43:00,68.8,11.2,4
TKT004801,CU03510,AG039,Email,Technical Issue,2025-11-06 19:17:00,59.6,62.9,3
TKT004802,CU00645,AG032,Phone,Billing,2025-04-26 10:17:00,1.7,36.9,3
TKT004803,CU01259,AG040,Email,Account Access,2025-04-11 14:31:00,151.9,11.0,4
TKT004804,CU00831,AG023,Phone,Refund,2025-01-01 17:27:00,1.3,10.2,3
TKT004805,CU00427,AG031,Web Form,Technical Issue,2025-02-24 02:06:00,44.1,5.2,5
TKT004806,CU00010,AG007,Phone,Account Access,2025-03-13 22:04:00,1.0,7.1,4
TKT004807,CU00330,AG012,Phone,Technical Issue,2025-11-17 10:02:00,5.1,1.1,5
TKT004808,CU02099,AG007,Web Form,Technical Issue,2025-07-19 13:18:00,72.6,69.6,4
TKT004809,CU00608,AG038,Phone,Technical Issue,2025-03-26 05:08:00,3.6,60.2,3
TKT004810,CU00779,AG025,Social Media,Delivery,2025-10-23 05:45:00,172.4,5.2,3
TKT004811,CU00472,AG038,Phone,Technical Issue,2025-08-09 07:52:00,6.2,63.6,1
TKT004812,CU02897,AG017,Chat,Product Inquiry,2025-04-26 10:47:00,1.3,6.9,4
TKT004813,CU02543,AG017,Phone,Billing,2025-04-03 20:15:00,2.5,9.2,5
TKT004814,CU03849,AG028,Web Form,Refund,2025-03-22 13:20:00,89.4,7.7,4
TKT004815,CU00446,AG023,Email,Technical Issue,2025-09-18 10:57:00,204.0,6.3,5
TKT004816,CU00836,AG015,Web Form,Billing,2025-09-19 12:08:00,47.4,4.1,5
TKT004817,CU01823,AG013,Phone,Delivery,2025-08-25 09:20:00,1.5,3.7,3
TKT004818,CU02597,AG021,Phone,Billing,2025-06-13 15:26:00,6.7,69.8,1
TKT004819,CU00521,AG004,Phone,Account Access,2025-07-05 13:24:00,4.1,1.6,3
TKT004820,CU00848,AG008,Chat,Refund,2025-11-24 11:56:00,1.9,3.6,4
TKT004821,CU01687,AG002,Chat,Delivery,2025-07-22 15:48:00,1.0,16.3,2
TKT004822,CU00073,AG007,Email,Refund,2025-08-13 11:58:00,187.7,2.7,4
TKT004823,CU01582,AG008,Email,Technical Issue,2025-03-24 17:13:00,135.4,2.0,5
TKT004824,CU03035,AG004,Web Form,Account Access,2025-06-16 14:04:00,40.9,8.7,4
TKT004825,CU02107,AG003,Chat,Account Access,2025-01-09 09:54:00,1.3,44.0,3
TKT004826,CU01737,AG033,Phone,Account Access,2025-06-18 08:08:00,4.3,46.1,3
TKT004827,CU01952,AG008,Web Form,Account Access,2025-10-20 09:39:00,71.1,5.0,5
TKT004828,CU03788,AG023,Chat,Delivery,2025-09-02 20:53:00,1.6,0.3,5
TKT004829,CU02082,AG004,Email,Refund,2025-11-21 18:03:00,190.4,5.9,4
TKT004830,CU02138,AG038,Email,Technical Issue,2025-05-05 21:37:00,74.3,60.8,3
TKT004831,CU03724,AG010,Email,Technical Issue,2025-10-11 16:57:00,97.8,66.5,2
TKT004832,CU00630,AG030,Email,Technical Issue,2025-09-25 19:57:00,204.2,5.4,5
TKT004833,CU00384,AG026,Chat,Technical Issue,2025-09-16 11:17:00,1.6,3.3,3
TKT004834,CU01800,AG031,Phone,Delivery,2025-10-19 15:15:00,10.3,14.7,5
TKT004835,CU01275,AG026,Web Form,Billing,2025-06-22 11:13:00,64.0,2.6,4
TKT004836,CU00812,AG021,Web Form,Billing,2025-05-05 18:35:00,28.9,2.1,3
TKT004837,CU00479,AG031,Phone,Product Inquiry,2025-08-02 23:53:00,1.7,7.9,5
TKT004838,CU03513,AG033,Email,Product Inquiry,2025-05-21 16:54:00,215.5,1.3,5
TKT004839,CU02458,AG016,Chat,Account Access,2025-09-10 17:19:00,1.4,6.3,4
TKT004840,CU02764,AG038,Phone,Billing,2025-11-13 19:30:00,6.6,28.4,4
TKT004841,CU00473,AG040,Chat,Billing,2025-01-10 07:43:00,1.5,5.5,5
TKT004842,CU01365,AG029,Chat,Billing,2025-08-15 13:40:00,2.3,7.9,5
TKT004843,CU02484,AG038,Phone,Billing,2025-06-04 16:02:00,3.3,2.8,5
TKT004844,CU02112,AG005,Chat,Technical Issue,2025-02-08 14:53:00,2.3,33.5,3
TKT004845,CU02780,AG022,Phone,Delivery,2025-03-24 13:55:00,6.0,4.6,4
TKT004846,CU02678,AG027,Phone,Billing,2025-10-29 11:38:00,4.0,3.4,1
TKT004847,CU01654,AG038,Email,Technical Issue,2025-05-14 09:24:00,201.4,7.2,3
TKT004848,CU03132,AG005,Chat,Delivery,2025-02-01 20:47:00,1.0,6.9,2
TKT004849,CU01039,AG033,Email,Billing,2025-10-01 16:10:00,176.0,7.7,4
TKT004850,CU00321,AG004,Chat,Billing,2025-03-28 14:13:00,2.0,0.7,4
TKT004851,CU03654,AG015,Chat,Technical Issue,2025-05-13 07:58:00,1.7,4.7,5
TKT004852,CU00091,AG028,Chat,Technical Issue,2025-03-13 07:20:00,1.0,61.1,3
TKT004853,CU01135,AG012,Web Form,Account Access,2025-09-27 12:44:00,22.0,7.2,3
TKT004854,CU00458,AG034,Social Media,Billing,2025-12-02 07:24:00,102.0,4.5,5
TKT004855,CU00928,AG038,Web Form,Technical Issue,2025-12-21 08:47:00,66.8,42.7,1
TKT004856,CU01580,AG007,Chat,Refund,2025-01-28 06:48:00,2.5,4.3,5
TKT004857,CU00519,AG011,Chat,Refund,2025-12-04 10:30:00,2.0,3.6,3
TKT004858,CU01867,AG003,Email,Account Access,2025-08-20 01:22:00,72.4,46.4,3
TKT004859,CU03710,AG029,Phone,Refund,2025-10-30 16:41:00,2.3,7.4,5
TKT004860,CU00546,AG036,Chat,Account Access,2025-01-28 14:12:00,1.0,9.8,4
TKT004861,CU03707,AG025,Chat,Technical Issue,2025-11-08 13:17:00,2.1,1.9,4
TKT004862,CU01645,AG006,Email,Account Access,2025-04-30 22:02:00,399.3,5.7,5
TKT004863,CU02370,AG007,Web Form,Billing,2025-05-24 13:31:00,52.3,52.1,3
TKT004864,CU01767,AG002,Email,Billing,2025-11-24 18:38:00,92.2,22.0,4
TKT004865,CU01267,AG020,Social Media,Product Inquiry,2025-09-25 08:22:00,91.3,2.2,5
TKT004866,CU00437,AG029,Chat,Billing,2025-07-06 09:44:00,1.9,2.6,4
TKT004867,CU02374,AG007,Email,Technical Issue,2025-09-01 10:25:00,53.9,9.9,5
TKT004868,CU03667,AG034,Chat,Technical Issue,2025-05-10 22:12:00,2.3,33.1,4
TKT004869,CU02084,AG011,Email,Refund,2025-12-25 19:00:00,131.9,3.6,5
TKT004870,CU02397,AG021,Chat,Technical Issue,2025-01-26 12:51:00,1.8,2.6,4
TKT004871,CU02575,AG027,Email,Product Inquiry,2025-07-29 18:48:00,417.9,6.0,5
TKT004872,CU01555,AG022,Phone,Technical Issue,2025-01-17 09:26:00,3.8,3.0,4
TKT004873,CU00483,AG020,Web Form,Delivery,2025-06-06 14:13:00,149.9,9.6,5
TKT004874,CU02028,AG014,Chat,Billing,2025-07-05 08:35:00,1.3,6.6,5
TKT004875,CU03476,AG018,Web Form,Technical Issue,2025-11-02 14:28:00,24.0,27.0,3
TKT004876,CU01257,AG010,Chat,Technical Issue,2025-12-09 09:21:00,1.3,12.1,4
TKT004877,CU03486,AG012,Phone,Technical Issue,2025-10-01 14:39:00,7.6,2.3,4
TKT004878,CU03418,AG031,Chat,Technical Issue,2025-12-18 12:13:00,1.3,8.1,4
TKT004879,CU00980,AG036,Phone,Technical Issue,2025-02-15 14:02:00,1.8,6.8,1
TKT004880,CU02301,AG034,Social Media,Account Access,2025-07-11 08:09:00,108.5,2.9,5
TKT004881,CU02991,AG014,Email,Account Access,2025-08-06 13:20:00,113.4,0.9,3
TKT004882,CU01980,AG013,Social Media,Billing,2025-01-29 10:49:00,123.4,7.2,4
TKT004883,CU02798,AG003,Social Media,Delivery,2025-08-05 08:15:00,62.2,19.9,3
TKT004884,CU03644,AG011,Phone,Delivery,2025-01-16 13:57:00,2.4,3.3,3
TKT004885,CU02510,AG024,Chat,Product Inquiry,2025-08-19 08:07:00,5.0,7.9,5
TKT004886,CU03352,AG011,Email,Billing,2025-03-22 12:59:00,88.6,7.2,5
TKT004887,CU03204,AG030,Email,Billing,2025-12-10 10:48:00,88.4,4.6,2
TKT004888,CU03252,AG003,Email,Product Inquiry,2025-04-30 14:04:00,180.5,65.9,5
TKT004889,CU03410,AG017,Web Form,Product Inquiry,2025-08-08 13:32:00,11.9,59.5,3
TKT004890,CU00903,AG012,Chat,Product Inquiry,2025-08-11 08:40:00,3.0,10.7,4
TKT004891,CU00074,AG020,Chat,Account Access,2025-11-14 10:27:00,5.3,23.9,5
TKT004892,CU00613,AG002,Phone,Delivery,2025-05-03 14:58:00,6.4,4.2,5
TKT004893,CU00999,AG017,Chat,Product Inquiry,2025-05-11 18:07:00,1.1,11.3,5
TKT004894,CU02761,AG032,Phone,Account Access,2025-09-07 05:32:00,2.7,5.6,3
TKT004895,CU02040,AG035,Phone,Technical Issue,2025-01-21 07:30:00,4.1,6.9,3
TKT004896,CU01875,AG011,Social Media,Product Inquiry,2025-07-22 17:36:00,110.0,5.2,4
TKT004897,CU00037,AG018,Email,Refund,2025-05-17 10:16:00,340.1,52.0,2
TKT004898,CU02735,AG028,Email,Technical Issue,2025-12-23 09:29:00,331.8,5.8,5
TKT004899,CU01457,AG019,Chat,Technical Issue,2025-07-14 09:07:00,1.8,3.3,5
TKT004900,CU03043,AG022,Chat,Refund,2025-10-09 21:07:00,1.5,4.5,4
TKT004901,CU00452,AG014,Phone,Billing,2025-11-01 13:31:00,2.6,16.4,4
TKT004902,CU01182,AG034,Email,Delivery,2025-02-23 08:44:00,199.6,7.9,5
TKT004903,CU00219,AG026,Email,Technical Issue,2025-08-19 11:40:00,253.6,52.5,5
TKT004904,CU01139,AG039,Phone,Technical Issue,2025-09-06 09:57:00,4.2,46.0,3
TKT004905,CU03694,AG032,Email,Delivery,2025-06-11 08:03:00,139.9,4.1,4
TKT004906,CU01964,AG015,Web Form,Product Inquiry,2025-03-14 22:26:00,175.8,53.7,1
TKT004907,CU01759,AG014,Web Form,Account Access,2025-06-18 12:03:00,79.9,5.2,4
TKT004908,CU01095,AG004,Web Form,Technical Issue,2025-01-19 15:21:00,17.8,35.0,3
TKT004909,CU01060,AG025,Web Form,Technical Issue,2025-12-30 19:44:00,54.0,9.6,5
TKT004910,CU02670,AG030,Email,Technical Issue,2025-02-02 09:35:00,156.4,68.4,2
TKT004911,CU03941,AG015,Chat,Product Inquiry,2025-02-21 08:12:00,1.7,68.5,4
TKT004912,CU02987,AG001,Chat,Billing,2025-02-19 09:04:00,4.0,22.5,5
TKT004913,CU02948,AG034,Email,Product Inquiry,2025-03-17 16:09:00,116.8,5.7,4
TKT004914,CU01889,AG009,Chat,Refund,2025-03-09 11:25:00,1.2,4.7,5
TKT004915,CU00395,AG024,Chat,Billing,2025-08-17 13:57:00,1.4,3.0,4
TKT004916,CU02896,AG003,Chat,Technical Issue,2025-02-10 02:23:00,2.9,6.7,4
TKT004917,CU03235,AG003,Social Media,Product Inquiry,2025-09-14 00:10:00,42.7,55.4,5
TKT004918,CU02042,AG036,Email,Technical Issue,2025-05-29 11:15:00,106.8,7.0,3
TKT004919,CU00367,AG027,Chat,Refund,2025-05-25 08:41:00,3.2,13.2,4
TKT004920,CU02852,AG001,Chat,Billing,2025-07-05 17:16:00,1.0,0.4,5
TKT004921,CU03685,AG005,Web Form,Billing,2025-01-12 21:48:00,31.1,6.7,3
TKT004922,CU00900,AG020,Email,Billing,2025-07-02 20:02:00,55.1,1.1,1
TKT004923,CU00638,AG028,Chat,Billing,2025-07-10 12:19:00,1.2,1.2,4
TKT004924,CU02956,AG017,Chat,Delivery,2025-10-01 10:15:00,1.5,9.2,4
TKT004925,CU01328,AG035,Phone,Account Access,2025-02-22 13:27:00,3.5,2.6,4
TKT004926,CU02861,AG027,Chat,Technical Issue,2025-01-19 07:23:00,1.2,1.2,3
TKT004927,CU02813,AG025,Phone,Account Access,2025-01-21 20:33:00,3.2,22.6,5
TKT004928,CU01067,AG012,Chat,Billing,2025-12-17 15:19:00,3.4,10.6,4
TKT004929,CU00170,AG028,Web Form,Product Inquiry,2025-05-06 10:12:00,66.1,6.6,4
TKT004930,CU02224,AG035,Chat,Product Inquiry,2025-03-28 16:38:00,6.5,10.2,3
TKT004931,CU01632,AG002,Phone,Delivery,2025-02-19 09:17:00,2.8,71.3,4
TKT004932,CU03422,AG030,Phone,Product Inquiry,2025-04-04 16:52:00,3.1,3.2,4
TKT004933,CU01432,AG036,Email,Billing,2025-06-10 11:57:00,152.4,11.9,3
TKT004934,CU00999,AG018,Chat,Technical Issue,2025-12-21 18:13:00,1.5,7.3,4
TKT004935,CU03441,AG031,Phone,Technical Issue,2025-10-06 22:16:00,3.9,3.0,5
TKT004936,CU02944,AG015,Social Media,Refund,2025-11-07 10:57:00,31.3,6.3,2
TKT004937,CU02474,AG008,Phone,Billing,2025-01-18 14:48:00,3.3,7.9,4
TKT004938,CU03816,AG033,Social Media,Refund,2025-07-29 09:26:00,145.8,49.2,3
TKT004939,CU03132,AG013,Chat,Billing,2025-07-02 17:32:00,5.7,1.5,4
TKT004940,CU03465,AG031,Email,Technical Issue,2025-03-13 13:14:00,310.6,1.6,5
TKT004941,CU03197,AG013,Email,Account Access,2025-07-01 22:38:00,150.0,4.8,4
TKT004942,CU01607,AG016,Chat,Account Access,2025-08-02 19:56:00,2.6,30.4,3
TKT004943,CU00250,AG028,Chat,Billing,2025-01-01 10:27:00,2.4,3.6,2
TKT004944,CU02429,AG014,Web Form,Refund,2025-12-25 07:26:00,40.5,5.0,5
TKT004945,CU03060,AG033,Email,Delivery,2025-09-27 15:35:00,82.6,1.2,4
TKT004946,CU03968,AG002,Chat,Billing,2025-12-04 10:49:00,2.3,0.9,4
TKT004947,CU02727,AG001,Phone,Delivery,2025-02-02 09:32:00,3.8,41.5,5
TKT004948,CU02274,AG004,Phone,Billing,2025-01-22 14:26:00,6.3,10.4,5
TKT004949,CU02303,AG011,Chat,Refund,2025-12-07 13:28:00,1.0,49.4,1
TKT004950,CU00461,AG003,Chat,Billing,2025-12-07 13:00:00,1.8,6.5,5
TKT004951,CU00030,AG016,Chat,Delivery,2025-08-22 10:48:00,3.9,2.1,3
TKT004952,CU00182,AG001,Chat,Billing,2025-03-15 08:21:00,2.7,3.3,5
TKT004953,CU03620,AG031,Chat,Technical Issue,2025-04-16 08:52:00,1.2,0.8,5
TKT004954,CU03162,AG007,Chat,Delivery,2025-10-17 16:22:00,1.0,7.1,3
TKT004955,CU01041,AG039,Chat,Billing,2025-12-04 12:15:00,1.9,2.9,5
TKT004956,CU01695,AG035,Web Form,Delivery,2025-09-03 12:53:00,84.7,65.5,3
TKT004957,CU01935,AG028,Chat,Account Access,2025-05-27 22:08:00,2.7,5.3,5
TKT004958,CU00988,AG032,Email,Technical Issue,2025-10-27 20:46:00,149.2,8.3,3
TKT004959,CU01691,AG031,Chat,Technical Issue,2025-04-05 06:48:00,2.8,7.9,5
TKT004960,CU01391,AG034,Email,Delivery,2025-02-17 17:13:00,161.3,8.5,4
TKT004961,CU02780,AG023,Web Form,Billing,2025-05-21 09:12:00,76.5,9.9,5
TKT004962,CU03030,AG025,Phone,Billing,2025-06-20 16:19:00,6.7,7.3,5
TKT004963,CU00394,AG019,Chat,Technical Issue,2025-08-12 08:51:00,1.6,4.7,4
TKT004964,CU01861,AG025,Phone,Billing,2025-09-09 08:20:00,2.5,60.8,5
TKT004965,CU03965,AG016,Chat,Delivery,2025-09-22 20:06:00,3.0,4.1,5
TKT004966,CU03474,AG005,Chat,Refund,2025-03-16 14:24:00,1.5,35.7,4
TKT004967,CU03176,AG038,Email,Account Access,2025-08-30 11:05:00,48.0,2.7,4
TKT004968,CU02940,AG028,Email,Account Access,2025-01-17 19:31:00,307.0,13.2,4
TKT004969,CU00018,AG029,Web Form,Account Access,2025-12-03 10:10:00,63.2,2.1,4
TKT004970,CU03897,AG012,Phone,Delivery,2025-06-11 06:16:00,4.5,9.9,4
TKT004971,CU02941,AG031,Web Form,Refund,2025-12-16 11:00:00,49.7,4.3,5
TKT004972,CU03555,AG021,Web Form,Technical Issue,2025-11-13 16:01:00,87.2,7.5,5
TKT004973,CU03636,AG004,Phone,Delivery,2025-03-13 15:44:00,2.0,0.7,5
TKT004974,CU01019,AG039,Chat,Technical Issue,2025-02-10 12:55:00,2.0,4.7,4
TKT004975,CU00056,AG040,Phone,Technical Issue,2025-11-30 13:23:00,4.7,7.3,4
TKT004976,CU02637,AG035,Chat,Technical Issue,2025-06-29 13:01:00,2.7,13.4,4
TKT004977,CU01836,AG019,Phone,Technical Issue,2025-02-08 11:56:00,1.6,5.0,3
TKT004978,CU00083,AG010,Web Form,Billing,2025-08-11 06:24:00,76.2,8.3,2
TKT004979,CU01084,AG001,Phone,Technical Issue,2025-12-16 08:21:00,3.2,49.7,2
TKT004980,CU03965,AG030,Email,Technical Issue,2025-08-08 16:47:00,97.8,40.8,3
TKT004981,CU01454,AG036,Web Form,Technical Issue,2025-04-05 17:42:00,23.3,5.3,4
TKT004982,CU01045,AG005,Phone,Technical Issue,2025-05-04 11:44:00,13.7,2.7,5
TKT004983,CU02619,AG028,Web Form,Billing,2025-04-08 10:40:00,51.3,5.0,5
TKT004984,CU02660,AG002,Chat,Refund,2025-07-16 14:01:00,2.3,6.9,4
TKT004985,CU01329,AG032,Chat,Account Access,2025-06-03 02:19:00,1.1,8.2,5
TKT004986,CU03397,AG002,Phone,Technical Issue,2025-05-06 14:40:00,1.7,5.7,4
TKT004987,CU02322,AG040,Phone,Billing,2025-03-08 12:53:00,6.3,5.9,5
TKT004988,CU00642,AG007,Chat,Billing,2025-01-11 12:37:00,1.0,58.3,1
TKT004989,CU01300,AG017,Phone,Technical Issue,2025-10-30 00:23:00,8.2,6.8,5
TKT004990,CU03392,AG028,Chat,Billing,2025-10-21 20:53:00,5.4,9.9,5
TKT004991,CU00358,AG034,Social Media,Billing,2025-02-15 08:33:00,58.8,27.2,3
TKT004992,CU00049,AG015,Email,Account Access,2025-03-25 07:07:00,108.6,5.1,5
TKT004993,CU02627,AG040,Email,Delivery,2025-06-10 11:23:00,34.6,1.5,3
TKT004994,CU01768,AG001,Chat,Account Access,2025-08-06 17:50:00,1.0,10.3,4
TKT004995,CU01012,AG019,Chat,Technical Issue,2025-11-28 17:26:00,2.8,6.3,3
TKT004996,CU01889,AG040,Chat,Technical Issue,2025-09-12 13:33:00,4.0,5.4,4
TKT004997,CU00735,AG011,Social Media,Refund,2025-08-20 14:03:00,58.5,14.1,3
TKT004998,CU01497,AG022,Web Form,Delivery,2025-09-29 12:39:00,38.9,12.7,4
TKT004999,CU00936,AG018,Email,Delivery,2025-08-10 02:18:00,58.7,36.4,3
TKT005000,CU02346,AG016,Email,Product Inquiry,2025-12-06 10:05:00,75.2,2.2,2
TKT005001,CU02695,AG031,Phone,Account Access,2025-12-30 11:56:00,8.3,7.3,5
TKT005002,CU03660,AG021,Email,Technical Issue,2025-06-14 14:24:00,166.0,2.9,5
TKT005003,CU00271,AG029,Email,Delivery,2025-01-09 15:49:00,52.2,7.8,5
TKT005004,CU01308,AG021,Phone,Technical Issue,2025-12-29 22:42:00,5.5,12.6,1
TKT005005,CU01058,AG040,Chat,Delivery,2025-04-27 13:52:00,7.4,4.8,5
TKT005006,CU02318,AG019,Phone,Billing,2025-04-08 15:25:00,3.2,1.7,1
TKT005007,CU02133,AG032,Email,Technical Issue,2025-02-15 21:42:00,97.0,45.8,1
TKT005008,CU03510,AG025,Chat,Technical Issue,2025-10-06 10:56:00,2.8,2.0,4
TKT005009,CU03677,AG033,Chat,Billing,2025-03-09 12:39:00,3.5,5.7,1
TKT005010,CU03092,AG036,Email,Account Access,2025-12-19 16:39:00,220.0,4.6,5
TKT005011,CU00796,AG010,Chat,Technical Issue,2025-03-20 14:53:00,1.7,34.7,5
TKT005012,CU00163,AG013,Chat,Technical Issue,2025-01-27 19:21:00,1.6,18.3,4
TKT005013,CU03597,AG013,Web Form,Billing,2025-08-17 14:32:00,21.3,31.8,3
TKT005014,CU03772,AG020,Phone,Refund,2025-03-17 20:43:00,2.0,10.9,5
TKT005015,CU01002,AG020,Chat,Refund,2025-04-10 08:54:00,2.4,3.6,3
TKT005016,CU00187,AG001,Chat,Delivery,2025-02-08 17:47:00,1.5,7.6,1
TKT005017,CU02723,AG036,Social Media,Billing,2025-08-31 09:24:00,103.1,67.8,5
TKT005018,CU02356,AG035,Email,Billing,2025-03-22 05:47:00,122.8,8.8,5
TKT005019,CU03556,AG025,Web Form,Technical Issue,2025-09-27 07:35:00,56.9,5.9,5
TKT005020,CU02302,AG013,Web Form,Technical Issue,2025-04-05 14:27:00,55.6,12.2,4
TKT005021,CU03042,AG034,Email,Technical Issue,2025-05-27 10:28:00,211.0,3.9,5
TKT005022,CU03146,AG011,Phone,Refund,2025-06-29 08:45:00,6.4,1.3,3
TKT005023,CU00040,AG013,Chat,Account Access,2025-07-15 15:01:00,2.0,3.9,3
TKT005024,CU00594,AG040,Phone,Technical Issue,2025-10-30 13:56:00,3.6,0.6,4
TKT005025,CU03121,AG037,Chat,Account Access,2025-02-18 11:11:00,2.0,4.2,5
TKT005026,CU00718,AG024,Chat,Technical Issue,2025-03-25 13:41:00,1.3,9.7,4
TKT005027,CU00825,AG007,Chat,Billing,2025-10-02 18:55:00,3.6,7.1,4
TKT005028,CU03009,AG005,Phone,Delivery,2025-11-09 16:12:00,2.9,4.1,3
TKT005029,CU00819,AG039,Social Media,Refund,2025-06-02 13:35:00,82.4,35.5,2
TKT005030,CU00599,AG011,Email,Delivery,2025-01-03 18:32:00,154.2,8.0,5
TKT005031,CU00054,AG028,Chat,Product Inquiry,2025-11-01 18:02:00,2.4,4.0,3
TKT005032,CU01878,AG015,Phone,Technical Issue,2025-08-12 11:38:00,4.6,8.0,3
TKT005033,CU02548,AG020,Chat,Delivery,2025-07-12 08:58:00,1.9,2.6,3
TKT005034,CU02927,AG040,Chat,Refund,2025-05-23 07:53:00,4.9,7.7,4
TKT005035,CU03623,AG024,Web Form,Billing,2025-09-12 15:55:00,57.3,5.6,3
TKT005036,CU02605,AG018,Email,Refund,2025-04-16 20:29:00,121.9,2.6,4
TKT005037,CU03026,AG017,Email,Product Inquiry,2025-05-11 04:42:00,376.3,3.8,2
TKT005038,CU00843,AG010,Email,Delivery,2025-10-08 13:14:00,91.3,58.3,3
TKT005039,CU01362,AG023,Web Form,Technical Issue,2025-05-16 08:16:00,147.6,30.6,5
TKT005040,CU01216,AG023,Chat,Technical Issue,2025-12-12 13:55:00,1.0,10.2,4
TKT005041,CU00261,AG004,Email,Delivery,2025-06-09 18:17:00,112.2,3.4,4
TKT005042,CU03876,AG017,Email,Refund,2025-07-25 17:43:00,55.9,4.4,1
TKT005043,CU00966,AG026,Chat,Technical Issue,2025-08-21 21:51:00,1.0,9.8,3
TKT005044,CU01795,AG003,Chat,Billing,2025-09-13 13:37:00,2.6,4.9,5
TKT005045,CU01428,AG040,Social Media,Technical Issue,2025-07-04 15:03:00,105.3,6.4,5
TKT005046,CU00178,AG035,Chat,Billing,2025-05-13 19:57:00,1.4,70.6,3
TKT005047,CU03614,AG026,Social Media,Delivery,2025-10-21 16:14:00,221.0,3.8,4
TKT005048,CU00879,AG001,Chat,Account Access,2025-09-19 21:59:00,3.7,12.5,5
TKT005049,CU00402,AG021,Phone,Account Access,2025-01-21 09:09:00,3.9,0.9,4
TKT005050,CU01370,AG036,Chat,Account Access,2025-08-17 08:20:00,1.0,21.8,3
TKT005051,CU00576,AG001,Web Form,Account Access,2025-11-25 08:42:00,93.2,29.8,2
TKT005052,CU03998,AG032,Email,Delivery,2025-07-24 18:03:00,107.4,40.6,5
TKT005053,CU00756,AG034,Chat,Technical Issue,2025-12-05 05:22:00,2.3,5.3,5
TKT005054,CU01211,AG004,Phone,Technical Issue,2025-05-23 17:54:00,6.2,3.6,5
TKT005055,CU01085,AG010,Phone,Refund,2025-03-31 12:54:00,3.2,61.5,1
TKT005056,CU00106,AG029,Email,Account Access,2025-07-02 15:32:00,282.9,11.0,5
TKT005057,CU00052,AG037,Web Form,Billing,2025-02-06 16:48:00,44.6,5.2,4
TKT005058,CU02052,AG031,Chat,Billing,2025-01-24 12:47:00,2.7,5.5,2
TKT005059,CU00931,AG022,Chat,Delivery,2025-07-28 08:59:00,3.0,6.0,4
TKT005060,CU00335,AG025,Phone,Technical Issue,2025-01-11 14:25:00,6.6,13.3,4
TKT005061,CU01166,AG021,Email,Account Access,2025-01-24 21:17:00,365.4,4.6,5
TKT005062,CU01097,AG024,Chat,Technical Issue,2025-06-16 03:52:00,1.3,14.7,5
TKT005063,CU01697,AG031,Email,Refund,2025-03-25 09:28:00,75.1,5.0,5
TKT005064,CU03970,AG002,Email,Account Access,2025-03-07 19:35:00,117.3,70.0,4
TKT005065,CU01228,AG009,Chat,Refund,2025-07-05 06:39:00,10.7,33.1,2
TKT005066,CU02819,AG003,Chat,Delivery,2025-04-30 01:48:00,4.2,9.2,5
TKT005067,CU03074,AG032,Web Form,Refund,2025-08-13 19:58:00,40.6,1.3,5
TKT005068,CU00203,AG030,Chat,Billing,2025-06-05 17:22:00,1.7,11.0,5
TKT005069,CU02006,AG003,Email,Technical Issue,2025-03-12 09:20:00,138.8,6.3,4
TKT005070,CU01795,AG005,Chat,Product Inquiry,2025-09-15 21:52:00,2.3,7.5,5
TKT005071,CU02031,AG011,Web Form,Refund,2025-12-07 16:19:00,78.3,52.8,2
TKT005072,CU00687,AG010,Chat,Refund,2025-09-23 07:38:00,2.9,55.5,5
TKT005073,CU01861,AG021,Email,Product Inquiry,2025-03-08 12:37:00,270.4,13.7,5
TKT005074,CU00492,AG020,Web Form,Account Access,2025-07-23 18:26:00,165.5,32.8,2
TKT005075,CU03784,AG015,Web Form,Account Access,2025-02-26 15:39:00,51.1,2.4,3
TKT005076,CU02349,AG007,Email,Refund,2025-01-10 14:43:00,124.5,5.9,2
TKT005077,CU00139,AG026,Email,Technical Issue,2025-03-01 12:11:00,114.6,2.6,5
TKT005078,CU02023,AG032,Social Media,Refund,2025-10-23 09:11:00,77.3,3.0,4
TKT005079,CU03706,AG026,Email,Refund,2025-12-06 14:27:00,171.5,4.6,4
TKT005080,CU02972,AG033,Email,Account Access,2025-08-06 08:51:00,198.6,68.2,4
TKT005081,CU01092,AG037,Chat,Billing,2025-11-17 17:22:00,5.2,8.4,3
TKT005082,CU03570,AG034,Social Media,Delivery,2025-05-30 09:28:00,60.9,2.4,4
TKT005083,CU00743,AG027,Web Form,Product Inquiry,2025-01-13 07:25:00,67.0,18.5,5
TKT005084,CU00987,AG002,Social Media,Technical Issue,2025-11-27 06:47:00,56.7,43.5,3
TKT005085,CU00620,AG014,Web Form,Billing,2025-09-23 17:08:00,68.7,1.5,4
TKT005086,CU03692,AG018,Phone,Delivery,2025-08-29 12:36:00,17.4,0.5,4
TKT005087,CU02868,AG029,Social Media,Refund,2025-01-27 11:38:00,83.5,62.5,1
TKT005088,CU02072,AG034,Chat,Delivery,2025-12-18 13:12:00,7.7,26.5,3
TKT005089,CU02672,AG026,Email,Account Access,2025-01-28 14:11:00,88.4,7.5,4
TKT005090,CU01036,AG015,Chat,Technical Issue,2025-01-06 19:42:00,1.6,6.8,2
TKT005091,CU00283,AG032,Chat,Billing,2025-01-28 10:01:00,1.7,3.1,2
TKT005092,CU03384,AG028,Social Media,Product Inquiry,2025-12-10 08:12:00,99.1,9.2,2
TKT005093,CU03857,AG032,Chat,Billing,2025-10-30 18:29:00,1.8,5.3,4
TKT005094,CU00143,AG024,Phone,Billing,2025-02-11 13:00:00,6.1,2.9,5
TKT005095,CU00207,AG026,Phone,Billing,2025-06-06 14:02:00,1.0,50.3,2
TKT005096,CU02239,AG014,Web Form,Billing,2025-07-12 08:37:00,32.1,11.6,4
TKT005097,CU00173,AG016,Phone,Billing,2025-07-23 18:39:00,11.3,1.8,5
TKT005098,CU02887,AG012,Phone,Delivery,2025-03-15 20:57:00,1.8,2.8,4
TKT005099,CU03782,AG011,Chat,Billing,2025-01-12 12:35:00,1.6,20.8,4
TKT005100,CU01120,AG027,Phone,Account Access,2025-01-12 02:06:00,5.6,2.0,3
TKT005101,CU01178,AG016,Chat,Billing,2025-11-25 03:34:00,2.0,15.8,3
TKT005102,CU03454,AG006,Email,Refund,2025-08-15 10:01:00,87.7,47.2,1
TKT005103,CU01425,AG002,Chat,Technical Issue,2025-12-25 13:05:00,2.6,4.7,5
TKT005104,CU00962,AG035,Email,Technical Issue,2025-11-11 12:13:00,221.7,1.8,3
TKT005105,CU00338,AG018,Web Form,Billing,2025-03-27 14:07:00,39.6,41.7,2
TKT005106,CU03360,AG024,Email,Product Inquiry,2025-02-02 09:58:00,175.2,57.8,3
TKT005107,CU03704,AG037,Phone,Delivery,2025-08-28 09:39:00,6.4,3.5,4
TKT005108,CU00315,AG005,Phone,Delivery,2025-03-24 21:35:00,7.2,8.1,4
TKT005109,CU03212,AG038,Web Form,Billing,2025-09-05 10:01:00,67.4,42.5,3
TKT005110,CU00640,AG029,Chat,Billing,2025-12-20 20:08:00,5.1,2.0,5
TKT005111,CU00556,AG026,Social Media,Product Inquiry,2025-12-19 14:06:00,92.4,6.6,4
TKT005112,CU01524,AG018,Chat,Billing,2025-04-02 06:37:00,1.2,1.4,4
TKT005113,CU01747,AG029,Email,Delivery,2025-06-26 14:45:00,124.1,4.6,4
TKT005114,CU03417,AG009,Email,Refund,2025-09-16 22:36:00,272.7,10.1,5
TKT005115,CU02799,AG013,Social Media,Delivery,2025-03-28 18:10:00,55.1,2.7,5
TKT005116,CU00579,AG039,Email,Technical Issue,2025-07-25 10:15:00,40.8,58.6,2
TKT005117,CU02337,AG012,Phone,Billing,2025-05-12 07:29:00,5.2,7.4,5
TKT005118,CU03502,AG029,Email,Technical Issue,2025-07-29 12:26:00,109.7,3.2,5
TKT005119,CU02649,AG038,Chat,Product Inquiry,2025-08-22 07:05:00,6.9,8.3,4
TKT005120,CU00919,AG024,Email,Refund,2025-11-16 10:25:00,162.1,7.8,3
TKT005121,CU00516,AG012,Web Form,Billing,2025-06-22 20:14:00,108.6,1.3,5
TKT005122,CU01811,AG034,Chat,Product Inquiry,2025-04-15 15:11:00,1.5,2.9,4
TKT005123,CU01889,AG034,Web Form,Technical Issue,2025-01-29 17:52:00,76.2,1.8,5
TKT005124,CU01411,AG022,Social Media,Technical Issue,2025-09-13 13:07:00,110.4,48.5,3
TKT005125,CU00438,AG005,Email,Technical Issue,2025-10-22 08:45:00,299.0,3.6,3
TKT005126,CU00473,AG018,Web Form,Refund,2025-05-30 08:03:00,61.1,11.1,4
TKT005127,CU02116,AG018,Chat,Technical Issue,2025-11-12 17:11:00,1.5,5.6,5
TKT005128,CU03778,AG008,Chat,Technical Issue,2025-06-23 12:53:00,3.5,3.1,4
TKT005129,CU02392,AG017,Chat,Technical Issue,2025-06-24 13:12:00,1.4,62.8,2
TKT005130,CU01753,AG007,Chat,Billing,2025-01-17 08:03:00,1.3,6.2,5
TKT005131,CU03726,AG028,Chat,Account Access,2025-07-11 11:28:00,2.0,6.8,4
TKT005132,CU02762,AG018,Phone,Technical Issue,2025-08-06 08:14:00,3.3,3.5,5
TKT005133,CU02872,AG030,Chat,Refund,2025-06-29 09:37:00,2.0,11.4,4
TKT005134,CU02302,AG019,Web Form,Product Inquiry,2025-07-16 19:33:00,38.1,20.1,4
TKT005135,CU03052,AG029,Email,Billing,2025-07-13 16:34:00,259.2,2.4,4
TKT005136,CU02007,AG030,Email,Product Inquiry,2025-09-13 18:02:00,257.2,5.0,5
TKT005137,CU02489,AG007,Phone,Refund,2025-02-07 19:17:00,6.3,30.4,2
TKT005138,CU02467,AG018,Web Form,Refund,2025-07-13 14:02:00,82.3,9.0,3
TKT005139,CU03011,AG030,Email,Technical Issue,2025-06-08 10:56:00,50.7,6.6,4
TKT005140,CU03594,AG024,Chat,Refund,2025-05-07 13:05:00,2.1,2.5,1
TKT005141,CU01178,AG009,Email,Account Access,2025-06-13 02:50:00,224.4,30.6,5
TKT005142,CU02798,AG034,Chat,Technical Issue,2025-09-05 17:52:00,4.2,7.2,5
TKT005143,CU00127,AG008,Phone,Delivery,2025-12-31 17:39:00,3.6,7.6,2
TKT005144,CU02130,AG040,Web Form,Technical Issue,2025-03-22 13:48:00,112.6,58.2,1
TKT005145,CU03595,AG029,Social Media,Refund,2025-01-18 11:54:00,106.6,25.5,1
TKT005146,CU02581,AG013,Web Form,Delivery,2025-05-08 08:53:00,13.3,0.7,4
TKT005147,CU01071,AG008,Phone,Account Access,2025-04-24 06:17:00,3.8,8.2,4
TKT005148,CU02426,AG037,Chat,Technical Issue,2025-01-26 10:45:00,1.3,1.6,4
TKT005149,CU01431,AG021,Web Form,Refund,2025-07-01 20:17:00,39.3,27.5,4
TKT005150,CU01733,AG033,Chat,Technical Issue,2025-07-09 06:07:00,3.6,5.1,1
TKT005151,CU00913,AG034,Chat,Refund,2025-11-06 20:18:00,2.4,9.6,5
TKT005152,CU02500,AG003,Phone,Delivery,2025-09-12 13:56:00,3.0,7.3,4
TKT005153,CU00794,AG028,Chat,Technical Issue,2025-06-18 12:09:00,1.4,9.1,4
TKT005154,CU01775,AG014,Email,Account Access,2025-08-29 07:34:00,178.1,10.0,5
TKT005155,CU03757,AG037,Social Media,Product Inquiry,2025-04-17 06:08:00,81.3,4.5,4
TKT005156,CU03031,AG009,Phone,Product Inquiry,2025-02-27 14:28:00,5.9,17.2,3
TKT005157,CU01658,AG002,Phone,Technical Issue,2025-07-15 14:54:00,2.5,2.0,3
TKT005158,CU03876,AG027,Chat,Technical Issue,2025-07-01 12:57:00,1.6,9.3,5
TKT005159,CU00056,AG023,Email,Technical Issue,2025-04-19 10:51:00,75.6,5.5,4
TKT005160,CU03840,AG023,Social Media,Delivery,2025-11-25 01:50:00,66.4,5.4,4
TKT005161,CU01409,AG011,Web Form,Technical Issue,2025-07-20 09:32:00,182.2,5.9,4
TKT005162,CU03283,AG020,Chat,Technical Issue,2025-07-27 16:02:00,1.3,5.0,4
TKT005163,CU03791,AG039,Chat,Billing,2025-09-09 14:39:00,1.5,5.7,2
TKT005164,CU02408,AG031,Email,Product Inquiry,2025-04-16 08:26:00,89.0,4.8,5
TKT005165,CU02442,AG040,Web Form,Billing,2025-07-13 17:14:00,49.7,68.2,3
TKT005166,CU02998,AG014,Email,Delivery,2025-11-24 08:42:00,134.5,6.5,5
TKT005167,CU00959,AG035,Email,Technical Issue,2025-08-11 17:01:00,273.6,4.5,3
TKT005168,CU00713,AG016,Email,Delivery,2025-11-07 13:09:00,112.0,10.4,4
TKT005169,CU01375,AG038,Phone,Account Access,2025-01-15 16:26:00,4.3,12.6,4
TKT005170,CU01917,AG035,Chat,Product Inquiry,2025-09-20 06:10:00,1.0,8.8,3
TKT005171,CU02972,AG007,Email,Delivery,2025-08-29 16:40:00,87.0,11.3,4
TKT005172,CU01030,AG039,Chat,Technical Issue,2025-11-24 16:47:00,3.6,11.1,3
TKT005173,CU02260,AG025,Social Media,Billing,2025-12-20 08:40:00,56.2,58.1,3
TKT005174,CU00014,AG032,Chat,Technical Issue,2025-02-20 08:07:00,3.1,6.1,5
TKT005175,CU00124,AG024,Social Media,Technical Issue,2025-06-29 16:36:00,54.1,2.8,2
TKT005176,CU03867,AG009,Chat,Product Inquiry,2025-12-07 12:56:00,1.8,5.9,4
TKT005177,CU03402,AG040,Phone,Billing,2025-10-20 15:55:00,10.3,28.1,2
TKT005178,CU03456,AG005,Chat,Refund,2025-02-06 01:09:00,3.0,11.5,4
TKT005179,CU01315,AG033,Chat,Technical Issue,2025-07-20 08:12:00,1.0,32.9,4
TKT005180,CU02055,AG009,Web Form,Refund,2025-05-08 16:10:00,323.5,31.7,3
TKT005181,CU02699,AG032,Chat,Refund,2025-09-14 09:15:00,1.1,45.8,3
TKT005182,CU01017,AG017,Web Form,Delivery,2025-07-07 06:54:00,153.5,2.1,5
TKT005183,CU02978,AG010,Phone,Technical Issue,2025-04-24 08:04:00,3.1,16.3,5
TKT005184,CU02772,AG010,Chat,Refund,2025-06-02 18:33:00,1.0,10.5,5
TKT005185,CU01630,AG013,Chat,Product Inquiry,2025-12-19 10:56:00,1.6,64.8,3
TKT005186,CU01740,AG037,Email,Technical Issue,2025-05-14 13:49:00,97.7,3.1,4
TKT005187,CU01230,AG031,Email,Product Inquiry,2025-03-20 14:27:00,103.6,3.5,4
TKT005188,CU03214,AG027,Chat,Refund,2025-02-11 11:32:00,2.1,6.6,3
TKT005189,CU03948,AG026,Phone,Technical Issue,2025-02-28 07:24:00,5.2,7.2,3
TKT005190,CU03999,AG017,Email,Billing,2025-01-20 09:40:00,305.8,1.1,4
TKT005191,CU03086,AG037,Phone,Billing,2025-01-17 08:59:00,4.5,1.7,5
TKT005192,CU01397,AG011,Chat,Account Access,2025-07-14 19:34:00,2.1,6.0,4
TKT005193,CU03125,AG038,Phone,Refund,2025-07-17 16:25:00,2.7,5.8,4
TKT005194,CU00978,AG016,Chat,Refund,2025-10-18 18:54:00,1.7,8.8,5
TKT005195,CU03587,AG014,Chat,Technical Issue,2025-08-14 17:20:00,1.5,11.3,5
TKT005196,CU01070,AG020,Chat,Account Access,2025-03-11 00:03:00,1.0,2.6,3
TKT005197,CU01612,AG030,Phone,Account Access,2025-08-26 16:12:00,16.3,5.8,4
TKT005198,CU00374,AG029,Email,Billing,2025-06-11 13:39:00,160.0,2.9,4
TKT005199,CU00326,AG031,Chat,Delivery,2025-03-04 17:26:00,2.3,9.8,5
TKT005200,CU01577,AG004,Email,Delivery,2025-08-26 21:53:00,273.5,3.6,5
TKT005201,CU02201,AG007,Email,Billing,2025-08-26 11:41:00,33.8,5.5,4
TKT005202,CU00070,AG034,Chat,Billing,2025-06-04 14:34:00,6.9,2.4,3
TKT005203,CU03385,AG040,Chat,Refund,2025-03-02 10:54:00,1.2,5.8,5
TKT005204,CU00458,AG006,Web Form,Billing,2025-01-11 19:44:00,33.8,4.4,2
TKT005205,CU03994,AG037,Phone,Billing,2025-10-03 09:11:00,3.0,15.1,4
TKT005206,CU01087,AG011,Phone,Product Inquiry,2025-02-26 11:42:00,6.9,1.9,4
TKT005207,CU01516,AG040,Phone,Refund,2025-04-11 19:41:00,13.0,40.9,4
TKT005208,CU00640,AG040,Phone,Delivery,2025-09-04 07:56:00,9.9,4.3,4
TKT005209,CU03298,AG026,Email,Billing,2025-06-04 13:00:00,107.4,3.8,5
TKT005210,CU02929,AG008,Email,Delivery,2025-10-27 14:09:00,52.1,53.5,2
TKT005211,CU00315,AG032,Email,Delivery,2025-05-15 14:48:00,111.5,59.9,4
TKT005212,CU00423,AG005,Chat,Billing,2025-11-22 07:57:00,1.4,5.4,4
TKT005213,CU02437,AG014,Chat,Technical Issue,2025-05-15 04:16:00,1.0,2.3,3
TKT005214,CU03464,AG026,Email,Billing,2025-01-31 12:57:00,192.9,34.2,2
TKT005215,CU00440,AG003,Email,Account Access,2025-09-21 12:02:00,140.3,66.7,2
TKT005216,CU00885,AG016,Social Media,Product Inquiry,2025-08-29 20:42:00,118.5,11.3,4
TKT005217,CU02182,AG032,Chat,Delivery,2025-12-31 16:23:00,3.0,5.1,5
TKT005218,CU00435,AG004,Email,Technical Issue,2025-02-06 14:38:00,204.0,0.5,3
TKT005219,CU01219,AG015,Email,Billing,2025-07-12 09:53:00,135.1,9.3,4
TKT005220,CU00041,AG001,Email,Account Access,2025-09-17 19:34:00,345.0,6.7,5
TKT005221,CU01997,AG027,Email,Billing,2025-05-27 08:13:00,106.9,62.4,1
TKT005222,CU02861,AG004,Email,Technical Issue,2025-04-06 20:57:00,98.5,14.6,5
TKT005223,CU01648,AG012,Chat,Product Inquiry,2025-04-18 20:17:00,1.8,7.2,5
TKT005224,CU01027,AG021,Chat,Product Inquiry,2025-01-04 22:30:00,2.7,2.7,4
TKT005225,CU01698,AG009,Chat,Product Inquiry,2025-08-16 10:10:00,2.9,6.0,5
TKT005226,CU02038,AG010,Email,Billing,2025-10-12 08:52:00,116.1,6.0,4
TKT005227,CU00663,AG034,Chat,Refund,2025-06-14 15:58:00,1.7,18.4,5
TKT005228,CU00447,AG032,Email,Delivery,2025-01-15 12:22:00,286.9,8.4,4
TKT005229,CU00728,AG004,Chat,Account Access,2025-10-10 11:25:00,1.0,5.2,2
TKT005230,CU03942,AG035,Web Form,Technical Issue,2025-11-28 14:27:00,249.2,14.5,4
TKT005231,CU02892,AG019,Email,Technical Issue,2025-08-10 15:56:00,118.7,59.0,5
TKT005232,CU00502,AG006,Chat,Technical Issue,2025-02-01 10:36:00,1.8,4.4,2
TKT005233,CU01206,AG037,Email,Product Inquiry,2025-05-31 10:05:00,171.6,1.9,4
TKT005234,CU01648,AG014,Phone,Delivery,2025-07-27 14:45:00,5.4,3.9,3
TKT005235,CU00725,AG014,Email,Product Inquiry,2025-12-14 06:26:00,97.7,2.6,4
TKT005236,CU03407,AG006,Chat,Account Access,2025-07-02 16:04:00,2.4,5.6,5
TKT005237,CU03763,AG036,Chat,Technical Issue,2025-01-05 17:28:00,1.2,6.4,3
TKT005238,CU00980,AG012,Phone,Account Access,2025-09-15 19:03:00,2.9,3.4,5
TKT005239,CU00067,AG024,Email,Technical Issue,2025-09-09 16:15:00,57.9,9.7,4
TKT005240,CU01068,AG010,Chat,Product Inquiry,2025-03-27 13:44:00,2.2,13.1,4
TKT005241,CU02331,AG036,Chat,Billing,2025-05-30 19:29:00,1.8,15.9,4
TKT005242,CU03234,AG032,Web Form,Technical Issue,2025-01-16 13:26:00,18.2,12.6,3
TKT005243,CU01359,AG021,Web Form,Account Access,2025-02-14 17:21:00,37.8,8.2,3
TKT005244,CU01094,AG014,Social Media,Refund,2025-04-24 06:52:00,88.6,5.0,5
TKT005245,CU00996,AG027,Email,Account Access,2025-02-03 16:14:00,224.6,44.8,4
TKT005246,CU00012,AG020,Phone,Technical Issue,2025-04-11 06:56:00,2.0,53.2,4
TKT005247,CU00057,AG038,Email,Delivery,2025-08-26 03:21:00,118.6,1.3,5
TKT005248,CU01712,AG027,Social Media,Technical Issue,2025-05-20 13:23:00,49.1,49.3,3
TKT005249,CU02471,AG002,Chat,Account Access,2025-02-23 07:38:00,3.0,14.8,5
TKT005250,CU00051,AG033,Email,Delivery,2025-08-16 10:45:00,96.9,6.9,4
TKT005251,CU00802,AG008,Chat,Technical Issue,2025-11-09 17:28:00,2.7,4.4,1
TKT005252,CU03640,AG013,Chat,Billing,2025-08-04 14:38:00,1.6,2.7,5
TKT005253,CU03961,AG018,Phone,Technical Issue,2025-04-24 16:24:00,1.6,8.4,4
TKT005254,CU02568,AG009,Email,Billing,2025-10-22 17:46:00,134.7,62.2,2
TKT005255,CU02087,AG038,Phone,Delivery,2025-05-06 13:51:00,2.1,10.8,4
TKT005256,CU02333,AG040,Chat,Billing,2025-01-06 22:51:00,3.7,23.5,4
TKT005257,CU01482,AG007,Email,Technical Issue,2025-08-29 09:38:00,380.6,1.2,4
TKT005258,CU00807,AG013,Email,Delivery,2025-09-20 07:16:00,198.8,65.1,3
TKT005259,CU01504,AG015,Phone,Delivery,2025-03-22 10:38:00,2.8,0.6,5
TKT005260,CU02800,AG027,Phone,Refund,2025-05-18 16:37:00,4.0,3.3,4
TKT005261,CU02651,AG024,Email,Refund,2025-01-03 07:13:00,164.2,67.7,4
TKT005262,CU02710,AG028,Email,Account Access,2025-06-21 12:51:00,254.2,5.8,4
TKT005263,CU02435,AG002,Web Form,Billing,2025-06-12 14:45:00,49.6,4.7,4
TKT005264,CU00242,AG021,Phone,Account Access,2025-04-05 17:26:00,5.0,15.2,4
TKT005265,CU02506,AG009,Chat,Refund,2025-07-12 18:02:00,1.0,69.0,4
TKT005266,CU03524,AG010,Chat,Account Access,2025-09-05 09:43:00,2.3,4.1,4
TKT005267,CU02596,AG031,Phone,Product Inquiry,2025-06-12 10:12:00,2.5,5.9,3
TKT005268,CU02318,AG006,Phone,Delivery,2025-10-18 15:44:00,4.1,1.9,5
TKT005269,CU00896,AG002,Phone,Billing,2025-06-17 18:24:00,2.3,7.2,5
TKT005270,CU03170,AG020,Phone,Refund,2025-05-30 08:42:00,5.0,3.7,3
TKT005271,CU01807,AG030,Email,Technical Issue,2025-08-31 16:53:00,198.9,5.3,5
TKT005272,CU01052,AG021,Phone,Product Inquiry,2025-03-04 09:05:00,3.5,29.7,2
TKT005273,CU01960,AG007,Chat,Billing,2025-11-05 08:01:00,1.2,8.0,1
TKT005274,CU00489,AG031,Chat,Delivery,2025-08-09 10:40:00,2.7,4.2,4
TKT005275,CU03706,AG016,Chat,Delivery,2025-05-14 17:26:00,4.7,1.1,5
TKT005276,CU02810,AG029,Chat,Technical Issue,2025-03-27 16:41:00,5.8,3.1,4
TKT005277,CU01307,AG009,Phone,Delivery,2025-10-16 13:07:00,5.0,10.8,3
TKT005278,CU03176,AG037,Email,Billing,2025-01-06 16:52:00,163.1,4.0,4
TKT005279,CU00217,AG012,Chat,Billing,2025-01-23 11:13:00,1.0,8.5,5
TKT005280,CU01545,AG039,Social Media,Technical Issue,2025-08-10 09:07:00,185.4,9.8,4
TKT005281,CU02606,AG016,Email,Refund,2025-06-25 18:24:00,39.0,70.8,5
TKT005282,CU00095,AG030,Email,Refund,2025-03-04 05:49:00,269.6,34.5,2
TKT005283,CU02835,AG021,Social Media,Technical Issue,2025-05-18 19:05:00,91.3,47.8,2
TKT005284,CU03274,AG004,Web Form,Refund,2025-10-13 17:30:00,14.4,3.4,4
TKT005285,CU02377,AG004,Email,Product Inquiry,2025-06-20 16:49:00,168.5,13.3,5
TKT005286,CU00825,AG017,Chat,Technical Issue,2025-07-12 14:31:00,1.8,3.3,5
TKT005287,CU02997,AG008,Phone,Product Inquiry,2025-02-03 17:04:00,3.1,18.2,4
TKT005288,CU01357,AG025,Chat,Technical Issue,2025-09-21 03:12:00,1.7,9.0,3
TKT005289,CU02944,AG006,Email,Refund,2025-02-20 14:35:00,138.5,9.1,4
TKT005290,CU02513,AG024,Social Media,Account Access,2025-03-27 09:38:00,88.9,5.6,3
TKT005291,CU00374,AG009,Phone,Product Inquiry,2025-04-18 15:09:00,1.8,4.1,2
TKT005292,CU00400,AG008,Social Media,Billing,2025-06-07 15:23:00,112.3,1.2,5
TKT005293,CU00061,AG015,Chat,Billing,2025-04-10 09:06:00,1.6,12.2,3
TKT005294,CU00288,AG024,Email,Refund,2025-10-25 08:34:00,335.1,57.6,1
TKT005295,CU01199,AG016,Chat,Delivery,2025-05-21 14:27:00,3.2,7.4,4
TKT005296,CU00103,AG014,Email,Account Access,2025-01-13 20:39:00,239.0,3.1,4
TKT005297,CU03754,AG014,Web Form,Delivery,2025-06-16 15:20:00,153.1,4.3,4
TKT005298,CU03667,AG014,Chat,Delivery,2025-02-14 13:59:00,3.0,5.4,4
TKT005299,CU00691,AG017,Email,Technical Issue,2025-03-22 20:02:00,129.2,9.8,4
TKT005300,CU01246,AG034,Chat,Technical Issue,2025-08-04 17:14:00,1.0,6.8,4
TKT005301,CU02969,AG024,Email,Technical Issue,2025-08-15 16:03:00,159.8,18.8,4
TKT005302,CU02643,AG017,Chat,Technical Issue,2025-09-01 12:51:00,5.2,6.5,5
TKT005303,CU02327,AG030,Email,Refund,2025-05-18 13:17:00,229.0,6.6,4
TKT005304,CU03957,AG022,Chat,Billing,2025-11-02 09:01:00,1.5,6.7,4
TKT005305,CU02520,AG038,Chat,Account Access,2025-01-22 17:46:00,2.1,5.6,4
TKT005306,CU02678,AG023,Phone,Technical Issue,2025-05-19 10:53:00,2.9,17.7,5
TKT005307,CU02009,AG009,Chat,Refund,2025-03-30 16:51:00,2.4,0.9,4
TKT005308,CU02101,AG023,Email,Technical Issue,2025-01-16 19:12:00,105.7,12.7,5
TKT005309,CU01165,AG031,Phone,Technical Issue,2025-07-24 14:03:00,8.8,4.5,4
TKT005310,CU02084,AG009,Email,Refund,2025-01-21 08:17:00,149.6,1.8,3
TKT005311,CU03673,AG009,Phone,Technical Issue,2025-08-10 02:10:00,4.6,11.0,5
TKT005312,CU01508,AG024,Chat,Refund,2025-11-09 15:46:00,1.3,5.8,5
TKT005313,CU00533,AG036,Web Form,Billing,2025-10-19 09:20:00,43.7,4.0,4
TKT005314,CU02400,AG014,Phone,Delivery,2025-09-06 04:26:00,2.1,7.0,5
TKT005315,CU03141,AG021,Phone,Technical Issue,2025-03-31 10:39:00,8.7,5.0,5
TKT005316,CU03836,AG027,Chat,Billing,2025-08-27 14:26:00,1.5,8.4,4
TKT005317,CU02169,AG027,Phone,Account Access,2025-07-25 14:17:00,4.4,28.7,3
TKT005318,CU03153,AG006,Email,Delivery,2025-06-30 08:13:00,59.7,62.3,2
TKT005319,CU01002,AG016,Social Media,Refund,2025-06-23 14:13:00,45.7,26.3,3
TKT005320,CU01697,AG040,Chat,Technical Issue,2025-02-21 11:07:00,1.7,2.8,4
TKT005321,CU01677,AG036,Web Form,Delivery,2025-11-06 13:35:00,46.3,9.4,4
TKT005322,CU01330,AG031,Social Media,Technical Issue,2025-11-02 19:13:00,103.0,6.1,4
TKT005323,CU02865,AG001,Web Form,Refund,2025-09-24 06:40:00,166.2,49.2,1
TKT005324,CU03535,AG017,Phone,Product Inquiry,2025-07-19 13:21:00,1.3,9.2,4
TKT005325,CU01307,AG003,Phone,Technical Issue,2025-02-18 08:29:00,6.9,9.0,4
TKT005326,CU00544,AG013,Email,Technical Issue,2025-08-20 08:50:00,184.1,37.8,3
TKT005327,CU03302,AG035,Web Form,Refund,2025-12-16 14:40:00,39.1,14.3,5
TKT005328,CU03399,AG016,Phone,Refund,2025-02-18 15:17:00,3.2,6.6,4
TKT005329,CU03740,AG007,Email,Delivery,2025-05-10 14:00:00,259.2,1.2,3
TKT005330,CU01021,AG029,Chat,Billing,2025-11-27 20:43:00,1.9,8.8,4
TKT005331,CU02877,AG031,Chat,Delivery,2025-12-15 17:19:00,1.7,6.5,3
TKT005332,CU02863,AG027,Social Media,Billing,2025-06-12 09:04:00,50.6,4.3,3
TKT005333,CU03161,AG033,Phone,Product Inquiry,2025-04-15 15:36:00,2.5,2.5,4
TKT005334,CU03225,AG029,Web Form,Refund,2025-04-15 15:48:00,28.2,2.8,5
TKT005335,CU03811,AG026,Social Media,Refund,2025-06-21 15:39:00,146.4,7.6,5
TKT005336,CU01908,AG036,Web Form,Refund,2025-04-27 12:49:00,35.7,34.8,5
TKT005337,CU00304,AG013,Chat,Product Inquiry,2025-07-20 20:11:00,1.0,6.5,3
TKT005338,CU00770,AG019,Chat,Technical Issue,2025-01-30 12:51:00,2.2,33.1,5
TKT005339,CU03547,AG023,Chat,Product Inquiry,2025-01-24 17:19:00,1.3,13.7,5
TKT005340,CU03380,AG027,Phone,Technical Issue,2025-01-02 13:31:00,9.4,2.7,5
TKT005341,CU00045,AG020,Phone,Billing,2025-09-19 17:13:00,4.1,8.0,4
TKT005342,CU01471,AG018,Social Media,Billing,2025-12-04 11:36:00,100.7,51.6,3
TKT005343,CU00981,AG007,Email,Technical Issue,2025-02-08 00:53:00,157.0,8.1,3
TKT005344,CU01283,AG026,Chat,Billing,2025-11-30 13:58:00,2.7,1.4,4
TKT005345,CU02556,AG005,Email,Account Access,2025-03-01 14:17:00,206.9,39.3,1
TKT005346,CU02041,AG019,Chat,Technical Issue,2025-01-18 07:24:00,2.0,5.9,5
TKT005347,CU01924,AG017,Web Form,Billing,2025-04-16 15:52:00,31.5,3.3,5
TKT005348,CU01741,AG032,Chat,Billing,2025-04-17 18:18:00,1.8,11.1,4
TKT005349,CU02567,AG020,Web Form,Delivery,2025-12-17 18:53:00,56.8,7.4,3
TKT005350,CU02733,AG001,Web Form,Account Access,2025-02-11 11:32:00,22.4,6.4,5
TKT005351,CU00174,AG021,Email,Delivery,2025-12-22 11:31:00,44.0,36.7,5
TKT005352,CU00549,AG009,Chat,Refund,2025-11-11 18:56:00,1.0,0.9,4
TKT005353,CU01365,AG016,Email,Delivery,2025-06-28 23:52:00,47.9,2.8,3
TKT005354,CU01743,AG012,Chat,Technical Issue,2025-09-03 05:55:00,1.5,13.5,5
TKT005355,CU03985,AG007,Chat,Account Access,2025-07-14 06:04:00,1.3,3.0,3
TKT005356,CU03567,AG038,Chat,Billing,2025-11-29 05:06:00,2.1,8.0,4
TKT005357,CU02596,AG011,Web Form,Technical Issue,2025-03-19 12:07:00,81.2,25.5,2
TKT005358,CU00145,AG021,Chat,Product Inquiry,2025-12-15 17:32:00,2.3,7.2,4
TKT005359,CU00403,AG034,Email,Technical Issue,2025-06-02 07:24:00,177.8,45.9,1
TKT005360,CU01830,AG015,Phone,Product Inquiry,2025-12-07 15:13:00,6.7,41.3,2
TKT005361,CU02349,AG038,Chat,Technical Issue,2025-12-26 08:41:00,1.7,6.1,5
TKT005362,CU02643,AG017,Chat,Delivery,2025-11-06 03:13:00,1.0,5.1,5
TKT005363,CU00568,AG038,Email,Billing,2025-10-16 14:58:00,53.6,4.9,5
TKT005364,CU03551,AG019,Chat,Product Inquiry,2025-06-08 14:21:00,2.6,3.2,3
TKT005365,CU01973,AG001,Web Form,Refund,2025-09-12 10:28:00,61.3,7.4,3
TKT005366,CU02376,AG035,Chat,Technical Issue,2025-03-31 10:03:00,2.9,11.3,5
TKT005367,CU00158,AG035,Phone,Technical Issue,2025-04-12 11:00:00,19.1,35.0,2
TKT005368,CU03298,AG039,Chat,Account Access,2025-09-28 20:09:00,2.3,7.4,2
TKT005369,CU02173,AG005,Email,Technical Issue,2025-10-06 18:10:00,132.8,0.4,1
TKT005370,CU00891,AG034,Chat,Technical Issue,2025-04-06 13:05:00,2.4,4.7,4
TKT005371,CU01276,AG014,Chat,Product Inquiry,2025-12-19 21:26:00,1.0,8.8,4
TKT005372,CU01412,AG034,Phone,Delivery,2025-09-06 14:42:00,6.1,2.9,5
TKT005373,CU00109,AG039,Email,Technical Issue,2025-12-27 07:41:00,127.4,33.0,3
TKT005374,CU03769,AG008,Social Media,Account Access,2025-06-24 13:48:00,227.1,48.7,3
TKT005375,CU03212,AG015,Phone,Technical Issue,2025-08-07 19:35:00,1.7,4.4,4
TKT005376,CU03544,AG011,Phone,Refund,2025-08-27 15:08:00,4.0,2.3,3
TKT005377,CU01415,AG013,Phone,Technical Issue,2025-02-28 21:52:00,2.8,62.6,4
TKT005378,CU02232,AG024,Email,Billing,2025-04-13 13:50:00,77.9,6.3,4
TKT005379,CU01834,AG017,Email,Technical Issue,2025-12-18 19:15:00,197.2,5.4,4
TKT005380,CU01902,AG027,Web Form,Product Inquiry,2025-09-03 17:51:00,46.2,3.0,4
TKT005381,CU02356,AG027,Chat,Technical Issue,2025-07-17 18:32:00,4.2,4.9,4
TKT005382,CU01805,AG009,Chat,Delivery,2025-01-02 22:23:00,1.5,34.3,5
TKT005383,CU03093,AG002,Email,Account Access,2025-01-14 10:08:00,112.8,8.4,2
TKT005384,CU00236,AG030,Phone,Refund,2025-07-23 15:56:00,12.1,32.1,2
TKT005385,CU00771,AG008,Chat,Technical Issue,2025-01-30 09:38:00,1.0,21.3,3
TKT005386,CU03570,AG008,Email,Refund,2025-02-21 18:26:00,91.0,8.5,3
TKT005387,CU03530,AG025,Web Form,Product Inquiry,2025-07-30 14:45:00,10.1,57.2,2
TKT005388,CU03273,AG011,Social Media,Technical Issue,2025-12-17 08:46:00,70.4,13.3,5
TKT005389,CU01476,AG008,Email,Technical Issue,2025-11-01 12:30:00,204.7,37.4,3
TKT005390,CU01826,AG013,Phone,Product Inquiry,2025-06-19 08:12:00,5.0,3.8,5
TKT005391,CU00102,AG021,Chat,Billing,2025-12-10 12:26:00,2.2,0.3,4
TKT005392,CU01118,AG034,Phone,Refund,2025-08-10 06:36:00,2.5,54.4,3
TKT005393,CU02906,AG040,Social Media,Refund,2025-12-11 21:11:00,81.1,13.5,5
TKT005394,CU01372,AG030,Web Form,Billing,2025-03-28 14:07:00,44.2,10.1,5
TKT005395,CU01922,AG036,Chat,Technical Issue,2025-07-31 22:56:00,2.0,3.9,5
TKT005396,CU00493,AG022,Chat,Billing,2025-12-03 08:34:00,2.2,3.0,5
TKT005397,CU01986,AG017,Social Media,Account Access,2025-12-25 11:36:00,74.2,21.6,4
TKT005398,CU02888,AG033,Web Form,Account Access,2025-11-10 20:26:00,55.7,7.1,4
TKT005399,CU02289,AG013,Chat,Delivery,2025-02-24 15:48:00,1.9,3.1,5
TKT005400,CU02227,AG033,Phone,Account Access,2025-08-14 06:22:00,2.8,5.4,3
TKT005401,CU03659,AG040,Email,Refund,2025-02-04 19:01:00,146.3,4.8,5
TKT005402,CU00937,AG016,Phone,Technical Issue,2025-05-20 08:46:00,2.0,5.1,5
TKT005403,CU01198,AG026,Chat,Billing,2025-01-12 09:15:00,2.2,1.4,4
TKT005404,CU02493,AG032,Social Media,Technical Issue,2025-10-05 16:45:00,48.9,54.3,3
TKT005405,CU01921,AG032,Email,Technical Issue,2025-10-10 16:28:00,138.0,7.8,3
TKT005406,CU03917,AG009,Phone,Billing,2025-02-03 15:21:00,5.2,1.8,3
TKT005407,CU00239,AG039,Email,Product Inquiry,2025-12-01 00:32:00,84.1,4.3,5
TKT005408,CU00490,AG021,Email,Billing,2025-11-03 09:26:00,247.1,14.3,4
TKT005409,CU01368,AG002,Web Form,Billing,2025-11-03 10:24:00,147.1,7.5,1
TKT005410,CU01834,AG005,Chat,Delivery,2025-06-13 11:16:00,1.4,5.5,4
TKT005411,CU03562,AG030,Chat,Delivery,2025-12-09 06:20:00,1.8,3.4,4
TKT005412,CU01977,AG018,Chat,Account Access,2025-12-25 15:19:00,3.9,36.1,1
TKT005413,CU01749,AG005,Chat,Billing,2025-07-20 19:27:00,1.0,7.4,4
TKT005414,CU00668,AG021,Email,Billing,2025-05-19 22:58:00,142.6,2.5,4
TKT005415,CU01737,AG024,Chat,Technical Issue,2025-10-06 17:21:00,1.7,32.6,1
TKT005416,CU02127,AG004,Social Media,Billing,2025-01-17 09:37:00,147.7,9.4,3
TKT005417,CU02336,AG015,Email,Technical Issue,2025-05-03 13:02:00,122.3,6.1,4
TKT005418,CU02424,AG019,Chat,Delivery,2025-01-02 20:00:00,2.6,10.0,5
TKT005419,CU01719,AG032,Phone,Product Inquiry,2025-10-07 06:41:00,2.5,17.2,3
TKT005420,CU00630,AG027,Web Form,Technical Issue,2025-01-16 09:40:00,92.8,1.4,3
TKT005421,CU00611,AG004,Social Media,Technical Issue,2025-10-02 09:46:00,48.6,4.2,5
TKT005422,CU00619,AG025,Web Form,Product Inquiry,2025-07-26 14:33:00,88.8,30.4,5
TKT005423,CU02475,AG037,Chat,Account Access,2025-06-08 21:18:00,2.1,1.7,4
TKT005424,CU03426,AG003,Email,Delivery,2025-08-19 13:05:00,38.3,1.8,3
TKT005425,CU03533,AG040,Email,Refund,2025-01-16 14:57:00,144.9,9.5,4
TKT005426,CU01246,AG004,Chat,Delivery,2025-10-24 15:11:00,2.8,55.5,3
TKT005427,CU00319,AG025,Chat,Delivery,2025-04-08 18:59:00,1.0,53.3,1
TKT005428,CU02522,AG015,Social Media,Billing,2025-11-04 10:16:00,56.5,51.4,3
TKT005429,CU00154,AG030,Social Media,Product Inquiry,2025-11-20 15:34:00,94.5,8.5,5
TKT005430,CU02508,AG034,Social Media,Delivery,2025-07-21 20:05:00,67.9,47.3,1
TKT005431,CU01533,AG035,Social Media,Technical Issue,2025-08-03 20:47:00,107.9,27.6,5
TKT005432,CU03357,AG035,Email,Account Access,2025-12-04 11:24:00,124.8,2.6,4
TKT005433,CU02502,AG033,Chat,Technical Issue,2025-05-28 07:32:00,1.0,7.4,3
TKT005434,CU02960,AG013,Chat,Account Access,2025-05-26 20:07:00,7.2,7.7,5
TKT005435,CU01623,AG019,Chat,Technical Issue,2025-12-12 20:15:00,1.7,40.5,3
TKT005436,CU03363,AG029,Chat,Delivery,2025-05-28 07:24:00,2.1,4.4,5
TKT005437,CU02101,AG007,Email,Billing,2025-05-14 06:04:00,371.1,19.4,5
TKT005438,CU02501,AG024,Web Form,Account Access,2025-01-03 08:44:00,88.4,3.6,3
TKT005439,CU01443,AG022,Phone,Delivery,2025-04-30 15:20:00,5.4,71.0,5
TKT005440,CU01798,AG040,Chat,Technical Issue,2025-04-02 10:44:00,3.6,2.7,4
TKT005441,CU03361,AG002,Chat,Billing,2025-10-09 09:11:00,2.7,11.0,1
TKT005442,CU01575,AG004,Chat,Account Access,2025-07-02 17:02:00,2.7,9.8,2
TKT005443,CU00086,AG002,Social Media,Account Access,2025-05-10 09:55:00,122.9,4.9,4
TKT005444,CU01517,AG022,Phone,Product Inquiry,2025-12-07 21:13:00,3.6,63.4,4
TKT005445,CU01568,AG023,Web Form,Billing,2025-06-12 12:58:00,99.3,9.7,5
TKT005446,CU01674,AG024,Chat,Account Access,2025-06-01 12:41:00,2.9,0.3,3
TKT005447,CU00283,AG010,Web Form,Product Inquiry,2025-09-21 20:31:00,15.5,56.7,2
TKT005448,CU00518,AG013,Email,Delivery,2025-04-06 07:38:00,223.5,7.0,3
TKT005449,CU01297,AG017,Web Form,Billing,2025-06-06 07:33:00,35.6,8.8,4
TKT005450,CU01696,AG002,Chat,Billing,2025-09-15 12:22:00,2.3,8.5,5
TKT005451,CU00117,AG031,Email,Refund,2025-04-28 14:55:00,55.8,39.5,3
TKT005452,CU01558,AG003,Phone,Billing,2025-06-06 13:03:00,2.9,15.8,3
TKT005453,CU01281,AG027,Chat,Technical Issue,2025-01-06 21:44:00,1.6,6.5,5
TKT005454,CU00139,AG019,Web Form,Account Access,2025-10-17 23:37:00,73.9,16.9,4
TKT005455,CU01002,AG040,Email,Technical Issue,2025-11-11 04:09:00,101.3,39.0,2
TKT005456,CU01101,AG028,Email,Account Access,2025-09-01 08:39:00,42.5,64.3,2
TKT005457,CU00575,AG020,Phone,Product Inquiry,2025-07-12 14:57:00,3.1,32.6,3
TKT005458,CU03008,AG029,Web Form,Product Inquiry,2025-11-23 21:17:00,44.6,5.2,3
TKT005459,CU00290,AG005,Chat,Delivery,2025-11-07 10:34:00,2.8,1.0,5
TKT005460,CU02312,AG008,Email,Refund,2025-06-21 11:22:00,151.9,47.1,5
TKT005461,CU02662,AG020,Chat,Refund,2025-08-14 09:01:00,1.3,3.0,5
TKT005462,CU03225,AG035,Social Media,Product Inquiry,2025-12-09 21:03:00,104.8,33.0,1
TKT005463,CU02183,AG033,Phone,Refund,2025-03-15 08:11:00,11.0,21.8,3
TKT005464,CU02171,AG016,Email,Product Inquiry,2025-10-12 14:38:00,266.5,3.7,4
TKT005465,CU03044,AG012,Social Media,Technical Issue,2025-05-13 02:47:00,31.5,3.6,4
TKT005466,CU03417,AG039,Phone,Technical Issue,2025-02-03 14:04:00,15.6,70.4,5
TKT005467,CU00844,AG023,Social Media,Technical Issue,2025-06-02 11:07:00,172.6,10.7,4
TKT005468,CU03185,AG005,Social Media,Delivery,2025-07-09 14:51:00,215.2,1.6,4
TKT005469,CU01850,AG009,Web Form,Product Inquiry,2025-09-27 06:51:00,23.8,5.8,1
TKT005470,CU00394,AG034,Social Media,Product Inquiry,2025-02-25 07:31:00,71.7,9.5,4
TKT005471,CU02450,AG036,Email,Refund,2025-07-20 07:47:00,193.5,56.5,2
TKT005472,CU03909,AG037,Chat,Refund,2025-08-30 18:12:00,1.1,5.1,5
TKT005473,CU00563,AG001,Chat,Account Access,2025-08-21 16:02:00,2.7,1.0,3
TKT005474,CU00059,AG033,Social Media,Billing,2025-10-31 08:54:00,221.0,64.1,2
TKT005475,CU03667,AG005,Phone,Delivery,2025-10-02 10:19:00,3.3,2.6,3
TKT005476,CU02388,AG033,Chat,Technical Issue,2025-06-19 12:21:00,5.1,9.4,5
TKT005477,CU00877,AG036,Chat,Refund,2025-04-10 07:30:00,2.9,5.8,5
TKT005478,CU03171,AG015,Email,Delivery,2025-11-18 18:36:00,50.4,7.2,4
TKT005479,CU01575,AG008,Phone,Technical Issue,2025-11-18 11:04:00,2.5,12.8,5
TKT005480,CU01328,AG029,Social Media,Delivery,2025-02-17 15:35:00,165.6,4.9,3
TKT005481,CU01160,AG003,Email,Account Access,2025-06-15 15:34:00,79.4,16.9,4
TKT005482,CU02395,AG024,Phone,Refund,2025-10-02 19:44:00,7.2,5.7,2
TKT005483,CU00539,AG014,Phone,Refund,2025-08-30 16:58:00,5.6,2.7,5
TKT005484,CU01449,AG017,Chat,Technical Issue,2025-11-16 04:43:00,2.4,4.5,5
TKT005485,CU01221,AG034,Email,Refund,2025-03-21 08:36:00,101.9,1.8,5
TKT005486,CU00243,AG040,Web Form,Technical Issue,2025-12-10 12:53:00,64.9,3.2,4
TKT005487,CU03053,AG017,Email,Billing,2025-03-27 07:29:00,353.2,6.5,4
TKT005488,CU00034,AG012,Social Media,Account Access,2025-02-04 11:03:00,72.6,6.5,5
TKT005489,CU03839,AG034,Chat,Refund,2025-09-26 22:52:00,2.8,4.0,4
TKT005490,CU00380,AG017,Chat,Product Inquiry,2025-12-05 09:58:00,6.0,9.0,5
TKT005491,CU01433,AG008,Social Media,Technical Issue,2025-05-08 16:57:00,104.0,15.7,4
TKT005492,CU00394,AG037,Chat,Delivery,2025-02-28 09:54:00,1.5,1.9,4
TKT005493,CU01468,AG040,Phone,Refund,2025-11-16 04:54:00,3.0,11.9,5
TKT005494,CU02444,AG012,Phone,Product Inquiry,2025-02-04 07:41:00,1.3,1.6,5
TKT005495,CU00350,AG007,Chat,Technical Issue,2025-08-31 07:02:00,1.0,6.8,1
TKT005496,CU02104,AG007,Email,Technical Issue,2025-02-16 10:44:00,168.6,30.5,5
TKT005497,CU03088,AG024,Chat,Account Access,2025-08-31 21:05:00,3.4,10.2,4
TKT005498,CU01822,AG013,Email,Product Inquiry,2025-02-11 15:08:00,110.8,69.4,1
TKT005499,CU00450,AG025,Phone,Billing,2025-05-19 07:36:00,6.8,7.5,5
TKT005500,CU02768,AG031,Email,Account Access,2025-06-19 06:55:00,228.9,69.5,5
TKT005501,CU00746,AG001,Social Media,Product Inquiry,2025-11-26 21:13:00,58.9,0.8,4
TKT005502,CU00068,AG035,Chat,Billing,2025-09-17 08:09:00,1.4,2.9,1
TKT005503,CU01748,AG002,Phone,Delivery,2025-12-11 09:31:00,1.9,2.4,4
TKT005504,CU01084,AG005,Email,Product Inquiry,2025-07-17 18:21:00,210.8,12.4,2
TKT005505,CU00114,AG029,Email,Billing,2025-04-05 14:50:00,140.3,53.0,3
TKT005506,CU03110,AG025,Web Form,Billing,2025-06-04 09:11:00,89.6,67.1,4
TKT005507,CU02399,AG040,Chat,Billing,2025-07-07 15:56:00,1.9,61.1,3
TKT005508,CU03640,AG023,Email,Delivery,2025-07-25 11:15:00,83.5,6.2,3
TKT005509,CU01922,AG017,Social Media,Technical Issue,2025-11-28 14:20:00,138.2,58.4,1
TKT005510,CU01754,AG027,Chat,Technical Issue,2025-11-24 07:40:00,1.0,1.8,2
TKT005511,CU03371,AG031,Email,Technical Issue,2025-02-06 19:50:00,116.3,4.2,5
TKT005512,CU00326,AG027,Web Form,Account Access,2025-10-17 14:28:00,35.9,44.7,4
TKT005513,CU01447,AG015,Phone,Refund,2025-04-19 00:30:00,9.3,9.3,4
TKT005514,CU03195,AG039,Chat,Account Access,2025-08-03 14:38:00,5.2,5.7,4
TKT005515,CU01171,AG013,Phone,Refund,2025-12-15 11:39:00,5.0,48.9,4
TKT005516,CU03541,AG014,Chat,Product Inquiry,2025-11-19 19:47:00,1.5,5.6,4
TKT005517,CU01137,AG012,Chat,Delivery,2025-06-27 08:07:00,5.2,53.0,1
TKT005518,CU01655,AG012,Phone,Delivery,2025-01-17 10:57:00,2.7,26.7,2
TKT005519,CU03590,AG009,Email,Technical Issue,2025-12-14 17:03:00,65.4,11.6,4
TKT005520,CU00974,AG024,Chat,Billing,2025-11-28 09:14:00,1.0,43.9,3
TKT005521,CU03873,AG030,Chat,Technical Issue,2025-05-19 10:46:00,2.1,65.6,1
TKT005522,CU00176,AG018,Social Media,Account Access,2025-02-20 17:16:00,35.0,4.1,3
TKT005523,CU01064,AG037,Email,Product Inquiry,2025-07-12 16:35:00,305.5,4.5,4
TKT005524,CU02365,AG019,Chat,Billing,2025-10-20 11:09:00,1.5,2.6,4
TKT005525,CU02377,AG019,Chat,Technical Issue,2025-06-15 12:49:00,1.0,6.1,5
TKT005526,CU03640,AG003,Chat,Refund,2025-01-08 14:18:00,3.7,4.8,4
TKT005527,CU03840,AG037,Chat,Product Inquiry,2025-06-16 19:06:00,3.2,3.5,4
TKT005528,CU02712,AG006,Chat,Refund,2025-07-07 15:06:00,5.0,48.6,1
TKT005529,CU02639,AG007,Email,Technical Issue,2025-12-01 14:10:00,55.0,1.0,4
TKT005530,CU01269,AG038,Email,Account Access,2025-10-22 17:43:00,49.0,10.7,4
TKT005531,CU03223,AG021,Chat,Billing,2025-09-11 10:03:00,4.7,3.3,4
TKT005532,CU02572,AG003,Phone,Delivery,2025-05-28 12:35:00,1.0,4.5,4
TKT005533,CU00097,AG018,Web Form,Delivery,2025-12-12 15:39:00,28.2,67.9,4
TKT005534,CU03329,AG024,Chat,Refund,2025-03-26 11:19:00,2.1,1.7,3
TKT005535,CU01439,AG001,Email,Technical Issue,2025-05-01 13:36:00,67.4,11.2,5
TKT005536,CU01904,AG031,Chat,Product Inquiry,2025-11-05 08:17:00,2.2,0.8,5
TKT005537,CU01945,AG027,Chat,Technical Issue,2025-12-29 14:25:00,1.1,14.0,5
TKT005538,CU03279,AG001,Chat,Technical Issue,2025-10-25 15:01:00,4.1,11.0,4
TKT005539,CU01072,AG025,Web Form,Refund,2025-09-16 18:08:00,81.6,50.3,4
TKT005540,CU01568,AG009,Social Media,Billing,2025-12-09 07:06:00,104.7,10.1,3
TKT005541,CU00157,AG030,Email,Account Access,2025-02-17 19:01:00,115.2,5.3,5
TKT005542,CU01395,AG016,Chat,Billing,2025-09-02 07:20:00,1.1,14.9,2
TKT005543,CU00354,AG009,Email,Technical Issue,2025-05-31 16:15:00,130.0,42.6,3
TKT005544,CU02332,AG021,Chat,Technical Issue,2025-08-07 14:15:00,1.0,9.2,4
TKT005545,CU03573,AG018,Chat,Delivery,2025-04-01 11:00:00,5.7,0.5,4
TKT005546,CU01859,AG014,Email,Technical Issue,2025-06-28 20:47:00,166.9,6.5,2
TKT005547,CU03649,AG036,Chat,Product Inquiry,2025-03-27 12:56:00,1.2,10.8,5
TKT005548,CU03909,AG026,Chat,Refund,2025-08-23 02:44:00,4.7,6.1,3
TKT005549,CU00216,AG020,Chat,Refund,2025-12-06 13:10:00,1.9,7.8,4
TKT005550,CU02066,AG010,Email,Refund,2025-01-22 13:46:00,302.2,9.4,3
TKT005551,CU02114,AG023,Chat,Delivery,2025-12-17 16:15:00,4.2,1.9,5
TKT005552,CU01541,AG002,Social Media,Billing,2025-08-29 11:18:00,114.4,12.4,5
TKT005553,CU03322,AG036,Chat,Product Inquiry,2025-01-06 06:47:00,1.0,15.1,3
TKT005554,CU01580,AG001,Chat,Billing,2025-07-31 11:12:00,1.5,11.3,2
TKT005555,CU00221,AG028,Phone,Technical Issue,2025-02-20 14:59:00,28.8,10.4,1
TKT005556,CU02192,AG014,Email,Account Access,2025-10-20 14:51:00,103.4,7.1,5
TKT005557,CU00808,AG029,Social Media,Technical Issue,2025-04-12 18:37:00,78.1,43.3,4
TKT005558,CU01420,AG015,Email,Delivery,2025-01-21 09:30:00,108.0,67.7,2
TKT005559,CU02008,AG002,Web Form,Product Inquiry,2025-11-06 14:15:00,32.8,51.4,1
TKT005560,CU02892,AG038,Phone,Delivery,2025-07-15 22:39:00,5.9,8.0,4
TKT005561,CU01113,AG031,Email,Technical Issue,2025-08-12 10:27:00,67.0,3.6,5
TKT005562,CU01523,AG002,Phone,Technical Issue,2025-10-31 12:38:00,2.5,69.8,4
TKT005563,CU00272,AG002,Email,Billing,2025-07-26 23:03:00,165.9,34.0,2
TKT005564,CU01537,AG022,Web Form,Technical Issue,2025-10-18 08:22:00,47.9,30.7,2
TKT005565,CU02321,AG039,Chat,Account Access,2025-08-07 14:06:00,2.2,8.2,5
TKT005566,CU02468,AG024,Phone,Refund,2025-01-11 11:24:00,3.9,41.5,1
TKT005567,CU01173,AG001,Web Form,Delivery,2025-12-13 05:42:00,28.9,10.2,4
TKT005568,CU00244,AG028,Web Form,Delivery,2025-12-17 16:06:00,123.1,35.5,3
TKT005569,CU02310,AG018,Chat,Billing,2025-04-11 09:49:00,3.8,10.0,4
TKT005570,CU02622,AG026,Phone,Technical Issue,2025-08-26 19:49:00,2.4,3.5,3
TKT005571,CU00341,AG015,Social Media,Delivery,2025-02-15 12:16:00,117.0,14.9,4
TKT005572,CU02020,AG001,Chat,Billing,2025-04-14 08:11:00,1.5,4.0,5
TKT005573,CU00381,AG001,Phone,Billing,2025-08-10 09:44:00,7.3,7.8,4
TKT005574,CU01813,AG026,Email,Delivery,2025-05-07 18:45:00,224.5,2.1,5
TKT005575,CU02564,AG026,Web Form,Billing,2025-12-20 11:38:00,109.7,70.3,5
TKT005576,CU02878,AG013,Phone,Technical Issue,2025-01-29 09:08:00,2.4,41.5,5
TKT005577,CU02856,AG004,Web Form,Account Access,2025-09-17 09:30:00,26.1,68.3,3
TKT005578,CU03034,AG031,Chat,Billing,2025-08-12 14:15:00,1.0,5.8,4
TKT005579,CU00965,AG007,Phone,Delivery,2025-11-22 09:17:00,17.4,4.4,5
TKT005580,CU03386,AG008,Chat,Technical Issue,2025-10-23 20:34:00,3.3,3.7,4
TKT005581,CU01399,AG019,Email,Refund,2025-11-24 05:59:00,277.7,15.3,4
TKT005582,CU01500,AG029,Chat,Billing,2025-10-17 08:11:00,1.0,5.1,5
TKT005583,CU03151,AG040,Chat,Technical Issue,2025-03-22 12:14:00,2.8,6.5,4
TKT005584,CU01309,AG026,Email,Technical Issue,2025-06-05 09:14:00,54.3,48.2,4
TKT005585,CU00300,AG039,Email,Product Inquiry,2025-09-08 17:12:00,179.8,8.2,4
TKT005586,CU02858,AG027,Chat,Account Access,2025-12-31 20:56:00,2.0,12.0,3
TKT005587,CU02649,AG034,Chat,Delivery,2025-11-11 14:06:00,1.7,10.3,5
TKT005588,CU02328,AG008,Email,Refund,2025-08-26 18:11:00,103.9,1.4,5
TKT005589,CU00574,AG003,Social Media,Billing,2025-02-06 17:39:00,171.8,4.7,4
TKT005590,CU02528,AG027,Email,Account Access,2025-06-03 08:21:00,105.0,57.8,3
TKT005591,CU00794,AG040,Web Form,Delivery,2025-08-26 06:54:00,115.8,8.6,4
TKT005592,CU02223,AG030,Chat,Refund,2025-10-09 15:35:00,1.9,1.0,5
TKT005593,CU02032,AG014,Chat,Billing,2025-04-10 22:08:00,2.5,2.2,3
TKT005594,CU03091,AG020,Phone,Product Inquiry,2025-06-20 18:28:00,5.4,3.4,4
TKT005595,CU03907,AG005,Phone,Account Access,2025-10-27 14:06:00,5.2,9.5,5
TKT005596,CU00761,AG014,Chat,Refund,2025-11-01 07:25:00,2.3,50.7,2
TKT005597,CU00459,AG028,Email,Technical Issue,2025-03-23 17:54:00,457.4,3.3,5
TKT005598,CU02223,AG007,Email,Billing,2025-04-03 15:28:00,260.5,10.5,3
TKT005599,CU03808,AG020,Chat,Technical Issue,2025-05-17 20:39:00,1.0,8.8,4
TKT005600,CU00633,AG012,Phone,Product Inquiry,2025-08-23 16:23:00,3.6,69.1,2
TKT005601,CU01950,AG020,Chat,Technical Issue,2025-09-05 07:58:00,4.5,64.4,4
TKT005602,CU01630,AG031,Chat,Delivery,2025-10-05 14:35:00,1.3,0.7,5
TKT005603,CU01273,AG036,Email,Technical Issue,2025-07-22 11:42:00,140.4,6.1,5
TKT005604,CU02656,AG017,Chat,Technical Issue,2025-12-01 12:47:00,2.1,30.9,2
TKT005605,CU01182,AG034,Phone,Billing,2025-02-13 15:46:00,9.6,13.2,3
TKT005606,CU01973,AG029,Phone,Refund,2025-07-11 19:56:00,2.2,29.3,4
TKT005607,CU03382,AG037,Chat,Technical Issue,2025-03-24 16:27:00,1.2,2.3,4
TKT005608,CU01519,AG030,Email,Refund,2025-07-16 02:09:00,184.9,39.4,1
TKT005609,CU00085,AG023,Phone,Refund,2025-11-20 08:14:00,4.8,68.8,4
TKT005610,CU03540,AG027,Chat,Product Inquiry,2025-11-20 11:14:00,2.7,19.7,1
TKT005611,CU01099,AG013,Email,Delivery,2025-12-27 15:34:00,167.1,9.8,5
TKT005612,CU03092,AG027,Email,Delivery,2025-06-28 15:05:00,131.2,15.0,3
TKT005613,CU03052,AG029,Chat,Account Access,2025-09-11 13:21:00,2.7,1.2,4
TKT005614,CU02106,AG025,Chat,Technical Issue,2025-06-24 12:43:00,2.2,3.9,4
TKT005615,CU00352,AG005,Social Media,Account Access,2025-01-04 17:28:00,78.5,27.8,4
TKT005616,CU03801,AG021,Email,Refund,2025-04-14 07:20:00,135.2,38.6,3
TKT005617,CU02724,AG029,Email,Technical Issue,2025-09-29 14:30:00,104.0,53.6,3
TKT005618,CU01698,AG008,Phone,Technical Issue,2025-01-20 17:07:00,2.7,13.3,5
TKT005619,CU03416,AG032,Phone,Account Access,2025-08-23 10:01:00,5.4,5.7,1
TKT005620,CU03153,AG034,Web Form,Refund,2025-06-17 09:43:00,26.8,3.1,3
TKT005621,CU03042,AG022,Web Form,Billing,2025-05-31 15:36:00,80.3,1.8,5
TKT005622,CU00672,AG039,Social Media,Refund,2025-09-26 08:41:00,77.8,12.7,3
TKT005623,CU02532,AG035,Phone,Billing,2025-03-25 13:21:00,3.8,37.7,3
TKT005624,CU01144,AG019,Chat,Billing,2025-04-05 20:13:00,1.8,23.9,3
TKT005625,CU00314,AG036,Chat,Product Inquiry,2025-03-02 06:48:00,2.6,1.4,4
TKT005626,CU01353,AG038,Phone,Billing,2025-02-09 19:43:00,9.0,6.2,4
TKT005627,CU00417,AG005,Email,Account Access,2025-01-31 08:03:00,377.5,5.9,4
TKT005628,CU00424,AG040,Web Form,Product Inquiry,2025-02-07 13:58:00,97.9,16.9,5
TKT005629,CU02909,AG001,Phone,Technical Issue,2025-08-22 08:33:00,4.2,3.8,5
TKT005630,CU02008,AG020,Chat,Technical Issue,2025-04-20 16:17:00,3.1,5.8,5
TKT005631,CU01592,AG038,Email,Product Inquiry,2025-05-04 23:21:00,46.0,11.2,5
TKT005632,CU00770,AG029,Chat,Account Access,2025-10-02 10:32:00,2.8,11.0,5
TKT005633,CU03084,AG011,Chat,Product Inquiry,2025-07-09 20:05:00,2.5,0.9,4
TKT005634,CU02537,AG026,Phone,Refund,2025-01-29 16:04:00,1.7,6.3,5
TKT005635,CU02343,AG009,Social Media,Account Access,2025-07-11 21:24:00,65.4,4.0,4
TKT005636,CU00761,AG010,Phone,Account Access,2025-08-30 15:57:00,4.7,5.0,4
TKT005637,CU00495,AG037,Email,Account Access,2025-08-10 15:24:00,172.7,11.4,4
TKT005638,CU00495,AG002,Web Form,Technical Issue,2025-11-13 20:51:00,93.1,8.9,5
TKT005639,CU00101,AG039,Chat,Billing,2025-08-06 16:45:00,5.0,7.1,4
TKT005640,CU03877,AG019,Email,Refund,2025-10-24 18:50:00,129.0,6.0,4
TKT005641,CU01471,AG003,Web Form,Product Inquiry,2025-07-09 10:09:00,29.4,2.9,4
TKT005642,CU02633,AG032,Chat,Product Inquiry,2025-08-21 08:59:00,3.1,12.2,5
TKT005643,CU03929,AG002,Phone,Product Inquiry,2025-02-26 15:49:00,8.1,3.8,5
TKT005644,CU03746,AG014,Web Form,Technical Issue,2025-12-29 09:51:00,110.4,51.1,2
TKT005645,CU01283,AG010,Chat,Account Access,2025-01-10 12:02:00,2.6,4.4,4
TKT005646,CU01960,AG032,Web Form,Technical Issue,2025-12-20 18:15:00,165.2,2.8,5
TKT005647,CU01853,AG016,Email,Delivery,2025-07-30 15:30:00,120.4,2.0,3
TKT005648,CU00134,AG027,Social Media,Product Inquiry,2025-05-04 20:37:00,216.9,17.8,4
TKT005649,CU03074,AG003,Chat,Refund,2025-06-04 11:38:00,1.1,3.5,3
TKT005650,CU02298,AG028,Chat,Refund,2025-01-28 10:58:00,1.0,0.7,4
TKT005651,CU01486,AG029,Email,Billing,2025-05-30 09:00:00,73.3,8.7,5
TKT005652,CU02234,AG012,Email,Account Access,2025-01-26 22:15:00,102.1,17.7,3
TKT005653,CU02942,AG036,Chat,Billing,2025-06-06 12:04:00,2.0,18.2,4
TKT005654,CU00060,AG019,Email,Account Access,2025-02-19 20:31:00,83.8,64.0,3
TKT005655,CU02585,AG027,Chat,Billing,2025-02-11 10:16:00,2.1,9.9,5
TKT005656,CU03445,AG008,Chat,Refund,2025-09-18 10:37:00,2.9,3.9,5
TKT005657,CU02906,AG038,Phone,Billing,2025-03-07 17:22:00,4.9,23.9,5
TKT005658,CU02480,AG010,Email,Delivery,2025-05-03 14:15:00,129.8,4.1,4
TKT005659,CU00363,AG026,Chat,Refund,2025-08-30 13:20:00,3.9,2.8,4
TKT005660,CU02979,AG004,Chat,Billing,2025-07-04 12:37:00,1.3,11.6,2
TKT005661,CU03003,AG002,Phone,Delivery,2025-07-07 12:58:00,3.5,12.8,4
TKT005662,CU01976,AG006,Web Form,Refund,2025-06-11 18:10:00,40.6,5.3,3
TKT005663,CU02331,AG038,Web Form,Product Inquiry,2025-08-11 08:10:00,78.8,10.0,5
TKT005664,CU02474,AG009,Email,Technical Issue,2025-08-27 05:57:00,110.8,6.0,5
TKT005665,CU00485,AG036,Phone,Delivery,2025-02-17 00:53:00,5.0,0.4,4
TKT005666,CU01030,AG024,Email,Billing,2025-12-18 13:53:00,219.3,29.2,3
TKT005667,CU03170,AG004,Email,Billing,2025-10-25 17:56:00,105.9,1.7,3
TKT005668,CU03896,AG018,Chat,Technical Issue,2025-06-04 15:12:00,1.0,64.2,3
TKT005669,CU01081,AG020,Web Form,Account Access,2025-05-17 22:10:00,48.6,7.7,5
TKT005670,CU01603,AG011,Chat,Billing,2025-09-22 14:39:00,1.3,5.6,4
TKT005671,CU03662,AG025,Chat,Delivery,2025-08-12 13:45:00,1.4,0.7,4
TKT005672,CU00650,AG035,Chat,Billing,2025-10-21 14:49:00,1.0,4.9,5
TKT005673,CU01045,AG036,Chat,Technical Issue,2025-06-19 19:59:00,1.0,35.4,2
TKT005674,CU00224,AG022,Chat,Delivery,2025-06-11 01:53:00,3.1,15.3,5
TKT005675,CU00940,AG036,Web Form,Technical Issue,2025-06-20 12:14:00,32.8,6.3,4
TKT005676,CU02545,AG037,Chat,Technical Issue,2025-04-18 11:17:00,3.8,1.0,3
TKT005677,CU01393,AG004,Chat,Technical Issue,2025-10-12 21:30:00,1.3,4.3,4
TKT005678,CU03934,AG026,Email,Billing,2025-10-18 08:17:00,182.9,27.9,4
TKT005679,CU03567,AG031,Email,Account Access,2025-02-10 03:45:00,121.8,29.4,5
TKT005680,CU03584,AG001,Email,Refund,2025-02-04 15:49:00,200.1,16.1,5
TKT005681,CU02906,AG025,Phone,Delivery,2025-01-28 15:44:00,3.5,5.5,5
TKT005682,CU02809,AG037,Email,Technical Issue,2025-05-01 10:00:00,157.4,14.9,5
TKT005683,CU02039,AG011,Chat,Technical Issue,2025-02-06 13:49:00,3.9,3.7,4
TKT005684,CU03963,AG035,Email,Refund,2025-07-27 14:17:00,181.4,2.4,4
TKT005685,CU00382,AG038,Phone,Technical Issue,2025-12-30 11:20:00,2.7,4.0,4
TKT005686,CU02892,AG026,Chat,Technical Issue,2025-09-15 12:33:00,1.0,9.7,4
TKT005687,CU00562,AG026,Email,Technical Issue,2025-12-05 08:07:00,131.9,8.1,2
TKT005688,CU01358,AG022,Web Form,Delivery,2025-02-24 17:43:00,69.7,11.6,5
TKT005689,CU01023,AG017,Chat,Delivery,2025-09-13 11:40:00,2.2,12.6,4
TKT005690,CU02405,AG019,Chat,Billing,2025-09-23 15:26:00,1.2,5.0,4
TKT005691,CU03149,AG021,Chat,Technical Issue,2025-06-13 12:20:00,2.2,55.6,3
TKT005692,CU00320,AG020,Social Media,Refund,2025-09-30 08:17:00,129.4,1.4,5
TKT005693,CU02407,AG034,Chat,Technical Issue,2025-02-01 16:38:00,4.3,14.0,4
TKT005694,CU00887,AG031,Chat,Billing,2025-08-13 12:59:00,1.8,7.4,5
TKT005695,CU00308,AG014,Phone,Refund,2025-10-27 08:28:00,15.5,17.0,2
TKT005696,CU01671,AG021,Phone,Technical Issue,2025-05-24 20:58:00,8.9,6.1,5
TKT005697,CU02326,AG009,Web Form,Billing,2025-03-11 19:27:00,60.3,8.1,4
TKT005698,CU00808,AG008,Email,Delivery,2025-01-04 16:00:00,161.7,10.4,4
TKT005699,CU01560,AG015,Web Form,Delivery,2025-04-10 14:52:00,118.1,6.8,4
TKT005700,CU03815,AG003,Email,Billing,2025-10-27 15:21:00,82.4,3.9,3
TKT005701,CU01388,AG035,Chat,Billing,2025-11-03 11:38:00,1.3,14.1,1
TKT005702,CU03983,AG006,Web Form,Billing,2025-08-14 09:28:00,27.1,5.3,5
TKT005703,CU03337,AG014,Chat,Account Access,2025-04-04 14:37:00,1.7,9.4,2
TKT005704,CU01484,AG011,Chat,Billing,2025-04-05 16:45:00,1.2,2.7,5
TKT005705,CU02308,AG009,Chat,Technical Issue,2025-11-05 13:58:00,1.6,6.4,4
TKT005706,CU02837,AG015,Email,Billing,2025-08-02 19:57:00,137.4,57.3,3
TKT005707,CU01859,AG029,Social Media,Account Access,2025-10-14 11:16:00,42.2,62.3,3
TKT005708,CU01632,AG036,Email,Billing,2025-05-16 11:01:00,296.8,7.6,5
TKT005709,CU01319,AG008,Social Media,Account Access,2025-11-02 12:41:00,173.4,35.0,2
TKT005710,CU00559,AG010,Phone,Delivery,2025-06-21 16:12:00,3.1,8.4,5
TKT005711,CU00100,AG019,Chat,Product Inquiry,2025-09-04 03:21:00,4.5,55.4,2
TKT005712,CU01348,AG013,Email,Delivery,2025-11-07 11:45:00,173.3,62.4,1
TKT005713,CU03183,AG032,Social Media,Delivery,2025-05-09 16:35:00,164.7,11.5,4
TKT005714,CU00934,AG009,Chat,Technical Issue,2025-10-15 14:35:00,1.0,1.6,5
TKT005715,CU00719,AG017,Chat,Delivery,2025-08-27 10:49:00,1.7,51.1,1
TKT005716,CU01313,AG022,Chat,Account Access,2025-07-01 15:37:00,2.8,9.5,3
TKT005717,CU02396,AG016,Chat,Refund,2025-10-30 19:55:00,1.8,2.8,4
TKT005718,CU00861,AG025,Chat,Product Inquiry,2025-06-10 13:11:00,1.8,6.7,5
TKT005719,CU00882,AG032,Chat,Technical Issue,2025-10-01 16:25:00,1.9,5.8,5
TKT005720,CU00450,AG022,Email,Product Inquiry,2025-01-28 09:26:00,171.9,2.0,4
TKT005721,CU01329,AG019,Phone,Delivery,2025-11-11 12:49:00,4.3,4.0,4
TKT005722,CU00870,AG039,Chat,Delivery,2025-12-19 10:50:00,4.7,4.6,5
TKT005723,CU03325,AG040,Chat,Account Access,2025-12-25 23:20:00,1.2,12.0,3
TKT005724,CU03624,AG040,Email,Billing,2025-11-05 09:55:00,147.5,61.2,2
TKT005725,CU01483,AG001,Chat,Refund,2025-09-09 20:39:00,2.9,9.3,5
TKT005726,CU00341,AG034,Social Media,Technical Issue,2025-09-28 11:14:00,45.4,9.1,4
TKT005727,CU00350,AG036,Web Form,Account Access,2025-12-05 13:52:00,45.5,38.3,1
TKT005728,CU01300,AG033,Phone,Technical Issue,2025-09-24 13:10:00,4.4,2.5,4
TKT005729,CU01854,AG030,Social Media,Technical Issue,2025-04-10 09:41:00,205.7,37.5,3
TKT005730,CU02114,AG015,Web Form,Delivery,2025-02-28 09:55:00,59.3,12.1,4
TKT005731,CU01217,AG030,Phone,Delivery,2025-12-22 11:42:00,6.1,5.8,4
TKT005732,CU01419,AG024,Chat,Refund,2025-02-20 16:30:00,3.1,6.5,4
TKT005733,CU01135,AG034,Email,Delivery,2025-11-29 16:50:00,30.8,27.0,4
TKT005734,CU02071,AG015,Chat,Delivery,2025-12-08 23:11:00,2.1,57.6,5
TKT005735,CU02788,AG030,Phone,Product Inquiry,2025-01-16 07:15:00,3.1,13.0,5
TKT005736,CU00174,AG032,Email,Account Access,2025-10-22 16:38:00,320.0,15.0,4
TKT005737,CU01915,AG034,Phone,Delivery,2025-08-04 09:44:00,5.9,5.3,5
TKT005738,CU02595,AG007,Chat,Refund,2025-05-23 13:16:00,3.2,23.9,3
TKT005739,CU02691,AG035,Email,Delivery,2025-07-03 09:38:00,186.3,65.0,5
TKT005740,CU02254,AG009,Chat,Delivery,2025-06-06 20:47:00,2.1,13.6,4
TKT005741,CU02101,AG038,Chat,Account Access,2025-10-25 13:32:00,3.2,7.6,5
TKT005742,CU02724,AG002,Social Media,Account Access,2025-05-31 12:09:00,89.0,45.3,2
TKT005743,CU01514,AG009,Phone,Delivery,2025-02-16 10:58:00,8.1,9.2,2
TKT005744,CU02270,AG025,Phone,Delivery,2025-05-25 12:21:00,2.2,2.3,5
TKT005745,CU01278,AG022,Email,Account Access,2025-07-12 07:24:00,247.8,30.8,2
TKT005746,CU01752,AG028,Email,Technical Issue,2025-06-14 15:34:00,114.7,44.1,2
TKT005747,CU00497,AG017,Chat,Technical Issue,2025-07-02 14:14:00,2.9,6.3,1
TKT005748,CU01401,AG001,Chat,Account Access,2025-12-27 07:04:00,1.0,3.9,4
TKT005749,CU00569,AG025,Chat,Technical Issue,2025-05-25 07:50:00,2.3,53.9,1
TKT005750,CU00906,AG021,Social Media,Billing,2025-10-26 10:45:00,82.8,43.3,4
TKT005751,CU01678,AG021,Phone,Technical Issue,2025-12-29 12:11:00,3.9,36.5,4
TKT005752,CU02001,AG016,Web Form,Technical Issue,2025-10-31 09:30:00,20.8,46.4,3
TKT005753,CU03768,AG036,Chat,Refund,2025-07-16 08:44:00,2.0,1.0,5
TKT005754,CU00105,AG032,Phone,Account Access,2025-12-28 07:59:00,4.3,63.3,5
TKT005755,CU03595,AG008,Chat,Refund,2025-05-31 10:55:00,1.0,3.8,4
TKT005756,CU01313,AG002,Chat,Technical Issue,2025-04-12 15:03:00,1.1,10.8,3
TKT005757,CU02897,AG008,Email,Billing,2025-11-09 15:49:00,152.7,3.5,4
TKT005758,CU02712,AG002,Social Media,Technical Issue,2025-12-02 10:08:00,112.6,5.0,4
TKT005759,CU03884,AG029,Social Media,Technical Issue,2025-02-20 12:37:00,87.5,8.7,5
TKT005760,CU00435,AG025,Email,Technical Issue,2025-04-27 15:35:00,143.5,29.8,5
TKT005761,CU03869,AG019,Social Media,Account Access,2025-04-15 11:55:00,91.3,0.3,4
TKT005762,CU00252,AG024,Email,Technical Issue,2025-10-27 22:34:00,103.7,60.7,1
TKT005763,CU03510,AG033,Email,Refund,2025-04-12 15:29:00,126.9,5.4,5
TKT005764,CU02609,AG034,Email,Account Access,2025-08-31 14:36:00,64.8,45.8,3
TKT005765,CU01928,AG018,Phone,Technical Issue,2025-12-07 13:04:00,2.9,53.7,3
TKT005766,CU01592,AG024,Chat,Refund,2025-11-29 13:01:00,2.0,8.5,5
TKT005767,CU00375,AG024,Social Media,Account Access,2025-11-18 10:44:00,177.6,7.3,5
TKT005768,CU03208,AG038,Email,Billing,2025-07-13 06:29:00,130.9,24.7,3
TKT005769,CU02912,AG031,Chat,Account Access,2025-08-10 18:43:00,6.2,10.8,5
TKT005770,CU03750,AG013,Social Media,Delivery,2025-09-22 19:29:00,260.2,3.2,5
TKT005771,CU02922,AG036,Social Media,Account Access,2025-04-27 21:51:00,93.5,13.2,4
TKT005772,CU03829,AG016,Email,Product Inquiry,2025-07-02 11:18:00,111.5,11.0,5
TKT005773,CU03548,AG031,Email,Billing,2025-06-20 20:24:00,486.9,4.9,4
TKT005774,CU01703,AG040,Chat,Billing,2025-10-20 16:15:00,3.0,5.9,5
TKT005775,CU02815,AG033,Email,Refund,2025-07-28 12:08:00,178.2,36.2,2
TKT005776,CU01058,AG005,Chat,Delivery,2025-06-12 20:07:00,1.3,5.9,5
TKT005777,CU03181,AG009,Chat,Product Inquiry,2025-07-17 21:06:00,1.6,7.9,5
TKT005778,CU02435,AG032,Chat,Refund,2025-03-04 13:05:00,1.2,58.5,1
TKT005779,CU01762,AG005,Email,Account Access,2025-04-04 17:20:00,317.4,42.7,1
TKT005780,CU02513,AG001,Chat,Delivery,2025-10-20 17:26:00,2.6,1.8,5
TKT005781,CU01109,AG011,Web Form,Billing,2025-02-17 14:47:00,46.4,3.4,5
TKT005782,CU02490,AG020,Chat,Technical Issue,2025-09-07 12:49:00,1.5,7.6,5
TKT005783,CU01900,AG006,Social Media,Billing,2025-11-28 08:31:00,52.2,54.5,4
TKT005784,CU01288,AG007,Email,Billing,2025-09-07 23:35:00,134.7,50.1,2
TKT005785,CU03903,AG014,Phone,Delivery,2025-08-22 06:10:00,4.4,14.4,4
TKT005786,CU00256,AG024,Email,Delivery,2025-09-19 08:15:00,40.0,6.8,5
TKT005787,CU03031,AG022,Email,Product Inquiry,2025-02-22 11:14:00,82.4,35.2,4
TKT005788,CU00841,AG032,Email,Technical Issue,2025-02-20 11:29:00,96.5,6.0,4
TKT005789,CU00891,AG040,Chat,Billing,2025-12-28 09:20:00,3.6,25.6,4
TKT005790,CU00618,AG002,Email,Billing,2025-06-05 06:12:00,103.2,8.0,5
TKT005791,CU00410,AG028,Email,Account Access,2025-05-31 19:28:00,52.2,3.4,5
TKT005792,CU00496,AG007,Chat,Technical Issue,2025-02-27 13:07:00,1.1,28.1,3
TKT005793,CU03331,AG015,Email,Account Access,2025-09-25 21:50:00,361.4,65.8,1
TKT005794,CU03706,AG014,Chat,Delivery,2025-01-13 19:45:00,1.6,8.5,4
TKT005795,CU02340,AG029,Email,Billing,2025-03-06 13:59:00,79.1,65.5,4
TKT005796,CU00056,AG011,Phone,Delivery,2025-03-23 11:16:00,1.6,17.7,4
TKT005797,CU03458,AG036,Chat,Technical Issue,2025-12-07 09:35:00,2.0,7.3,4
TKT005798,CU02408,AG016,Phone,Billing,2025-12-13 23:48:00,4.3,13.1,4
TKT005799,CU02084,AG033,Email,Product Inquiry,2025-01-29 14:23:00,178.4,3.1,5
TKT005800,CU03790,AG039,Phone,Technical Issue,2025-02-20 18:56:00,17.9,57.5,4
TKT005801,CU01640,AG021,Email,Billing,2025-12-15 22:11:00,70.9,55.8,1
TKT005802,CU01441,AG005,Web Form,Product Inquiry,2025-08-20 09:10:00,44.9,20.0,4
TKT005803,CU03120,AG029,Email,Technical Issue,2025-09-23 20:30:00,164.4,10.5,3
TKT005804,CU02109,AG017,Phone,Billing,2025-07-27 17:21:00,3.1,45.9,4
TKT005805,CU02868,AG014,Email,Billing,2025-03-24 12:36:00,44.9,39.9,5
TKT005806,CU02784,AG019,Email,Delivery,2025-09-24 20:51:00,185.5,63.2,1
TKT005807,CU03358,AG012,Chat,Delivery,2025-03-08 14:19:00,1.4,5.4,4
TKT005808,CU01269,AG012,Phone,Delivery,2025-01-11 11:44:00,2.2,17.9,5
TKT005809,CU00289,AG040,Social Media,Product Inquiry,2025-11-02 08:19:00,55.1,32.1,1
TKT005810,CU01911,AG012,Web Form,Billing,2025-05-19 16:02:00,129.1,9.6,5
TKT005811,CU02591,AG019,Chat,Account Access,2025-01-15 17:49:00,4.1,3.3,5
TKT005812,CU03269,AG029,Chat,Product Inquiry,2025-06-08 09:31:00,1.1,13.7,3
TKT005813,CU01069,AG009,Chat,Technical Issue,2025-02-11 11:39:00,1.0,6.9,4
TKT005814,CU02982,AG025,Phone,Product Inquiry,2025-06-21 05:22:00,6.6,4.7,5
TKT005815,CU03329,AG036,Email,Product Inquiry,2025-09-03 14:27:00,434.3,7.0,5
TKT005816,CU03234,AG033,Social Media,Product Inquiry,2025-05-04 14:49:00,324.7,1.3,5
TKT005817,CU03233,AG002,Email,Technical Issue,2025-01-29 18:33:00,64.3,53.3,3
TKT005818,CU03950,AG017,Phone,Account Access,2025-11-21 03:08:00,8.4,71.1,2
TKT005819,CU02645,AG001,Web Form,Refund,2025-07-17 07:30:00,54.8,10.2,5
TKT005820,CU01482,AG025,Chat,Billing,2025-01-09 03:08:00,1.0,54.6,1
TKT005821,CU01746,AG014,Email,Account Access,2025-07-29 20:10:00,87.3,4.7,4
TKT005822,CU02989,AG036,Phone,Technical Issue,2025-12-04 13:59:00,2.6,2.1,4
TKT005823,CU00947,AG008,Email,Technical Issue,2025-01-07 09:52:00,181.8,8.0,5
TKT005824,CU02412,AG035,Email,Refund,2025-10-15 02:52:00,66.0,2.7,4
TKT005825,CU02291,AG014,Web Form,Product Inquiry,2025-05-18 07:05:00,92.4,2.1,5
TKT005826,CU02667,AG037,Email,Technical Issue,2025-09-16 16:59:00,181.8,7.4,5
TKT005827,CU01686,AG008,Email,Technical Issue,2025-01-11 13:12:00,245.3,9.2,4
TKT005828,CU02960,AG011,Phone,Account Access,2025-11-28 16:10:00,2.8,7.0,5
TKT005829,CU00286,AG015,Email,Technical Issue,2025-12-19 09:33:00,174.1,42.3,3
TKT005830,CU02999,AG040,Chat,Delivery,2025-07-20 12:22:00,1.1,10.4,5
TKT005831,CU03248,AG030,Email,Delivery,2025-03-20 15:27:00,203.1,63.9,3
TKT005832,CU03543,AG033,Email,Billing,2025-02-25 09:51:00,122.9,43.0,1
TKT005833,CU03692,AG023,Phone,Delivery,2025-09-09 10:35:00,3.7,28.7,1
TKT005834,CU01398,AG032,Phone,Technical Issue,2025-10-17 08:17:00,3.9,7.7,3
TKT005835,CU00186,AG026,Social Media,Billing,2025-09-03 16:55:00,34.5,7.3,2
TKT005836,CU02614,AG027,Chat,Refund,2025-06-30 14:42:00,3.8,53.2,2
TKT005837,CU00361,AG034,Chat,Technical Issue,2025-10-09 12:17:00,2.1,9.1,5
TKT005838,CU01122,AG040,Email,Billing,2025-09-27 14:03:00,270.0,4.5,4
TKT005839,CU02810,AG024,Web Form,Delivery,2025-05-03 08:09:00,101.8,3.7,4
TKT005840,CU02379,AG018,Email,Technical Issue,2025-10-11 17:12:00,89.5,3.0,4
TKT005841,CU02427,AG027,Email,Account Access,2025-03-09 16:07:00,120.7,3.5,5
TKT005842,CU03005,AG030,Web Form,Refund,2025-10-27 08:55:00,23.4,6.0,4
TKT005843,CU00659,AG040,Chat,Technical Issue,2025-07-13 19:03:00,3.9,37.1,4
TKT005844,CU03165,AG028,Web Form,Billing,2025-09-30 11:56:00,65.8,7.6,5
TKT005845,CU02347,AG039,Email,Technical Issue,2025-09-11 12:47:00,156.4,36.7,2
TKT005846,CU01681,AG030,Email,Delivery,2025-02-05 13:04:00,120.3,11.4,4
TKT005847,CU01855,AG039,Web Form,Billing,2025-10-03 17:27:00,32.3,14.4,5
TKT005848,CU02035,AG031,Email,Refund,2025-10-14 08:00:00,283.5,5.3,5
TKT005849,CU02202,AG036,Email,Technical Issue,2025-01-18 09:15:00,421.9,8.7,4
TKT005850,CU01336,AG008,Phone,Refund,2025-03-24 20:16:00,8.3,45.9,2
TKT005851,CU00893,AG040,Chat,Refund,2025-10-02 20:40:00,1.8,2.4,5
TKT005852,CU00677,AG014,Web Form,Delivery,2025-05-12 17:11:00,68.2,2.3,1
TKT005853,CU01363,AG032,Chat,Delivery,2025-02-11 08:46:00,3.6,2.4,4
TKT005854,CU01043,AG016,Chat,Technical Issue,2025-11-08 14:42:00,2.1,2.2,3
TKT005855,CU02065,AG019,Phone,Billing,2025-07-11 12:56:00,11.7,9.4,3
TKT005856,CU03649,AG030,Phone,Billing,2025-05-24 06:33:00,7.9,0.8,4
TKT005857,CU00433,AG022,Web Form,Technical Issue,2025-07-22 06:23:00,254.5,23.6,5
TKT005858,CU01236,AG029,Email,Account Access,2025-05-26 18:43:00,155.8,7.8,3
TKT005859,CU00197,AG004,Chat,Delivery,2025-02-16 07:41:00,1.0,10.0,4
TKT005860,CU03900,AG034,Social Media,Account Access,2025-07-25 10:12:00,93.6,2.6,4
TKT005861,CU02804,AG017,Chat,Product Inquiry,2025-12-18 08:16:00,1.6,4.9,1
TKT005862,CU00966,AG032,Chat,Delivery,2025-12-14 14:38:00,2.2,10.5,3
TKT005863,CU01657,AG012,Email,Billing,2025-08-21 16:51:00,373.3,11.7,4
TKT005864,CU02893,AG024,Social Media,Billing,2025-03-01 09:31:00,66.8,7.6,3
TKT005865,CU03831,AG024,Chat,Account Access,2025-03-23 17:54:00,1.3,3.8,4
TKT005866,CU02296,AG006,Phone,Billing,2025-04-26 08:32:00,2.8,66.9,3
TKT005867,CU01084,AG019,Email,Technical Issue,2025-01-19 11:37:00,457.8,51.4,2
TKT005868,CU02788,AG026,Phone,Account Access,2025-02-21 09:21:00,3.1,63.4,3
TKT005869,CU02743,AG034,Web Form,Delivery,2025-10-10 12:39:00,63.4,54.2,2
TKT005870,CU02576,AG036,Phone,Billing,2025-06-06 22:04:00,11.0,8.5,3
TKT005871,CU00184,AG016,Email,Billing,2025-11-04 16:39:00,201.7,4.3,3
TKT005872,CU02827,AG026,Email,Technical Issue,2025-01-23 09:24:00,40.5,6.3,4
TKT005873,CU00079,AG007,Phone,Billing,2025-02-03 21:35:00,3.1,26.3,3
TKT005874,CU03623,AG036,Chat,Technical Issue,2025-09-09 15:59:00,1.4,6.5,5
TKT005875,CU03528,AG035,Phone,Delivery,2025-04-04 12:26:00,1.5,11.2,5
TKT005876,CU02254,AG040,Email,Delivery,2025-03-24 20:40:00,107.7,4.0,2
TKT005877,CU02585,AG020,Email,Billing,2025-08-23 17:44:00,31.3,27.5,1
TKT005878,CU00272,AG015,Social Media,Product Inquiry,2025-11-30 16:10:00,107.6,6.1,3
TKT005879,CU03498,AG031,Email,Delivery,2025-06-02 09:58:00,140.6,8.8,4
TKT005880,CU01084,AG029,Chat,Technical Issue,2025-10-06 08:33:00,1.4,9.4,5
TKT005881,CU01049,AG009,Email,Refund,2025-05-06 18:44:00,51.8,1.9,3
TKT005882,CU02833,AG022,Email,Delivery,2025-11-03 15:07:00,301.5,10.7,5
TKT005883,CU03756,AG026,Phone,Account Access,2025-06-04 17:18:00,2.9,6.0,4
TKT005884,CU01977,AG019,Chat,Technical Issue,2025-02-25 17:56:00,3.7,9.7,4
TKT005885,CU02031,AG015,Chat,Refund,2025-07-04 19:30:00,1.9,24.5,1
TKT005886,CU02195,AG010,Web Form,Technical Issue,2025-04-17 11:01:00,122.7,8.8,4
TKT005887,CU01165,AG017,Chat,Billing,2025-03-09 11:35:00,2.8,3.5,5
TKT005888,CU02387,AG010,Phone,Refund,2025-03-09 09:51:00,4.3,7.1,3
TKT005889,CU03844,AG013,Chat,Refund,2025-05-22 07:04:00,1.3,8.2,3
TKT005890,CU01531,AG008,Email,Delivery,2025-01-04 13:11:00,286.0,19.3,4
TKT005891,CU03093,AG016,Chat,Technical Issue,2025-01-26 13:29:00,1.8,71.3,3
TKT005892,CU03096,AG026,Web Form,Billing,2025-08-04 07:24:00,35.1,6.3,4
TKT005893,CU03404,AG016,Email,Refund,2025-01-03 14:06:00,128.4,2.5,5
TKT005894,CU02895,AG006,Chat,Delivery,2025-10-09 11:11:00,1.9,5.5,3
TKT005895,CU03686,AG033,Web Form,Refund,2025-12-22 12:30:00,89.0,26.2,4
TKT005896,CU02858,AG018,Chat,Technical Issue,2025-03-09 13:35:00,1.0,9.5,5
TKT005897,CU03905,AG024,Email,Product Inquiry,2025-01-21 10:05:00,519.2,8.5,5
TKT005898,CU02862,AG021,Chat,Technical Issue,2025-03-18 15:43:00,2.6,10.5,5
TKT005899,CU03348,AG021,Web Form,Billing,2025-01-16 13:21:00,54.5,45.2,2
TKT005900,CU03562,AG018,Web Form,Refund,2025-04-09 12:59:00,70.2,1.7,4
TKT005901,CU03934,AG031,Web Form,Billing,2025-11-21 11:57:00,23.7,4.8,5
TKT005902,CU02382,AG035,Email,Delivery,2025-10-27 02:37:00,149.9,6.6,5
TKT005903,CU02841,AG037,Web Form,Account Access,2025-12-23 17:00:00,78.7,16.7,4
TKT005904,CU03869,AG018,Social Media,Refund,2025-10-24 21:07:00,76.5,30.9,2
TKT005905,CU01521,AG014,Chat,Technical Issue,2025-11-05 08:16:00,2.7,3.4,1
TKT005906,CU00477,AG004,Email,Technical Issue,2025-08-05 10:26:00,216.6,5.9,5
TKT005907,CU03538,AG018,Phone,Delivery,2025-02-20 18:22:00,2.7,1.9,2
TKT005908,CU02528,AG040,Phone,Refund,2025-10-08 16:46:00,7.9,1.4,5
TKT005909,CU01714,AG011,Web Form,Product Inquiry,2025-08-22 10:35:00,53.2,11.5,5
TKT005910,CU02868,AG034,Social Media,Billing,2025-12-18 15:17:00,256.8,1.4,1
TKT005911,CU00131,AG031,Phone,Delivery,2025-09-12 20:57:00,8.2,11.2,4
TKT005912,CU01909,AG027,Phone,Billing,2025-07-19 09:53:00,5.0,11.1,5
TKT005913,CU01062,AG023,Chat,Billing,2025-10-09 15:38:00,1.3,3.3,5
TKT005914,CU01153,AG031,Chat,Technical Issue,2025-08-28 17:13:00,1.9,2.9,4
TKT005915,CU03878,AG004,Email,Technical Issue,2025-02-11 07:53:00,243.7,5.0,4
TKT005916,CU02201,AG006,Chat,Technical Issue,2025-08-12 20:43:00,1.5,6.3,5
TKT005917,CU00562,AG008,Phone,Technical Issue,2025-05-23 21:09:00,5.1,64.2,3
TKT005918,CU01459,AG031,Social Media,Billing,2025-03-01 16:10:00,121.6,4.2,2
TKT005919,CU00971,AG018,Chat,Refund,2025-04-11 13:17:00,1.9,1.0,3
TKT005920,CU03637,AG009,Chat,Technical Issue,2025-11-01 14:37:00,1.3,6.9,4
TKT005921,CU01166,AG002,Phone,Refund,2025-08-27 15:53:00,9.6,44.5,3
TKT005922,CU01428,AG020,Chat,Refund,2025-01-22 08:08:00,2.6,5.6,4
TKT005923,CU01337,AG016,Social Media,Billing,2025-05-06 10:00:00,76.2,4.4,4
TKT005924,CU00703,AG008,Phone,Delivery,2025-09-08 07:40:00,2.6,15.3,4
TKT005925,CU03121,AG001,Chat,Billing,2025-07-05 11:27:00,3.3,3.2,5
TKT005926,CU02306,AG031,Email,Technical Issue,2025-10-11 16:04:00,134.8,6.2,5
TKT005927,CU01748,AG032,Chat,Delivery,2025-08-17 19:27:00,3.4,13.3,4
TKT005928,CU01584,AG010,Social Media,Account Access,2025-01-14 11:02:00,54.2,7.2,4
TKT005929,CU02667,AG020,Chat,Billing,2025-11-13 14:56:00,2.4,14.3,5
TKT005930,CU00384,AG011,Email,Product Inquiry,2025-07-28 14:51:00,107.5,50.0,3
TKT005931,CU03728,AG017,Chat,Delivery,2025-12-03 12:26:00,5.2,13.1,4
TKT005932,CU02260,AG005,Web Form,Billing,2025-03-22 15:49:00,67.3,7.6,5
TKT005933,CU00911,AG038,Web Form,Technical Issue,2025-09-11 08:54:00,31.8,9.7,5
TKT005934,CU02152,AG029,Chat,Refund,2025-01-11 06:01:00,3.3,4.1,2
TKT005935,CU03409,AG037,Web Form,Product Inquiry,2025-02-27 11:35:00,108.5,28.5,3
TKT005936,CU00693,AG012,Web Form,Delivery,2025-11-19 21:13:00,45.7,5.4,4
TKT005937,CU02096,AG035,Chat,Delivery,2025-11-21 21:17:00,1.3,5.3,5
TKT005938,CU02391,AG021,Phone,Account Access,2025-12-15 15:38:00,1.2,8.1,5
TKT005939,CU03241,AG008,Chat,Technical Issue,2025-03-16 14:08:00,3.7,5.1,3
TKT005940,CU02270,AG014,Chat,Product Inquiry,2025-11-22 15:55:00,1.0,2.8,4
TKT005941,CU02946,AG033,Chat,Delivery,2025-01-20 12:29:00,1.9,64.8,3
TKT005942,CU03095,AG031,Phone,Account Access,2025-05-27 10:52:00,1.5,4.0,4
TKT005943,CU03565,AG029,Web Form,Delivery,2025-06-09 00:01:00,148.1,27.9,1
TKT005944,CU01447,AG010,Chat,Account Access,2025-10-17 02:47:00,4.2,8.5,3
TKT005945,CU02816,AG026,Email,Technical Issue,2025-09-07 21:20:00,165.1,10.6,4
TKT005946,CU00996,AG038,Chat,Delivery,2025-05-12 16:42:00,3.6,2.4,5
TKT005947,CU03378,AG002,Web Form,Technical Issue,2025-02-24 15:31:00,51.1,65.4,3
TKT005948,CU03805,AG013,Chat,Technical Issue,2025-05-14 18:34:00,1.3,2.4,4
TKT005949,CU01177,AG004,Email,Technical Issue,2025-04-20 14:33:00,55.7,36.1,2
TKT005950,CU02245,AG005,Web Form,Billing,2025-09-02 15:28:00,85.0,5.1,5
TKT005951,CU03290,AG040,Phone,Product Inquiry,2025-01-30 17:26:00,2.3,10.1,2
TKT005952,CU00109,AG010,Chat,Technical Issue,2025-05-31 07:58:00,8.0,8.4,4
TKT005953,CU02821,AG008,Web Form,Billing,2025-08-14 08:57:00,29.8,5.1,5
TKT005954,CU03283,AG003,Chat,Delivery,2025-08-24 14:35:00,3.5,39.2,3
TKT005955,CU03485,AG040,Chat,Refund,2025-09-16 07:08:00,4.0,3.4,4
TKT005956,CU00788,AG019,Phone,Delivery,2025-04-15 15:03:00,1.9,37.5,2
TKT005957,CU03029,AG032,Chat,Product Inquiry,2025-07-09 18:59:00,1.6,16.7,5
TKT005958,CU03145,AG011,Phone,Delivery,2025-02-05 18:11:00,3.5,7.8,5
TKT005959,CU00012,AG026,Chat,Delivery,2025-06-12 10:41:00,13.6,3.1,3
TKT005960,CU02821,AG036,Web Form,Billing,2025-12-25 09:42:00,48.1,2.8,3
TKT005961,CU02505,AG027,Email,Billing,2025-11-06 21:49:00,74.9,48.6,4
TKT005962,CU03876,AG021,Email,Billing,2025-08-16 19:18:00,183.5,3.8,5
TKT005963,CU00173,AG009,Email,Delivery,2025-06-03 10:38:00,78.7,24.6,4
TKT005964,CU03863,AG010,Phone,Delivery,2025-11-25 19:27:00,3.9,3.8,4
TKT005965,CU02286,AG024,Phone,Delivery,2025-06-11 19:12:00,3.1,5.0,4
TKT005966,CU01098,AG019,Phone,Delivery,2025-10-06 10:43:00,5.3,12.1,4
TKT005967,CU01550,AG002,Email,Delivery,2025-07-30 11:45:00,102.8,10.2,5
TKT005968,CU03066,AG008,Email,Technical Issue,2025-01-08 20:31:00,95.5,8.7,4
TKT005969,CU03985,AG018,Web Form,Billing,2025-09-14 16:50:00,99.6,10.6,3
TKT005970,CU01268,AG008,Chat,Account Access,2025-11-23 14:37:00,2.3,8.6,5
TKT005971,CU03935,AG023,Chat,Technical Issue,2025-10-11 21:45:00,2.0,11.7,5
TKT005972,CU02517,AG013,Social Media,Product Inquiry,2025-08-13 18:45:00,31.2,33.9,5
TKT005973,CU00769,AG012,Email,Technical Issue,2025-01-15 06:52:00,197.1,2.2,5
TKT005974,CU02391,AG005,Email,Technical Issue,2025-01-09 13:38:00,108.1,6.9,3
TKT005975,CU03208,AG021,Email,Delivery,2025-11-07 19:03:00,163.2,9.7,3
TKT005976,CU00219,AG008,Social Media,Technical Issue,2025-06-23 07:57:00,32.6,6.2,5
TKT005977,CU00316,AG026,Social Media,Account Access,2025-06-14 06:57:00,104.8,3.3,4
TKT005978,CU00021,AG038,Phone,Technical Issue,2025-08-22 18:43:00,4.4,8.8,5
TKT005979,CU02282,AG037,Phone,Technical Issue,2025-11-27 17:56:00,3.5,38.3,4
TKT005980,CU00232,AG027,Chat,Delivery,2025-06-09 08:12:00,1.2,4.2,5
TKT005981,CU03729,AG033,Chat,Billing,2025-07-15 08:53:00,3.8,4.3,3
TKT005982,CU00512,AG037,Chat,Account Access,2025-07-23 18:07:00,1.3,1.2,5
TKT005983,CU00287,AG028,Chat,Technical Issue,2025-06-23 09:38:00,3.3,2.1,3
TKT005984,CU01031,AG011,Web Form,Account Access,2025-08-28 08:30:00,97.8,2.0,1
TKT005985,CU03053,AG021,Email,Billing,2025-03-13 19:50:00,88.6,1.7,4
TKT005986,CU03628,AG035,Email,Technical Issue,2025-05-17 17:32:00,211.3,9.5,5
TKT005987,CU01005,AG027,Phone,Delivery,2025-06-21 11:36:00,3.2,0.8,5
TKT005988,CU02075,AG015,Web Form,Account Access,2025-07-09 15:19:00,78.1,0.7,5
TKT005989,CU03096,AG007,Chat,Product Inquiry,2025-06-29 12:29:00,1.2,20.4,4
TKT005990,CU03188,AG006,Chat,Refund,2025-06-02 10:22:00,1.9,4.6,2
TKT005991,CU00612,AG016,Chat,Account Access,2025-11-23 22:55:00,2.1,2.4,4
TKT005992,CU03354,AG033,Phone,Technical Issue,2025-10-20 14:32:00,3.9,21.4,5
TKT005993,CU03470,AG023,Phone,Delivery,2025-11-20 15:12:00,4.9,3.1,5
TKT005994,CU02940,AG003,Social Media,Account Access,2025-08-06 11:02:00,57.7,9.9,4
TKT005995,CU02109,AG037,Email,Refund,2025-06-27 13:51:00,103.3,4.7,4
TKT005996,CU01566,AG017,Email,Account Access,2025-06-07 10:37:00,207.3,1.6,5
TKT005997,CU03558,AG016,Phone,Technical Issue,2025-11-13 12:26:00,3.2,0.5,4
TKT005998,CU03456,AG033,Web Form,Refund,2025-09-01 15:17:00,41.8,31.1,1
TKT005999,CU02073,AG016,Email,Refund,2025-11-08 17:17:00,88.1,50.6,4
TKT006000,CU02969,AG025,Chat,Technical Issue,2025-11-07 17:37:00,1.6,59.7,1
TKT006001,CU01600,AG037,Phone,Delivery,2025-12-13 01:30:00,2.3,10.0,5
TKT006002,CU02973,AG021,Web Form,Account Access,2025-07-19 13:31:00,82.1,51.1,2
TKT006003,CU00358,AG025,Social Media,Account Access,2025-05-12 11:38:00,70.3,12.9,4
TKT006004,CU03607,AG015,Phone,Refund,2025-11-28 14:55:00,2.2,1.6,5
TKT006005,CU02063,AG036,Chat,Technical Issue,2025-03-19 19:10:00,1.8,4.8,3
TKT006006,CU02395,AG004,Chat,Technical Issue,2025-04-28 17:37:00,1.0,17.1,5
TKT006007,CU00758,AG012,Email,Technical Issue,2025-12-11 10:45:00,87.4,1.4,3
TKT006008,CU02115,AG040,Email,Product Inquiry,2025-09-18 16:29:00,294.9,3.3,5
TKT006009,CU00013,AG020,Chat,Technical Issue,2025-08-02 07:23:00,1.1,5.5,5
TKT006010,CU03561,AG007,Email,Delivery,2025-07-13 08:31:00,129.4,0.5,4
TKT006011,CU02996,AG017,Email,Refund,2025-06-20 09:42:00,471.1,65.0,4
TKT006012,CU01818,AG011,Social Media,Refund,2025-11-24 11:20:00,103.2,18.6,5
TKT006013,CU03344,AG022,Social Media,Technical Issue,2025-05-31 13:09:00,68.0,4.7,3
TKT006014,CU03247,AG010,Web Form,Technical Issue,2025-06-24 11:05:00,18.4,6.7,5
TKT006015,CU00477,AG016,Email,Product Inquiry,2025-01-31 15:03:00,153.5,4.8,5
TKT006016,CU00216,AG037,Email,Account Access,2025-02-11 07:54:00,91.8,63.3,5
TKT006017,CU01015,AG004,Social Media,Technical Issue,2025-03-16 13:09:00,122.3,30.2,2
TKT006018,CU00006,AG031,Chat,Technical Issue,2025-04-20 10:39:00,1.4,17.2,1
TKT006019,CU02293,AG004,Chat,Refund,2025-04-17 11:10:00,2.3,48.7,2
TKT006020,CU02114,AG019,Email,Product Inquiry,2025-09-01 13:31:00,310.2,10.4,4
TKT006021,CU02152,AG027,Chat,Account Access,2025-07-21 08:45:00,2.9,6.0,4
TKT006022,CU00295,AG039,Email,Billing,2025-01-02 11:08:00,67.8,2.1,4
TKT006023,CU03673,AG011,Email,Delivery,2025-07-08 16:29:00,147.0,11.0,5
TKT006024,CU03907,AG003,Chat,Technical Issue,2025-01-30 10:25:00,3.4,1.7,4
TKT006025,CU02363,AG031,Chat,Product Inquiry,2025-07-18 17:45:00,1.0,8.6,4
TKT006026,CU00023,AG036,Email,Technical Issue,2025-01-19 09:33:00,354.1,5.5,4
TKT006027,CU01584,AG023,Email,Technical Issue,2025-01-28 16:44:00,151.3,62.6,4
TKT006028,CU02873,AG003,Email,Billing,2025-10-29 08:35:00,192.2,57.8,4
TKT006029,CU02995,AG021,Web Form,Technical Issue,2025-01-04 21:14:00,45.5,12.2,4
TKT006030,CU00974,AG016,Email,Billing,2025-12-21 08:34:00,143.6,8.6,4
TKT006031,CU03291,AG019,Phone,Delivery,2025-06-19 23:54:00,2.4,14.0,3
TKT006032,CU03871,AG003,Chat,Account Access,2025-10-29 09:24:00,4.7,4.5,5
TKT006033,CU02035,AG013,Phone,Delivery,2025-03-12 16:46:00,10.7,4.7,3
TKT006034,CU01527,AG040,Chat,Technical Issue,2025-06-20 10:39:00,6.5,1.4,4
TKT006035,CU02105,AG002,Chat,Billing,2025-11-22 06:05:00,1.0,4.7,5
TKT006036,CU00110,AG037,Phone,Account Access,2025-01-29 02:05:00,4.8,4.0,4
TKT006037,CU02094,AG021,Chat,Account Access,2025-06-07 08:34:00,2.5,5.7,3
TKT006038,CU00108,AG024,Phone,Technical Issue,2025-02-14 11:11:00,2.7,6.4,2
TKT006039,CU00140,AG038,Email,Refund,2025-05-09 14:24:00,171.9,6.2,4
TKT006040,CU02214,AG009,Email,Technical Issue,2025-12-21 13:26:00,63.5,44.7,3
TKT006041,CU02044,AG040,Chat,Technical Issue,2025-07-18 15:27:00,4.5,63.8,4
TKT006042,CU03947,AG012,Phone,Technical Issue,2025-05-02 07:43:00,1.7,31.1,3
TKT006043,CU02031,AG014,Web Form,Delivery,2025-08-18 15:22:00,63.1,11.0,3
TKT006044,CU03920,AG018,Email,Technical Issue,2025-04-13 17:06:00,216.1,1.9,5
TKT006045,CU03229,AG025,Phone,Technical Issue,2025-01-30 09:29:00,2.9,4.3,5
TKT006046,CU01350,AG013,Chat,Account Access,2025-07-26 17:51:00,4.3,3.1,5
TKT006047,CU03705,AG032,Web Form,Billing,2025-09-28 09:21:00,20.2,11.3,3
TKT006048,CU01931,AG001,Social Media,Technical Issue,2025-03-07 12:45:00,88.5,1.1,4
TKT006049,CU02380,AG027,Chat,Delivery,2025-02-20 17:27:00,1.0,12.0,3
TKT006050,CU00402,AG027,Social Media,Delivery,2025-08-07 15:11:00,58.8,62.1,3
TKT006051,CU00851,AG022,Chat,Technical Issue,2025-05-22 13:32:00,1.5,12.4,3
TKT006052,CU02089,AG025,Chat,Technical Issue,2025-12-08 11:28:00,1.5,58.0,1
TKT006053,CU01085,AG030,Chat,Billing,2025-05-11 14:43:00,4.0,8.5,4
TKT006054,CU02399,AG037,Phone,Product Inquiry,2025-05-24 13:41:00,2.1,3.0,2
TKT006055,CU00320,AG009,Web Form,Delivery,2025-07-27 21:09:00,23.4,7.0,5
TKT006056,CU01005,AG020,Chat,Billing,2025-12-23 18:03:00,1.6,6.7,4
TKT006057,CU02661,AG023,Phone,Product Inquiry,2025-09-09 07:08:00,4.3,3.5,3
TKT006058,CU02449,AG014,Phone,Billing,2025-09-01 11:40:00,5.3,5.5,4
TKT006059,CU03935,AG039,Social Media,Billing,2025-10-20 14:29:00,169.8,3.9,3
TKT006060,CU03599,AG021,Email,Product Inquiry,2025-10-25 16:22:00,42.9,2.8,5
TKT006061,CU03243,AG024,Web Form,Delivery,2025-07-12 08:28:00,139.2,23.9,5
TKT006062,CU00004,AG008,Web Form,Account Access,2025-04-15 18:00:00,35.1,67.6,3
TKT006063,CU02410,AG017,Chat,Account Access,2025-02-26 15:33:00,1.7,7.4,4
TKT006064,CU00916,AG026,Phone,Product Inquiry,2025-07-27 06:09:00,4.1,4.3,4
TKT006065,CU01068,AG018,Chat,Technical Issue,2025-09-12 05:36:00,1.0,4.2,5
TKT006066,CU00840,AG031,Email,Billing,2025-05-14 15:09:00,110.4,36.3,4
TKT006067,CU01824,AG006,Social Media,Billing,2025-06-24 16:16:00,155.3,6.5,4
TKT006068,CU00496,AG007,Email,Product Inquiry,2025-06-12 10:56:00,198.1,18.4,4
TKT006069,CU02128,AG014,Chat,Technical Issue,2025-08-03 08:38:00,1.5,7.3,4
TKT006070,CU00665,AG013,Phone,Technical Issue,2025-10-26 09:53:00,4.5,31.0,5
TKT006071,CU02002,AG033,Email,Billing,2025-06-11 11:29:00,180.5,4.0,5
TKT006072,CU02504,AG035,Social Media,Technical Issue,2025-07-09 15:43:00,78.1,1.5,3
TKT006073,CU00719,AG019,Chat,Delivery,2025-06-01 08:29:00,2.6,3.2,3
TKT006074,CU00411,AG021,Web Form,Billing,2025-04-21 17:37:00,35.4,7.3,4
TKT006075,CU03226,AG012,Chat,Refund,2025-09-13 09:35:00,1.2,8.6,5
TKT006076,CU02955,AG022,Chat,Delivery,2025-08-14 17:00:00,1.7,66.1,1
TKT006077,CU01046,AG029,Chat,Account Access,2025-07-11 20:36:00,1.0,7.8,2
TKT006078,CU03549,AG029,Email,Refund,2025-04-18 08:07:00,205.0,4.3,4
TKT006079,CU00885,AG039,Chat,Technical Issue,2025-11-13 20:37:00,2.1,6.0,5
TKT006080,CU03707,AG024,Social Media,Account Access,2025-10-21 16:07:00,79.6,11.6,5
TKT006081,CU00454,AG014,Chat,Account Access,2025-09-29 19:49:00,3.1,9.7,4
TKT006082,CU02641,AG003,Web Form,Technical Issue,2025-10-25 10:35:00,68.1,4.3,4
TKT006083,CU00077,AG028,Chat,Technical Issue,2025-06-23 18:29:00,3.6,4.3,5
TKT006084,CU00790,AG033,Chat,Account Access,2025-08-18 13:56:00,4.8,55.6,2
TKT006085,CU01619,AG023,Email,Account Access,2025-03-20 08:56:00,167.9,4.8,5
TKT006086,CU00342,AG037,Email,Delivery,2025-10-13 23:16:00,94.2,3.2,4
TKT006087,CU01828,AG013,Chat,Technical Issue,2025-01-07 20:56:00,3.0,8.8,3
TKT006088,CU00929,AG003,Email,Technical Issue,2025-07-05 07:25:00,94.4,45.3,3
TKT006089,CU00396,AG026,Chat,Product Inquiry,2025-03-16 12:20:00,1.3,24.8,3
TKT006090,CU03848,AG005,Web Form,Technical Issue,2025-08-06 22:56:00,46.8,11.8,4
TKT006091,CU03928,AG004,Chat,Product Inquiry,2025-04-13 14:52:00,3.8,16.1,4
TKT006092,CU03850,AG029,Chat,Delivery,2025-12-18 13:51:00,3.0,9.4,5
TKT006093,CU00617,AG018,Phone,Delivery,2025-02-13 09:25:00,6.5,1.2,4
TKT006094,CU01528,AG025,Chat,Billing,2025-10-28 12:35:00,2.1,43.5,4
TKT006095,CU01310,AG030,Email,Refund,2025-09-02 13:58:00,191.5,13.8,4
TKT006096,CU01304,AG016,Email,Product Inquiry,2025-12-30 16:02:00,194.8,11.3,5
TKT006097,CU01667,AG025,Phone,Delivery,2025-04-30 12:55:00,2.7,0.3,3
TKT006098,CU02041,AG022,Email,Delivery,2025-09-15 15:56:00,193.5,7.1,2
TKT006099,CU01941,AG024,Chat,Account Access,2025-01-12 07:26:00,2.0,7.6,3
TKT006100,CU01167,AG029,Chat,Technical Issue,2025-09-05 17:02:00,1.6,11.3,4
TKT006101,CU03920,AG016,Phone,Product Inquiry,2025-06-09 00:20:00,3.3,61.5,2
TKT006102,CU03919,AG021,Chat,Technical Issue,2025-09-23 15:06:00,1.5,44.3,4
TKT006103,CU01325,AG024,Email,Account Access,2025-10-14 18:41:00,120.0,35.9,5
TKT006104,CU00885,AG006,Chat,Billing,2025-06-27 17:21:00,2.0,5.2,1
TKT006105,CU02131,AG009,Social Media,Delivery,2025-05-05 08:22:00,129.7,5.0,2
TKT006106,CU01477,AG004,Chat,Delivery,2025-09-18 18:33:00,4.6,13.2,5
TKT006107,CU03949,AG008,Social Media,Delivery,2025-11-26 06:39:00,123.0,5.0,3
TKT006108,CU01718,AG018,Web Form,Technical Issue,2025-05-12 06:07:00,58.7,29.5,3
TKT006109,CU00160,AG038,Chat,Technical Issue,2025-11-08 18:25:00,1.0,63.7,2
TKT006110,CU00501,AG037,Email,Technical Issue,2025-06-11 08:05:00,529.6,6.9,3
TKT006111,CU00299,AG031,Phone,Product Inquiry,2025-11-21 12:30:00,2.7,4.5,5
TKT006112,CU01532,AG023,Social Media,Technical Issue,2025-08-25 20:19:00,62.1,4.6,5
TKT006113,CU01267,AG009,Chat,Product Inquiry,2025-09-01 09:22:00,4.0,6.4,5
TKT006114,CU03427,AG015,Chat,Technical Issue,2025-09-09 17:10:00,1.1,12.1,3
TKT006115,CU03563,AG031,Phone,Refund,2025-10-22 14:47:00,4.9,11.0,5
TKT006116,CU00562,AG037,Email,Account Access,2025-11-11 11:16:00,108.5,9.8,3
TKT006117,CU03779,AG039,Chat,Refund,2025-05-22 12:36:00,1.7,4.0,2
TKT006118,CU02337,AG016,Email,Delivery,2025-09-30 11:38:00,143.9,8.4,4
TKT006119,CU01228,AG020,Phone,Delivery,2025-09-11 18:40:00,2.1,1.6,5
TKT006120,CU01627,AG021,Phone,Delivery,2025-08-04 17:00:00,3.7,7.2,3
TKT006121,CU01766,AG003,Web Form,Technical Issue,2025-03-23 11:49:00,96.7,3.6,5
TKT006122,CU00683,AG005,Web Form,Product Inquiry,2025-06-19 16:39:00,52.8,6.8,4
TKT006123,CU03470,AG002,Social Media,Delivery,2025-03-16 13:47:00,616.5,4.5,4
TKT006124,CU00050,AG030,Web Form,Technical Issue,2025-02-19 16:44:00,57.8,34.7,4
TKT006125,CU00279,AG009,Chat,Billing,2025-12-11 05:30:00,1.0,0.9,5
TKT006126,CU01094,AG029,Social Media,Account Access,2025-09-22 10:44:00,67.6,37.4,1
TKT006127,CU00575,AG016,Email,Refund,2025-07-20 10:15:00,48.3,48.8,1
TKT006128,CU00248,AG032,Email,Refund,2025-06-11 14:20:00,253.2,24.6,2
TKT006129,CU01534,AG005,Social Media,Billing,2025-01-27 09:21:00,217.6,7.8,4
TKT006130,CU01508,AG014,Chat,Delivery,2025-05-09 13:23:00,3.2,0.9,5
TKT006131,CU00503,AG009,Chat,Technical Issue,2025-03-14 22:33:00,1.3,7.1,5
TKT006132,CU03241,AG018,Email,Billing,2025-07-16 05:44:00,86.6,1.2,4
TKT006133,CU03531,AG023,Chat,Refund,2025-06-18 13:14:00,3.0,3.9,3
TKT006134,CU02879,AG007,Web Form,Technical Issue,2025-12-18 08:19:00,41.3,5.9,4
TKT006135,CU02089,AG027,Email,Billing,2025-11-05 14:46:00,87.2,4.8,5
TKT006136,CU03790,AG039,Chat,Technical Issue,2025-08-08 09:46:00,1.2,1.9,3
TKT006137,CU01403,AG002,Email,Technical Issue,2025-11-24 19:13:00,391.4,1.9,5
TKT006138,CU01709,AG004,Social Media,Technical Issue,2025-05-01 10:06:00,69.7,34.6,4
TKT006139,CU00061,AG039,Web Form,Technical Issue,2025-02-11 21:20:00,86.9,12.2,4
TKT006140,CU02832,AG026,Web Form,Account Access,2025-07-24 00:07:00,74.4,8.9,4
TKT006141,CU00370,AG037,Email,Product Inquiry,2025-01-23 18:37:00,87.8,12.8,5
TKT006142,CU02662,AG029,Chat,Technical Issue,2025-12-11 09:43:00,2.0,23.2,4
TKT006143,CU03130,AG029,Chat,Refund,2025-02-14 09:41:00,1.2,7.3,3
TKT006144,CU00869,AG007,Email,Delivery,2025-11-09 19:20:00,310.4,65.4,3
TKT006145,CU02449,AG021,Phone,Technical Issue,2025-09-03 10:23:00,2.4,5.4,4
TKT006146,CU01215,AG015,Web Form,Billing,2025-04-01 14:29:00,67.2,2.9,1
TKT006147,CU01594,AG034,Chat,Technical Issue,2025-07-14 16:45:00,1.5,1.3,5
TKT006148,CU02120,AG002,Chat,Refund,2025-07-18 12:57:00,1.2,15.9,4
TKT006149,CU00998,AG001,Chat,Delivery,2025-09-27 07:54:00,3.6,3.1,4
TKT006150,CU03187,AG023,Email,Billing,2025-06-05 20:20:00,105.1,0.3,4
TKT006151,CU01579,AG039,Phone,Technical Issue,2025-08-05 15:09:00,1.5,3.8,4
TKT006152,CU01848,AG040,Email,Technical Issue,2025-06-01 19:03:00,176.8,43.4,4
TKT006153,CU03259,AG024,Social Media,Delivery,2025-02-04 17:54:00,61.0,23.1,4
TKT006154,CU00911,AG018,Email,Technical Issue,2025-09-17 17:56:00,152.7,7.2,4
TKT006155,CU01810,AG011,Web Form,Account Access,2025-04-05 14:32:00,88.1,4.5,3
TKT006156,CU03974,AG040,Chat,Delivery,2025-04-12 00:04:00,2.4,11.2,5
TKT006157,CU01599,AG008,Chat,Delivery,2025-05-02 19:26:00,3.3,6.0,4
TKT006158,CU00463,AG006,Email,Technical Issue,2025-07-26 18:43:00,68.6,56.7,3
TKT006159,CU01138,AG021,Phone,Billing,2025-09-16 16:47:00,7.7,8.8,5
TKT006160,CU03824,AG016,Chat,Billing,2025-10-25 19:46:00,1.7,4.7,4
TKT006161,CU03037,AG020,Chat,Refund,2025-08-06 08:47:00,1.0,16.8,5
TKT006162,CU03237,AG037,Social Media,Billing,2025-05-26 10:05:00,23.3,26.8,4
TKT006163,CU01015,AG011,Chat,Billing,2025-12-12 08:40:00,1.7,11.7,5
TKT006164,CU03356,AG036,Chat,Technical Issue,2025-06-23 15:59:00,1.3,3.3,5
TKT006165,CU01574,AG009,Email,Delivery,2025-02-23 12:24:00,91.6,5.1,4
TKT006166,CU03180,AG013,Email,Delivery,2025-10-20 07:30:00,168.3,67.1,5
TKT006167,CU03524,AG001,Chat,Delivery,2025-12-09 14:16:00,5.2,5.0,3
TKT006168,CU00833,AG028,Phone,Delivery,2025-04-17 10:48:00,2.4,4.7,4
TKT006169,CU03754,AG035,Chat,Refund,2025-03-22 13:21:00,2.1,7.5,4
TKT006170,CU02531,AG036,Phone,Refund,2025-05-09 09:59:00,2.9,3.1,3
TKT006171,CU02924,AG007,Chat,Billing,2025-05-06 08:34:00,1.2,5.5,3
TKT006172,CU03027,AG031,Chat,Technical Issue,2025-03-12 12:20:00,1.1,4.1,5
TKT006173,CU00674,AG006,Social Media,Product Inquiry,2025-01-13 09:33:00,222.1,2.3,4
TKT006174,CU02983,AG026,Phone,Delivery,2025-03-10 11:02:00,4.0,32.2,1
TKT006175,CU00852,AG029,Chat,Product Inquiry,2025-04-19 11:55:00,1.8,2.6,5
TKT006176,CU01087,AG007,Email,Account Access,2025-03-10 20:27:00,96.0,1.8,5
TKT006177,CU00467,AG005,Chat,Product Inquiry,2025-03-14 08:27:00,2.1,45.8,4
TKT006178,CU00725,AG003,Chat,Technical Issue,2025-12-11 10:24:00,1.4,8.5,5
TKT006179,CU03916,AG029,Web Form,Account Access,2025-03-21 17:39:00,159.0,2.5,5
TKT006180,CU01313,AG025,Email,Account Access,2025-10-27 10:46:00,160.8,3.1,5
TKT006181,CU01549,AG005,Chat,Technical Issue,2025-07-28 13:39:00,2.2,11.4,5
TKT006182,CU01920,AG021,Chat,Technical Issue,2025-06-09 16:07:00,2.1,1.2,4
TKT006183,CU02852,AG032,Phone,Technical Issue,2025-10-12 00:43:00,8.2,4.6,3
TKT006184,CU02296,AG010,Chat,Technical Issue,2025-01-07 21:38:00,2.0,3.3,5
TKT006185,CU02145,AG025,Web Form,Product Inquiry,2025-09-29 12:59:00,42.3,10.6,5
TKT006186,CU03348,AG012,Web Form,Product Inquiry,2025-06-01 16:15:00,60.1,4.3,3
TKT006187,CU01984,AG011,Email,Product Inquiry,2025-10-30 20:48:00,216.3,3.1,5
TKT006188,CU03077,AG016,Chat,Product Inquiry,2025-12-18 19:52:00,3.8,5.0,4
TKT006189,CU03644,AG015,Email,Refund,2025-09-24 09:02:00,157.6,6.1,5
TKT006190,CU02705,AG020,Phone,Product Inquiry,2025-02-11 14:54:00,4.5,1.5,4
TKT006191,CU00142,AG009,Chat,Technical Issue,2025-12-23 11:48:00,3.5,3.2,4
TKT006192,CU01054,AG016,Email,Technical Issue,2025-10-05 13:48:00,31.1,10.7,5
TKT006193,CU02471,AG025,Social Media,Refund,2025-01-07 17:59:00,94.5,53.3,3
TKT006194,CU01916,AG016,Phone,Account Access,2025-03-11 11:12:00,2.9,12.1,4
TKT006195,CU01140,AG027,Email,Delivery,2025-12-27 13:02:00,144.5,15.7,3
TKT006196,CU01342,AG005,Email,Account Access,2025-11-02 14:36:00,170.3,56.9,2
TKT006197,CU00314,AG006,Chat,Billing,2025-05-30 09:35:00,4.0,45.2,1
TKT006198,CU00940,AG035,Chat,Billing,2025-12-16 14:51:00,1.0,6.1,4
TKT006199,CU03132,AG019,Chat,Delivery,2025-06-24 08:35:00,1.3,32.0,5
TKT006200,CU00041,AG025,Social Media,Account Access,2025-11-13 15:06:00,55.2,11.3,5
TKT006201,CU03348,AG030,Social Media,Billing,2025-07-30 08:31:00,64.5,13.8,4
TKT006202,CU01358,AG006,Email,Delivery,2025-08-29 17:23:00,65.9,44.2,3
TKT006203,CU03232,AG039,Chat,Billing,2025-01-04 08:52:00,6.5,4.0,4
TKT006204,CU01025,AG017,Chat,Account Access,2025-12-21 15:42:00,3.2,4.0,5
TKT006205,CU03316,AG036,Chat,Delivery,2025-03-08 14:48:00,1.3,71.9,4
TKT006206,CU02288,AG017,Chat,Billing,2025-03-19 12:43:00,2.0,2.1,4
TKT006207,CU03406,AG017,Email,Product Inquiry,2025-06-12 15:10:00,110.2,0.9,5
TKT006208,CU00250,AG025,Chat,Account Access,2025-10-03 18:51:00,2.2,8.3,5
TKT006209,CU03190,AG008,Email,Product Inquiry,2025-10-08 07:06:00,91.8,5.6,2
TKT006210,CU01083,AG025,Phone,Refund,2025-08-17 15:15:00,1.7,10.9,5
TKT006211,CU01436,AG040,Chat,Product Inquiry,2025-11-14 11:09:00,1.5,6.5,4
TKT006212,CU00180,AG026,Chat,Delivery,2025-09-11 15:05:00,4.3,8.5,4
TKT006213,CU03817,AG003,Chat,Account Access,2025-02-23 19:53:00,1.0,11.1,5
TKT006214,CU02566,AG028,Chat,Account Access,2025-10-14 15:08:00,3.7,10.2,5
TKT006215,CU03924,AG002,Social Media,Account Access,2025-04-06 08:05:00,122.5,6.9,2
TKT006216,CU02273,AG005,Web Form,Technical Issue,2025-07-09 12:05:00,44.1,38.6,1
TKT006217,CU00633,AG012,Web Form,Technical Issue,2025-08-10 14:38:00,83.1,14.2,5
TKT006218,CU01350,AG013,Phone,Technical Issue,2025-05-24 07:13:00,4.5,12.5,3
TKT006219,CU01760,AG001,Web Form,Delivery,2025-05-12 15:40:00,17.0,50.9,4
TKT006220,CU00590,AG001,Email,Technical Issue,2025-04-08 16:15:00,112.1,4.9,3
TKT006221,CU03727,AG032,Phone,Account Access,2025-04-19 16:13:00,3.3,2.1,4
TKT006222,CU03832,AG019,Chat,Technical Issue,2025-12-26 07:09:00,4.4,8.6,5
TKT006223,CU02254,AG008,Chat,Technical Issue,2025-05-20 16:13:00,1.6,5.8,3
TKT006224,CU02338,AG018,Phone,Account Access,2025-06-22 11:14:00,3.6,17.1,2
TKT006225,CU02814,AG028,Chat,Refund,2025-09-14 09:50:00,1.1,15.3,4
TKT006226,CU02717,AG030,Chat,Billing,2025-04-01 13:31:00,1.9,2.7,3
TKT006227,CU00251,AG012,Chat,Product Inquiry,2025-03-14 14:25:00,1.0,1.5,4
TKT006228,CU02126,AG007,Social Media,Technical Issue,2025-03-18 12:54:00,163.6,3.2,3
TKT006229,CU03109,AG039,Chat,Billing,2025-01-23 18:29:00,1.6,17.9,5
TKT006230,CU03227,AG026,Social Media,Technical Issue,2025-06-14 08:52:00,46.7,23.1,4
TKT006231,CU02385,AG040,Email,Billing,2025-01-02 11:23:00,274.7,10.1,4
TKT006232,CU03586,AG013,Chat,Technical Issue,2025-05-19 09:58:00,1.0,66.2,3
TKT006233,CU02345,AG005,Web Form,Technical Issue,2025-07-12 05:10:00,63.3,52.1,1
TKT006234,CU01531,AG016,Web Form,Delivery,2025-04-05 10:30:00,24.3,6.4,4
TKT006235,CU01771,AG014,Web Form,Delivery,2025-04-02 16:26:00,64.6,17.8,5
TKT006236,CU02761,AG029,Phone,Technical Issue,2025-08-08 13:53:00,7.2,3.5,1
TKT006237,CU03546,AG029,Web Form,Product Inquiry,2025-07-24 12:16:00,38.5,9.4,4
TKT006238,CU00920,AG003,Social Media,Delivery,2025-10-15 13:20:00,47.0,10.7,4
TKT006239,CU01174,AG024,Phone,Billing,2025-11-18 10:18:00,2.1,3.3,5
TKT006240,CU02608,AG014,Phone,Billing,2025-04-01 07:37:00,3.9,8.8,5
TKT006241,CU03055,AG025,Web Form,Billing,2025-04-18 14:12:00,158.8,1.2,4
TKT006242,CU01597,AG016,Chat,Refund,2025-07-11 17:28:00,3.6,4.5,5
TKT006243,CU02573,AG022,Chat,Account Access,2025-03-09 17:37:00,3.8,5.0,5
TKT006244,CU00028,AG029,Chat,Technical Issue,2025-09-23 09:12:00,1.1,5.0,5
TKT006245,CU01167,AG012,Chat,Technical Issue,2025-01-01 12:17:00,3.7,5.0,5
TKT006246,CU03823,AG008,Chat,Billing,2025-05-15 14:08:00,3.4,60.6,1
TKT006247,CU02306,AG029,Chat,Billing,2025-12-25 17:09:00,2.4,4.2,5
TKT006248,CU03474,AG038,Social Media,Account Access,2025-09-25 09:55:00,63.6,23.9,5
TKT006249,CU00871,AG018,Phone,Product Inquiry,2025-07-08 08:48:00,6.8,32.6,5
TKT006250,CU01164,AG040,Web Form,Technical Issue,2025-01-02 20:11:00,37.9,55.5,1
TKT006251,CU03900,AG008,Chat,Billing,2025-10-20 08:34:00,2.9,3.8,1
TKT006252,CU03992,AG033,Chat,Technical Issue,2025-06-12 22:06:00,1.6,11.8,4
TKT006253,CU03508,AG040,Email,Billing,2025-11-10 14:51:00,81.4,6.6,5
TKT006254,CU01269,AG012,Chat,Delivery,2025-10-14 13:45:00,1.6,7.6,5
TKT006255,CU03206,AG006,Phone,Product Inquiry,2025-12-30 08:46:00,11.8,70.2,4
TKT006256,CU01836,AG027,Email,Delivery,2025-02-13 18:18:00,73.7,61.9,1
TKT006257,CU03376,AG035,Chat,Technical Issue,2025-11-10 08:22:00,3.5,0.8,4
TKT006258,CU03406,AG004,Phone,Product Inquiry,2025-09-17 11:52:00,6.3,3.4,5
TKT006259,CU01740,AG026,Email,Refund,2025-04-18 05:33:00,126.5,5.1,3
TKT006260,CU01219,AG035,Chat,Technical Issue,2025-11-05 02:34:00,1.5,4.8,4
TKT006261,CU03900,AG002,Email,Product Inquiry,2025-07-25 16:59:00,70.5,4.1,4
TKT006262,CU01803,AG021,Email,Delivery,2025-08-29 09:49:00,284.4,5.7,5
TKT006263,CU01727,AG004,Email,Refund,2025-12-18 14:21:00,72.8,11.4,4
TKT006264,CU02663,AG008,Email,Billing,2025-07-29 16:03:00,30.2,4.0,4
TKT006265,CU03747,AG020,Social Media,Technical Issue,2025-08-20 13:14:00,106.6,51.6,4
TKT006266,CU00522,AG014,Email,Refund,2025-11-12 15:45:00,66.6,5.5,4
TKT006267,CU03938,AG004,Chat,Account Access,2025-10-08 09:09:00,1.9,19.2,5
TKT006268,CU01690,AG033,Chat,Product Inquiry,2025-08-22 17:18:00,1.0,8.1,5
TKT006269,CU00103,AG009,Email,Technical Issue,2025-11-27 09:56:00,101.7,2.1,1
TKT006270,CU01238,AG035,Chat,Billing,2025-11-29 14:26:00,2.1,4.4,5
TKT006271,CU01850,AG008,Chat,Delivery,2025-08-12 18:14:00,2.3,6.6,5
TKT006272,CU02708,AG021,Email,Account Access,2025-02-05 17:32:00,292.4,9.2,4
TKT006273,CU02266,AG030,Chat,Billing,2025-09-10 05:55:00,2.0,37.5,2
TKT006274,CU00544,AG020,Email,Delivery,2025-05-02 11:12:00,148.5,58.8,3
TKT006275,CU01953,AG017,Email,Delivery,2025-08-03 18:35:00,122.7,4.3,4
TKT006276,CU00931,AG031,Web Form,Account Access,2025-05-18 18:47:00,91.4,6.6,1
TKT006277,CU01079,AG001,Chat,Billing,2025-05-04 15:35:00,1.1,10.4,5
TKT006278,CU02846,AG034,Phone,Delivery,2025-12-22 07:52:00,3.1,17.7,3
TKT006279,CU03214,AG028,Chat,Account Access,2025-04-01 11:24:00,2.0,9.6,4
TKT006280,CU00625,AG031,Email,Refund,2025-02-28 21:47:00,85.1,36.7,1
TKT006281,CU02410,AG017,Phone,Delivery,2025-08-20 07:23:00,8.6,3.2,5
TKT006282,CU01689,AG016,Email,Account Access,2025-08-24 17:03:00,166.8,11.3,5
TKT006283,CU01347,AG023,Chat,Technical Issue,2025-12-25 12:19:00,1.0,10.1,3
TKT006284,CU02852,AG026,Social Media,Technical Issue,2025-01-21 16:08:00,112.7,6.9,5
TKT006285,CU00996,AG038,Web Form,Billing,2025-12-01 05:43:00,113.1,45.7,4
TKT006286,CU03062,AG035,Email,Account Access,2025-11-03 01:24:00,94.2,7.0,5
TKT006287,CU01603,AG003,Chat,Refund,2025-03-18 10:44:00,4.2,64.6,2
TKT006288,CU00380,AG007,Email,Product Inquiry,2025-10-26 18:44:00,161.2,6.0,2
TKT006289,CU03169,AG038,Chat,Account Access,2025-11-04 15:31:00,2.2,11.1,5
TKT006290,CU03408,AG016,Phone,Delivery,2025-02-11 14:55:00,7.7,3.8,5
TKT006291,CU02253,AG024,Chat,Delivery,2025-01-08 23:26:00,2.2,7.4,5
TKT006292,CU02896,AG003,Chat,Billing,2025-08-30 10:41:00,2.5,12.8,5
TKT006293,CU00591,AG005,Chat,Account Access,2025-08-04 18:38:00,2.1,2.4,4
TKT006294,CU01358,AG017,Email,Billing,2025-11-12 07:42:00,53.4,5.3,5
TKT006295,CU01400,AG029,Chat,Billing,2025-12-06 08:29:00,2.5,3.8,5
TKT006296,CU03056,AG031,Email,Product Inquiry,2025-02-07 13:25:00,160.8,4.7,3
TKT006297,CU01409,AG036,Phone,Account Access,2025-12-17 21:49:00,3.2,2.8,4
TKT006298,CU02914,AG008,Phone,Technical Issue,2025-11-08 16:54:00,1.0,2.5,4
TKT006299,CU01228,AG009,Chat,Account Access,2025-08-09 07:03:00,2.8,3.9,5
TKT006300,CU02404,AG022,Email,Product Inquiry,2025-05-12 21:58:00,87.2,63.2,4
TKT006301,CU00840,AG022,Web Form,Technical Issue,2025-08-19 17:54:00,29.6,4.3,5
TKT006302,CU02234,AG002,Chat,Product Inquiry,2025-07-26 16:35:00,1.0,15.6,4
TKT006303,CU00324,AG018,Email,Product Inquiry,2025-05-23 14:31:00,47.7,0.9,4
TKT006304,CU02939,AG036,Email,Account Access,2025-01-29 11:27:00,180.5,7.5,3
TKT006305,CU00117,AG007,Chat,Billing,2025-09-22 07:30:00,7.3,2.5,4
TKT006306,CU03998,AG033,Social Media,Technical Issue,2025-04-22 15:10:00,65.4,67.0,5
TKT006307,CU03356,AG018,Chat,Technical Issue,2025-03-31 08:23:00,3.1,2.9,4
TKT006308,CU02315,AG021,Chat,Billing,2025-05-17 14:56:00,1.9,2.2,4
TKT006309,CU03639,AG026,Chat,Refund,2025-01-13 13:31:00,2.3,45.3,4
TKT006310,CU03235,AG029,Phone,Product Inquiry,2025-05-23 14:21:00,3.9,3.0,4
TKT006311,CU00572,AG026,Phone,Technical Issue,2025-11-01 18:13:00,6.2,58.3,5
TKT006312,CU02978,AG005,Phone,Account Access,2025-09-24 11:46:00,2.1,3.7,4
TKT006313,CU01510,AG012,Phone,Account Access,2025-01-23 12:29:00,4.2,23.9,2
TKT006314,CU03424,AG034,Chat,Billing,2025-05-01 06:34:00,3.7,4.6,3
TKT006315,CU03456,AG002,Web Form,Account Access,2025-08-31 10:23:00,80.9,7.9,4
TKT006316,CU03819,AG029,Phone,Product Inquiry,2025-12-06 06:02:00,4.8,64.8,3
TKT006317,CU01804,AG021,Chat,Billing,2025-06-09 08:17:00,2.1,5.0,5
TKT006318,CU00773,AG005,Chat,Technical Issue,2025-12-27 12:35:00,1.6,9.6,3
TKT006319,CU00501,AG005,Chat,Delivery,2025-01-16 11:12:00,1.6,3.6,5
TKT006320,CU00662,AG040,Email,Technical Issue,2025-11-29 20:30:00,59.6,4.2,5
TKT006321,CU03968,AG002,Social Media,Product Inquiry,2025-02-28 07:51:00,118.7,8.1,5
TKT006322,CU02346,AG001,Email,Product Inquiry,2025-09-24 08:11:00,296.6,5.6,5
TKT006323,CU01408,AG001,Social Media,Technical Issue,2025-02-06 16:51:00,105.8,12.6,4
TKT006324,CU01798,AG026,Chat,Account Access,2025-12-28 02:08:00,2.0,5.4,5
TKT006325,CU00692,AG038,Email,Refund,2025-03-20 15:29:00,194.6,50.5,2
TKT006326,CU02283,AG007,Chat,Billing,2025-05-15 16:38:00,1.0,8.9,5
TKT006327,CU01703,AG032,Phone,Account Access,2025-08-20 15:13:00,3.0,59.3,2
TKT006328,CU03193,AG029,Social Media,Product Inquiry,2025-01-19 10:13:00,86.4,50.4,2
TKT006329,CU00085,AG010,Chat,Technical Issue,2025-07-28 07:27:00,1.0,71.9,4
TKT006330,CU03727,AG003,Phone,Account Access,2025-04-17 23:01:00,4.4,4.7,2
TKT006331,CU00243,AG020,Email,Technical Issue,2025-06-08 18:55:00,50.6,5.3,5
TKT006332,CU01670,AG004,Phone,Billing,2025-05-02 16:15:00,5.8,6.0,5
TKT006333,CU01363,AG005,Social Media,Refund,2025-11-04 08:46:00,101.9,23.9,3
TKT006334,CU02872,AG019,Web Form,Delivery,2025-06-16 12:17:00,49.5,11.3,4
TKT006335,CU02633,AG033,Chat,Delivery,2025-10-02 16:48:00,3.0,2.4,4
TKT006336,CU00788,AG040,Phone,Technical Issue,2025-01-16 07:11:00,4.3,16.0,3
TKT006337,CU01963,AG026,Email,Refund,2025-09-07 21:42:00,181.8,4.4,4
TKT006338,CU02139,AG012,Email,Billing,2025-05-20 21:43:00,163.6,25.3,4
TKT006339,CU01856,AG014,Chat,Account Access,2025-08-07 08:43:00,1.2,4.2,5
TKT006340,CU00088,AG025,Phone,Technical Issue,2025-11-06 09:03:00,9.5,53.8,1
TKT006341,CU00713,AG007,Chat,Account Access,2025-09-12 11:08:00,4.0,2.2,4
TKT006342,CU02016,AG021,Chat,Account Access,2025-05-10 12:52:00,2.5,21.9,3
TKT006343,CU01042,AG031,Email,Billing,2025-03-24 12:20:00,152.1,3.5,1
TKT006344,CU02182,AG034,Chat,Account Access,2025-11-20 15:48:00,3.0,5.7,2
TKT006345,CU00655,AG003,Web Form,Billing,2025-04-05 12:49:00,110.0,35.7,4
TKT006346,CU02942,AG012,Phone,Delivery,2025-01-13 08:41:00,11.4,1.6,5
TKT006347,CU00754,AG011,Email,Account Access,2025-04-19 09:10:00,103.9,42.2,1
TKT006348,CU02598,AG023,Email,Refund,2025-01-04 11:20:00,248.8,60.8,3
TKT006349,CU03347,AG008,Email,Technical Issue,2025-09-28 13:04:00,133.4,7.9,5
TKT006350,CU01434,AG039,Phone,Technical Issue,2025-11-21 20:00:00,1.7,4.4,2
TKT006351,CU00558,AG037,Phone,Technical Issue,2025-06-07 07:50:00,6.3,7.8,5
TKT006352,CU00023,AG014,Chat,Technical Issue,2025-08-13 17:28:00,4.5,3.2,4
TKT006353,CU01443,AG017,Email,Account Access,2025-12-17 10:46:00,239.1,59.3,3
TKT006354,CU00462,AG018,Phone,Technical Issue,2025-12-04 16:09:00,3.6,2.8,5
TKT006355,CU03528,AG002,Chat,Technical Issue,2025-01-15 09:09:00,2.5,2.0,5
TKT006356,CU03893,AG036,Chat,Billing,2025-01-26 11:33:00,2.9,2.8,5
TKT006357,CU03923,AG032,Email,Account Access,2025-05-20 12:31:00,191.9,2.7,5
TKT006358,CU03690,AG014,Phone,Delivery,2025-04-12 16:24:00,7.9,7.6,5
TKT006359,CU02347,AG022,Chat,Billing,2025-02-26 08:02:00,3.4,5.7,4
TKT006360,CU01301,AG016,Chat,Product Inquiry,2025-02-25 10:15:00,1.5,4.8,2
TKT006361,CU01787,AG010,Chat,Technical Issue,2025-10-25 13:08:00,2.0,6.8,5
TKT006362,CU01036,AG013,Web Form,Account Access,2025-03-12 15:09:00,41.7,3.4,4
TKT006363,CU03361,AG005,Email,Technical Issue,2025-06-25 06:15:00,153.0,2.3,4
TKT006364,CU01746,AG033,Chat,Refund,2025-01-17 07:39:00,1.0,3.2,5
TKT006365,CU01541,AG027,Chat,Technical Issue,2025-08-15 16:42:00,5.8,6.4,5
TKT006366,CU02760,AG038,Email,Product Inquiry,2025-09-28 11:48:00,91.2,3.4,5
TKT006367,CU01496,AG001,Web Form,Delivery,2025-08-07 08:18:00,41.5,5.6,5
TKT006368,CU01428,AG026,Email,Account Access,2025-04-14 09:32:00,146.5,5.0,2
TKT006369,CU00910,AG023,Chat,Account Access,2025-01-29 14:48:00,1.0,4.2,5
TKT006370,CU00270,AG025,Phone,Billing,2025-05-27 21:29:00,3.3,1.5,3
TKT006371,CU00152,AG040,Social Media,Technical Issue,2025-10-14 16:01:00,98.7,3.7,3
TKT006372,CU01612,AG016,Phone,Product Inquiry,2025-02-13 17:29:00,9.9,7.0,3
TKT006373,CU03982,AG006,Web Form,Refund,2025-10-28 14:00:00,59.5,10.5,5
TKT006374,CU01043,AG001,Phone,Technical Issue,2025-11-30 11:23:00,3.2,10.1,4
TKT006375,CU02565,AG020,Phone,Technical Issue,2025-08-10 21:17:00,2.2,9.5,5
TKT006376,CU01300,AG007,Chat,Billing,2025-11-05 06:54:00,6.5,2.0,4
TKT006377,CU01211,AG006,Email,Delivery,2025-04-13 17:43:00,146.0,12.8,3
TKT006378,CU00652,AG006,Chat,Account Access,2025-08-15 09:39:00,2.1,47.8,2
TKT006379,CU02254,AG012,Email,Delivery,2025-09-22 14:57:00,65.8,52.6,3
TKT006380,CU02636,AG005,Phone,Technical Issue,2025-09-18 22:56:00,5.3,6.3,4
TKT006381,CU01401,AG020,Email,Product Inquiry,2025-09-13 18:18:00,101.3,12.0,4
TKT006382,CU02107,AG027,Chat,Technical Issue,2025-03-12 18:33:00,4.5,26.3,2
TKT006383,CU01905,AG012,Phone,Billing,2025-11-30 18:33:00,5.2,23.9,1
TKT006384,CU01084,AG006,Chat,Product Inquiry,2025-09-06 12:01:00,2.1,5.2,4
TKT006385,CU02767,AG023,Chat,Delivery,2025-02-12 11:02:00,1.0,5.1,5
TKT006386,CU02216,AG004,Chat,Account Access,2025-08-22 13:20:00,1.9,5.9,5
TKT006387,CU00264,AG030,Email,Refund,2025-11-29 10:00:00,124.5,49.0,3
TKT006388,CU01971,AG016,Email,Technical Issue,2025-01-09 13:41:00,149.8,9.3,2
TKT006389,CU01558,AG017,Phone,Technical Issue,2025-11-20 07:00:00,1.4,2.4,4
TKT006390,CU03184,AG010,Chat,Technical Issue,2025-05-01 19:13:00,1.2,8.1,4
TKT006391,CU01227,AG012,Phone,Technical Issue,2025-04-19 16:05:00,3.0,48.4,4
TKT006392,CU03824,AG006,Email,Delivery,2025-06-27 06:29:00,184.3,13.5,5
TKT006393,CU02461,AG023,Social Media,Account Access,2025-09-19 15:52:00,31.1,71.0,2
TKT006394,CU00523,AG006,Email,Billing,2025-02-07 16:03:00,299.3,29.6,4
TKT006395,CU01614,AG028,Chat,Refund,2025-04-07 18:38:00,4.0,12.4,3
TKT006396,CU03536,AG011,Email,Billing,2025-10-22 10:32:00,81.0,11.6,4
TKT006397,CU01019,AG023,Web Form,Technical Issue,2025-03-27 15:53:00,213.9,16.4,4
TKT006398,CU02820,AG022,Chat,Billing,2025-05-08 10:35:00,2.3,29.0,3
TKT006399,CU03134,AG026,Chat,Delivery,2025-08-23 18:50:00,1.9,8.6,4
TKT006400,CU02771,AG031,Web Form,Account Access,2025-04-02 19:41:00,76.3,5.2,5
TKT006401,CU00362,AG023,Email,Product Inquiry,2025-01-19 06:45:00,176.2,2.3,4
TKT006402,CU01498,AG035,Chat,Refund,2025-07-12 10:29:00,2.1,35.0,2
TKT006403,CU01393,AG011,Email,Refund,2025-02-05 07:21:00,77.1,55.7,2
TKT006404,CU01376,AG031,Web Form,Delivery,2025-05-21 11:30:00,43.2,4.6,4
TKT006405,CU03516,AG014,Phone,Account Access,2025-08-29 00:08:00,4.9,5.2,4
TKT006406,CU00023,AG026,Email,Product Inquiry,2025-09-27 17:42:00,221.5,7.7,2
TKT006407,CU02157,AG020,Email,Account Access,2025-12-14 12:06:00,309.0,4.6,4
TKT006408,CU03929,AG037,Email,Billing,2025-11-15 13:55:00,108.9,7.5,1
TKT006409,CU03503,AG011,Social Media,Technical Issue,2025-01-13 16:01:00,94.0,5.0,4
TKT006410,CU02427,AG021,Chat,Refund,2025-06-27 16:06:00,1.4,6.5,5
TKT006411,CU03992,AG007,Phone,Billing,2025-01-09 10:10:00,7.3,7.6,3
TKT006412,CU01610,AG026,Email,Refund,2025-10-20 17:11:00,118.0,31.8,5
TKT006413,CU02446,AG002,Email,Product Inquiry,2025-01-28 15:01:00,101.3,7.7,5
TKT006414,CU02176,AG017,Email,Billing,2025-10-11 09:59:00,144.9,49.3,1
TKT006415,CU00190,AG001,Social Media,Billing,2025-01-01 03:41:00,35.9,17.5,2
TKT006416,CU00163,AG014,Web Form,Technical Issue,2025-02-10 16:18:00,74.1,25.8,3
TKT006417,CU03588,AG020,Chat,Account Access,2025-12-05 08:23:00,1.7,65.2,4
TKT006418,CU00695,AG014,Chat,Delivery,2025-03-09 07:13:00,9.2,4.7,4
TKT006419,CU01420,AG016,Chat,Billing,2025-06-23 12:31:00,1.4,9.9,3
TKT006420,CU02494,AG006,Phone,Account Access,2025-07-09 20:23:00,3.5,5.1,5
TKT006421,CU02303,AG029,Social Media,Account Access,2025-09-10 16:28:00,157.5,8.7,5
TKT006422,CU02058,AG032,Email,Billing,2025-12-08 17:23:00,215.2,7.7,4
TKT006423,CU03917,AG019,Chat,Technical Issue,2025-06-01 09:17:00,3.5,5.1,5
TKT006424,CU03149,AG003,Phone,Technical Issue,2025-08-09 18:30:00,3.4,3.1,5
TKT006425,CU03768,AG003,Phone,Refund,2025-12-30 12:06:00,2.1,32.9,5
TKT006426,CU02635,AG027,Email,Billing,2025-02-09 22:33:00,607.4,55.6,3
TKT006427,CU03917,AG038,Phone,Technical Issue,2025-06-25 14:32:00,5.3,36.4,2
TKT006428,CU02406,AG035,Web Form,Billing,2025-04-21 14:07:00,62.3,1.5,4
TKT006429,CU02167,AG017,Chat,Delivery,2025-12-09 19:51:00,3.1,5.9,4
TKT006430,CU03262,AG020,Email,Delivery,2025-08-13 20:57:00,68.4,2.4,3
TKT006431,CU03476,AG007,Phone,Billing,2025-08-26 02:44:00,3.1,9.4,5
TKT006432,CU00274,AG003,Web Form,Account Access,2025-03-10 09:56:00,31.0,1.0,2
TKT006433,CU03643,AG031,Social Media,Delivery,2025-12-12 14:55:00,98.7,46.6,2
TKT006434,CU02764,AG018,Phone,Refund,2025-01-25 00:44:00,1.9,4.6,1
TKT006435,CU03591,AG020,Chat,Delivery,2025-06-30 10:21:00,2.9,6.6,5
TKT006436,CU02863,AG014,Email,Delivery,2025-09-13 09:12:00,268.4,5.8,4
TKT006437,CU03708,AG013,Web Form,Technical Issue,2025-11-17 13:50:00,103.3,12.9,4
TKT006438,CU01101,AG040,Email,Billing,2025-04-10 14:29:00,178.4,14.7,4
TKT006439,CU00751,AG033,Email,Refund,2025-05-02 08:43:00,155.6,10.6,5
TKT006440,CU00783,AG028,Email,Technical Issue,2025-01-14 13:53:00,111.2,4.7,3
TKT006441,CU01009,AG016,Phone,Billing,2025-08-30 11:56:00,5.1,6.2,4
TKT006442,CU00856,AG029,Phone,Delivery,2025-03-13 22:40:00,3.8,4.2,5
TKT006443,CU01767,AG014,Chat,Product Inquiry,2025-08-14 06:17:00,1.0,5.1,4
TKT006444,CU00793,AG021,Chat,Technical Issue,2025-01-31 18:04:00,1.4,14.2,5
TKT006445,CU00633,AG006,Chat,Refund,2025-06-27 23:48:00,3.1,17.0,5
TKT006446,CU02096,AG029,Web Form,Technical Issue,2025-06-24 13:01:00,29.6,11.6,4
TKT006447,CU03174,AG003,Phone,Refund,2025-07-03 15:30:00,2.1,7.6,5
TKT006448,CU00543,AG029,Chat,Refund,2025-04-23 08:17:00,1.8,6.3,2
TKT006449,CU02046,AG025,Chat,Delivery,2025-03-04 11:26:00,1.0,7.1,4
TKT006450,CU02638,AG003,Web Form,Product Inquiry,2025-10-11 08:52:00,82.2,6.5,3
TKT006451,CU02823,AG021,Phone,Product Inquiry,2025-11-27 14:27:00,5.7,11.6,4
TKT006452,CU00421,AG009,Phone,Product Inquiry,2025-04-12 20:08:00,6.7,8.1,4
TKT006453,CU02936,AG020,Chat,Account Access,2025-06-15 03:25:00,2.3,5.6,3
TKT006454,CU00108,AG001,Chat,Billing,2025-02-09 13:06:00,1.3,10.0,4
TKT006455,CU00948,AG029,Chat,Technical Issue,2025-02-25 16:52:00,1.0,6.0,4
TKT006456,CU01278,AG021,Chat,Technical Issue,2025-05-09 12:02:00,2.7,3.7,5
TKT006457,CU03413,AG015,Chat,Delivery,2025-09-15 13:56:00,3.0,3.2,5
TKT006458,CU00768,AG036,Email,Technical Issue,2025-09-03 12:13:00,75.7,1.5,5
TKT006459,CU03130,AG026,Email,Product Inquiry,2025-09-23 14:39:00,70.4,44.5,4
TKT006460,CU03955,AG025,Phone,Technical Issue,2025-02-02 06:52:00,4.0,8.5,4
TKT006461,CU03840,AG006,Social Media,Technical Issue,2025-01-17 14:11:00,97.0,42.7,4
TKT006462,CU01212,AG021,Chat,Technical Issue,2025-04-11 13:55:00,3.3,2.3,5
TKT006463,CU00383,AG029,Chat,Technical Issue,2025-05-02 08:25:00,2.9,2.7,5
TKT006464,CU00889,AG038,Email,Technical Issue,2025-07-07 13:30:00,134.0,7.3,5
TKT006465,CU03076,AG025,Chat,Account Access,2025-08-02 12:21:00,3.5,5.3,5
TKT006466,CU00788,AG007,Chat,Billing,2025-03-10 14:59:00,1.7,36.4,3
TKT006467,CU02583,AG028,Chat,Refund,2025-10-27 14:40:00,1.7,2.9,3
TKT006468,CU01496,AG003,Phone,Billing,2025-09-30 11:21:00,6.4,4.1,4
TKT006469,CU03068,AG013,Email,Delivery,2025-04-24 17:04:00,237.1,7.2,1
TKT006470,CU02424,AG037,Phone,Delivery,2025-08-24 11:53:00,6.9,3.8,4
TKT006471,CU02343,AG033,Email,Technical Issue,2025-04-20 12:39:00,126.8,4.5,5
TKT006472,CU03128,AG037,Email,Technical Issue,2025-01-23 12:07:00,145.6,59.3,4
TKT006473,CU03820,AG015,Email,Refund,2025-09-26 13:28:00,86.9,29.5,1
TKT006474,CU01459,AG028,Web Form,Delivery,2025-02-01 17:15:00,90.2,46.5,3
TKT006475,CU02116,AG029,Social Media,Technical Issue,2025-03-22 16:15:00,65.0,14.1,4
TKT006476,CU02504,AG010,Email,Delivery,2025-04-21 04:28:00,46.7,13.5,4
TKT006477,CU03293,AG038,Email,Billing,2025-11-24 13:03:00,109.8,47.8,4
TKT006478,CU01929,AG039,Phone,Technical Issue,2025-08-02 07:14:00,2.5,9.3,5
TKT006479,CU01499,AG005,Email,Technical Issue,2025-10-16 16:03:00,31.6,44.7,3
TKT006480,CU03386,AG031,Web Form,Delivery,2025-11-28 22:56:00,40.1,9.8,4
TKT006481,CU03813,AG018,Phone,Billing,2025-11-22 15:53:00,6.2,6.6,5
TKT006482,CU02277,AG027,Web Form,Account Access,2025-08-11 11:09:00,69.1,3.2,3
TKT006483,CU00414,AG023,Chat,Technical Issue,2025-05-10 06:34:00,2.5,8.1,3
TKT006484,CU01160,AG009,Email,Technical Issue,2025-05-28 10:13:00,306.7,3.0,4
TKT006485,CU01852,AG004,Web Form,Technical Issue,2025-03-02 13:33:00,40.0,15.3,4
TKT006486,CU02815,AG021,Social Media,Account Access,2025-08-03 19:27:00,47.9,54.1,3
TKT006487,CU02680,AG034,Social Media,Refund,2025-08-02 13:01:00,118.1,37.1,2
TKT006488,CU03281,AG033,Chat,Delivery,2025-12-21 22:47:00,2.4,2.2,3
TKT006489,CU00120,AG011,Web Form,Technical Issue,2025-03-11 11:46:00,27.4,1.3,5
TKT006490,CU01862,AG035,Chat,Technical Issue,2025-10-04 00:03:00,1.8,60.7,3
TKT006491,CU02805,AG015,Phone,Technical Issue,2025-04-08 15:12:00,5.4,5.4,3
TKT006492,CU03949,AG023,Email,Refund,2025-01-29 09:06:00,162.8,18.0,3
TKT006493,CU00570,AG013,Phone,Account Access,2025-05-27 09:23:00,6.0,9.3,4
TKT006494,CU03517,AG021,Social Media,Refund,2025-12-18 02:26:00,62.2,2.7,4
TKT006495,CU00032,AG022,Web Form,Billing,2025-06-18 13:38:00,25.2,23.9,4
TKT006496,CU00788,AG028,Phone,Account Access,2025-03-09 09:37:00,2.4,5.7,5
TKT006497,CU03388,AG019,Social Media,Account Access,2025-04-28 23:08:00,144.8,14.1,3
TKT006498,CU03148,AG022,Chat,Delivery,2025-09-11 18:28:00,3.5,6.3,3
TKT006499,CU03892,AG027,Chat,Account Access,2025-04-14 16:47:00,1.8,3.3,5
TKT006500,CU02404,AG017,Email,Technical Issue,2025-03-26 11:53:00,321.7,58.0,3
TKT006501,CU02464,AG021,Email,Billing,2025-04-01 06:50:00,128.1,14.3,4
TKT006502,CU02140,AG004,Phone,Product Inquiry,2025-01-30 15:17:00,3.0,7.0,4
TKT006503,CU02047,AG035,Chat,Billing,2025-09-09 02:31:00,1.0,5.6,3
TKT006504,CU02056,AG006,Phone,Delivery,2025-04-28 12:08:00,3.8,8.3,4
TKT006505,CU01171,AG035,Email,Product Inquiry,2025-04-22 05:21:00,250.9,11.7,5
TKT006506,CU03414,AG031,Social Media,Account Access,2025-04-30 14:16:00,180.8,11.3,4
TKT006507,CU01427,AG038,Chat,Account Access,2025-09-11 14:15:00,3.6,8.1,4
TKT006508,CU02444,AG001,Chat,Technical Issue,2025-11-16 13:52:00,2.6,8.0,4
TKT006509,CU02678,AG009,Chat,Delivery,2025-09-29 16:43:00,4.8,4.6,4
TKT006510,CU02151,AG003,Chat,Product Inquiry,2025-07-27 09:51:00,1.2,5.7,4
TKT006511,CU02446,AG017,Phone,Product Inquiry,2025-09-18 09:20:00,7.7,5.3,3
TKT006512,CU00196,AG037,Phone,Technical Issue,2025-03-24 12:23:00,4.7,9.7,5
TKT006513,CU01264,AG031,Email,Product Inquiry,2025-11-30 16:48:00,157.2,11.4,4
TKT006514,CU01794,AG029,Chat,Billing,2025-08-12 07:02:00,1.0,4.5,4
TKT006515,CU01577,AG034,Email,Delivery,2025-12-15 19:43:00,168.9,60.8,5
TKT006516,CU03633,AG001,Social Media,Technical Issue,2025-04-08 09:40:00,169.8,2.0,5
TKT006517,CU03589,AG032,Web Form,Technical Issue,2025-02-23 08:21:00,17.1,7.4,4
TKT006518,CU02847,AG013,Email,Delivery,2025-09-18 14:56:00,216.8,0.6,4
TKT006519,CU01410,AG028,Social Media,Account Access,2025-04-28 10:13:00,25.6,2.9,2
TKT006520,CU00204,AG031,Chat,Product Inquiry,2025-03-17 11:20:00,1.0,2.2,4
TKT006521,CU03021,AG028,Social Media,Technical Issue,2025-10-15 06:21:00,85.5,0.7,3
TKT006522,CU03536,AG017,Social Media,Refund,2025-07-14 12:22:00,214.9,4.2,3
TKT006523,CU01959,AG025,Phone,Billing,2025-10-13 10:20:00,3.7,11.6,4
TKT006524,CU03307,AG019,Email,Technical Issue,2025-03-30 08:28:00,181.3,54.5,2
TKT006525,CU03723,AG026,Social Media,Technical Issue,2025-01-26 11:57:00,54.6,65.6,1
TKT006526,CU02187,AG019,Chat,Delivery,2025-05-30 17:28:00,1.8,12.9,4
TKT006527,CU00839,AG016,Phone,Refund,2025-12-18 17:37:00,3.9,14.3,5
TKT006528,CU00090,AG009,Email,Technical Issue,2025-08-02 11:40:00,343.0,53.2,3
TKT006529,CU03028,AG016,Chat,Billing,2025-11-09 21:39:00,1.3,4.0,3
TKT006530,CU02250,AG029,Email,Account Access,2025-11-04 07:19:00,97.4,3.1,5
TKT006531,CU00615,AG035,Phone,Delivery,2025-11-25 18:17:00,7.2,12.4,5
TKT006532,CU00219,AG005,Chat,Delivery,2025-06-17 22:21:00,1.7,6.3,4
TKT006533,CU03878,AG008,Chat,Refund,2025-03-16 14:21:00,2.1,3.4,3
TKT006534,CU01282,AG021,Phone,Billing,2025-11-25 06:49:00,5.1,2.6,4
TKT006535,CU01309,AG029,Web Form,Technical Issue,2025-07-02 20:27:00,38.8,52.3,4
TKT006536,CU02516,AG007,Chat,Technical Issue,2025-04-27 12:55:00,1.0,3.2,4
TKT006537,CU01458,AG013,Email,Product Inquiry,2025-06-10 08:58:00,252.9,52.2,3
TKT006538,CU03652,AG002,Chat,Account Access,2025-10-13 19:40:00,2.1,5.5,5
TKT006539,CU02724,AG003,Email,Technical Issue,2025-05-12 12:40:00,69.4,57.5,1
TKT006540,CU01432,AG006,Web Form,Refund,2025-10-31 13:07:00,84.4,43.6,2
TKT006541,CU01067,AG030,Email,Account Access,2025-03-24 14:09:00,422.7,47.2,5
TKT006542,CU03441,AG035,Email,Billing,2025-04-26 19:42:00,269.8,7.0,5
TKT006543,CU02367,AG020,Chat,Technical Issue,2025-02-20 13:59:00,6.3,42.5,2
TKT006544,CU03674,AG008,Web Form,Refund,2025-11-14 19:48:00,28.0,3.1,4
TKT006545,CU01381,AG037,Web Form,Delivery,2025-11-14 08:16:00,63.1,59.7,4
TKT006546,CU00085,AG012,Phone,Technical Issue,2025-03-17 14:40:00,4.9,6.2,5
TKT006547,CU03597,AG007,Email,Technical Issue,2025-07-13 13:37:00,131.3,67.4,5
TKT006548,CU00958,AG006,Chat,Billing,2025-10-16 10:03:00,1.7,6.8,4
TKT006549,CU03382,AG015,Phone,Delivery,2025-08-08 09:52:00,1.0,3.6,3
TKT006550,CU02840,AG030,Chat,Billing,2025-08-24 06:20:00,5.1,15.5,5
TKT006551,CU00928,AG016,Web Form,Billing,2025-04-06 09:36:00,22.6,4.3,4
TKT006552,CU03028,AG018,Chat,Billing,2025-01-11 15:20:00,3.3,8.5,4
TKT006553,CU00327,AG014,Web Form,Product Inquiry,2025-12-08 10:55:00,55.3,3.2,5
TKT006554,CU01570,AG038,Email,Billing,2025-11-30 16:28:00,137.7,9.6,5
TKT006555,CU01427,AG028,Web Form,Billing,2025-12-08 19:50:00,49.1,3.6,4
TKT006556,CU02628,AG027,Chat,Account Access,2025-01-16 15:56:00,2.2,63.2,3
TKT006557,CU02139,AG018,Phone,Delivery,2025-09-03 17:02:00,5.7,8.6,4
TKT006558,CU02449,AG022,Chat,Refund,2025-04-02 14:25:00,3.4,3.9,5
TKT006559,CU01905,AG036,Chat,Product Inquiry,2025-04-28 20:41:00,1.9,5.7,4
TKT006560,CU02960,AG027,Email,Account Access,2025-05-31 17:50:00,72.1,3.5,5
TKT006561,CU00641,AG033,Email,Billing,2025-03-26 10:43:00,70.8,2.5,5
TKT006562,CU02875,AG002,Email,Billing,2025-08-06 16:39:00,247.9,5.3,1
TKT006563,CU00201,AG035,Chat,Delivery,2025-08-06 15:22:00,1.7,4.9,4
TKT006564,CU00344,AG039,Chat,Delivery,2025-12-05 16:09:00,1.1,7.0,3
TKT006565,CU02895,AG027,Web Form,Billing,2025-11-01 10:54:00,36.6,6.3,4
TKT006566,CU00634,AG039,Chat,Account Access,2025-09-14 13:02:00,1.9,7.9,4
TKT006567,CU03081,AG023,Phone,Technical Issue,2025-12-19 19:48:00,2.0,1.8,5
TKT006568,CU00531,AG012,Chat,Delivery,2025-06-06 22:02:00,2.0,3.9,4
TKT006569,CU00587,AG025,Social Media,Technical Issue,2025-01-25 11:22:00,179.3,8.1,5
TKT006570,CU03730,AG026,Email,Billing,2025-11-17 13:51:00,131.2,11.2,5
TKT006571,CU00710,AG006,Social Media,Technical Issue,2025-05-02 10:13:00,34.0,13.4,5
TKT006572,CU03655,AG009,Phone,Technical Issue,2025-06-12 16:15:00,6.4,11.0,4
TKT006573,CU01393,AG012,Web Form,Technical Issue,2025-05-23 04:12:00,101.3,48.5,2
TKT006574,CU03190,AG022,Phone,Delivery,2025-11-29 21:40:00,7.6,6.5,3
TKT006575,CU03758,AG006,Social Media,Delivery,2025-05-15 14:13:00,93.0,3.2,4
TKT006576,CU00467,AG031,Chat,Account Access,2025-09-07 09:41:00,7.2,45.8,3
TKT006577,CU01322,AG005,Chat,Billing,2025-09-01 04:35:00,3.0,6.9,4
TKT006578,CU02298,AG038,Chat,Refund,2025-07-22 14:53:00,10.4,0.8,3
TKT006579,CU03463,AG028,Phone,Refund,2025-07-19 14:38:00,8.4,11.0,5
TKT006580,CU00749,AG014,Chat,Account Access,2025-01-27 16:24:00,3.9,6.7,4
TKT006581,CU00748,AG015,Phone,Delivery,2025-11-22 13:08:00,2.8,3.0,5
TKT006582,CU01474,AG028,Web Form,Refund,2025-05-02 13:26:00,32.7,48.3,5
TKT006583,CU00819,AG004,Phone,Delivery,2025-03-23 10:32:00,4.3,45.1,2
TKT006584,CU01069,AG029,Chat,Technical Issue,2025-03-22 08:55:00,1.8,7.3,4
TKT006585,CU00520,AG023,Web Form,Account Access,2025-05-26 09:15:00,40.9,6.7,4
TKT006586,CU03316,AG009,Email,Technical Issue,2025-08-16 11:22:00,130.3,7.7,5
TKT006587,CU03187,AG036,Chat,Refund,2025-07-17 17:54:00,1.8,6.2,4
TKT006588,CU00578,AG026,Chat,Delivery,2025-11-01 07:55:00,1.4,2.3,3
TKT006589,CU02147,AG007,Chat,Product Inquiry,2025-10-26 15:51:00,2.9,5.1,4
TKT006590,CU02585,AG027,Phone,Technical Issue,2025-05-03 04:10:00,2.6,3.7,4
TKT006591,CU02511,AG017,Chat,Account Access,2025-10-28 05:06:00,2.0,11.4,3
TKT006592,CU03936,AG031,Web Form,Delivery,2025-09-06 10:22:00,28.2,8.9,5
TKT006593,CU02566,AG020,Web Form,Refund,2025-11-10 11:15:00,58.1,9.5,4
TKT006594,CU02749,AG040,Phone,Refund,2025-01-01 08:18:00,4.5,45.4,4
TKT006595,CU00132,AG038,Phone,Technical Issue,2025-07-09 19:56:00,2.4,13.9,4
TKT006596,CU00317,AG002,Social Media,Product Inquiry,2025-08-17 10:32:00,93.6,2.1,3
TKT006597,CU02476,AG017,Email,Product Inquiry,2025-03-30 12:17:00,132.7,20.2,5
TKT006598,CU03632,AG009,Web Form,Product Inquiry,2025-08-28 23:43:00,42.7,3.5,3
TKT006599,CU01597,AG019,Chat,Delivery,2025-09-23 09:48:00,1.6,7.0,4
TKT006600,CU02573,AG006,Email,Refund,2025-02-20 15:25:00,179.1,67.9,2
TKT006601,CU00841,AG022,Email,Technical Issue,2025-12-15 16:03:00,142.2,0.3,3
TKT006602,CU01826,AG007,Chat,Technical Issue,2025-12-12 09:28:00,3.4,32.3,2
TKT006603,CU03006,AG025,Social Media,Technical Issue,2025-04-15 05:23:00,50.9,11.7,5
TKT006604,CU02639,AG019,Email,Account Access,2025-03-14 17:11:00,126.3,5.9,5
TKT006605,CU00457,AG040,Email,Product Inquiry,2025-03-14 10:36:00,99.9,9.6,4
TKT006606,CU03517,AG036,Email,Delivery,2025-01-14 10:44:00,144.7,0.4,4
TKT006607,CU03709,AG025,Chat,Billing,2025-01-09 11:23:00,2.3,2.8,5
TKT006608,CU01909,AG018,Web Form,Refund,2025-04-25 04:22:00,28.7,46.2,1
TKT006609,CU01364,AG029,Phone,Account Access,2025-09-01 18:47:00,5.5,3.3,5
TKT006610,CU02126,AG027,Web Form,Billing,2025-09-06 18:10:00,180.7,18.0,3
TKT006611,CU03206,AG006,Chat,Delivery,2025-07-18 18:58:00,2.2,23.9,5
TKT006612,CU01810,AG016,Email,Account Access,2025-08-26 08:25:00,86.9,5.2,4
TKT006613,CU00121,AG040,Email,Delivery,2025-02-19 22:30:00,119.2,61.5,3
TKT006614,CU00291,AG013,Chat,Refund,2025-12-30 15:35:00,1.7,4.1,5
TKT006615,CU03247,AG001,Chat,Billing,2025-03-14 14:27:00,1.4,9.5,3
TKT006616,CU03149,AG034,Chat,Billing,2025-05-14 16:02:00,3.0,6.2,5
TKT006617,CU03089,AG038,Email,Account Access,2025-08-30 16:42:00,51.4,19.1,4
TKT006618,CU00506,AG027,Chat,Product Inquiry,2025-02-16 12:53:00,2.3,3.2,5
TKT006619,CU00683,AG026,Chat,Billing,2025-06-09 14:45:00,4.1,7.8,5
TKT006620,CU01579,AG015,Phone,Refund,2025-12-07 14:41:00,7.9,11.1,5
TKT006621,CU00924,AG015,Chat,Delivery,2025-03-27 00:03:00,3.5,24.9,1
TKT006622,CU01548,AG037,Email,Technical Issue,2025-08-15 01:47:00,97.4,61.6,3
TKT006623,CU02234,AG035,Chat,Account Access,2025-08-10 12:26:00,4.5,9.6,4
TKT006624,CU01121,AG020,Chat,Technical Issue,2025-01-29 14:18:00,2.4,40.8,4
TKT006625,CU00494,AG013,Email,Technical Issue,2025-01-20 16:29:00,306.3,36.2,2
TKT006626,CU01611,AG008,Phone,Technical Issue,2025-02-23 16:13:00,7.3,5.1,5
TKT006627,CU02891,AG001,Chat,Delivery,2025-01-06 14:18:00,2.4,2.5,4
TKT006628,CU02473,AG020,Chat,Delivery,2025-07-14 10:48:00,1.7,12.4,4
TKT006629,CU01286,AG023,Social Media,Account Access,2025-04-06 15:45:00,330.3,2.3,2
TKT006630,CU01246,AG027,Phone,Account Access,2025-08-07 09:33:00,1.5,4.7,5
TKT006631,CU02335,AG033,Chat,Billing,2025-04-16 17:53:00,1.8,8.1,4
TKT006632,CU00691,AG015,Chat,Refund,2025-05-08 12:09:00,1.0,1.0,5
TKT006633,CU03335,AG007,Phone,Product Inquiry,2025-02-08 19:50:00,4.3,3.5,4
TKT006634,CU03478,AG034,Phone,Delivery,2025-10-18 08:28:00,4.9,1.7,3
TKT006635,CU00102,AG031,Phone,Billing,2025-02-11 16:38:00,2.8,6.2,4
TKT006636,CU03884,AG022,Chat,Product Inquiry,2025-11-30 12:50:00,1.5,35.2,3
TKT006637,CU00094,AG002,Social Media,Refund,2025-03-03 08:47:00,43.5,68.2,2
TKT006638,CU01835,AG019,Social Media,Technical Issue,2025-12-28 14:59:00,115.4,17.3,5
TKT006639,CU02670,AG025,Web Form,Billing,2025-09-22 09:13:00,42.6,4.7,4
TKT006640,CU01309,AG035,Email,Billing,2025-10-28 10:10:00,176.6,10.5,3
TKT006641,CU00815,AG021,Phone,Delivery,2025-10-22 12:01:00,3.0,2.4,3
TKT006642,CU00190,AG019,Chat,Account Access,2025-06-12 11:40:00,2.3,12.9,4
TKT006643,CU02910,AG016,Chat,Technical Issue,2025-03-08 11:30:00,3.0,18.4,5
TKT006644,CU00148,AG017,Web Form,Technical Issue,2025-09-04 11:39:00,71.6,5.3,4
TKT006645,CU01937,AG001,Web Form,Billing,2025-08-28 02:24:00,61.8,3.6,4
TKT006646,CU01572,AG005,Chat,Delivery,2025-10-22 11:20:00,1.9,4.3,4
TKT006647,CU03871,AG031,Phone,Account Access,2025-03-27 11:52:00,5.2,2.9,5
TKT006648,CU03721,AG015,Chat,Technical Issue,2025-10-26 14:10:00,1.4,9.0,5
TKT006649,CU03271,AG035,Phone,Delivery,2025-11-18 13:47:00,3.6,55.0,3
TKT006650,CU02923,AG016,Social Media,Product Inquiry,2025-09-24 08:06:00,108.9,2.6,4
TKT006651,CU02172,AG040,Web Form,Technical Issue,2025-04-09 14:22:00,128.1,5.9,5
TKT006652,CU01398,AG008,Chat,Account Access,2025-04-01 04:02:00,1.4,5.7,4
TKT006653,CU00667,AG008,Phone,Billing,2025-02-17 10:01:00,2.5,39.9,4
TKT006654,CU03873,AG024,Chat,Technical Issue,2025-10-30 15:02:00,2.3,11.8,5
TKT006655,CU01540,AG033,Email,Refund,2025-06-10 15:16:00,271.9,40.3,3
TKT006656,CU01716,AG006,Chat,Product Inquiry,2025-04-22 08:56:00,3.1,8.0,5
TKT006657,CU00565,AG021,Web Form,Billing,2025-02-26 10:21:00,55.7,9.1,5
TKT006658,CU01108,AG009,Social Media,Billing,2025-06-30 12:36:00,176.6,10.7,3
TKT006659,CU02539,AG030,Email,Technical Issue,2025-03-14 11:40:00,51.7,18.8,5
TKT006660,CU01706,AG023,Email,Delivery,2025-11-02 15:52:00,244.2,8.1,3
TKT006661,CU02344,AG027,Phone,Technical Issue,2025-05-04 16:54:00,3.4,34.6,3
TKT006662,CU00847,AG011,Social Media,Account Access,2025-06-12 04:02:00,127.3,42.9,1
TKT006663,CU00329,AG012,Chat,Technical Issue,2025-08-30 16:13:00,3.5,6.1,4
TKT006664,CU03543,AG026,Chat,Delivery,2025-09-13 19:46:00,2.2,15.5,4
TKT006665,CU01729,AG015,Chat,Product Inquiry,2025-02-12 19:47:00,2.1,3.0,5
TKT006666,CU01445,AG028,Chat,Technical Issue,2025-01-28 05:58:00,1.6,11.2,5
TKT006667,CU01145,AG007,Chat,Delivery,2025-04-14 19:43:00,5.1,3.6,4
TKT006668,CU02632,AG013,Chat,Refund,2025-09-30 08:32:00,2.4,2.8,4
TKT006669,CU02253,AG005,Chat,Technical Issue,2025-11-10 10:21:00,2.3,3.4,5
TKT006670,CU01557,AG004,Social Media,Product Inquiry,2025-12-21 11:28:00,206.4,1.4,2
TKT006671,CU03724,AG011,Email,Delivery,2025-04-10 10:00:00,106.2,51.6,3
TKT006672,CU03607,AG020,Chat,Account Access,2025-10-06 10:41:00,1.7,1.6,5
TKT006673,CU00795,AG006,Chat,Delivery,2025-03-03 08:01:00,3.3,3.2,3
TKT006674,CU02570,AG004,Email,Billing,2025-03-11 15:38:00,371.5,7.2,2
TKT006675,CU03874,AG036,Social Media,Technical Issue,2025-07-14 14:37:00,92.2,3.2,3
TKT006676,CU01954,AG021,Email,Billing,2025-02-05 14:59:00,173.2,19.4,4
TKT006677,CU00121,AG029,Phone,Delivery,2025-01-13 13:50:00,1.7,1.2,5
TKT006678,CU00529,AG030,Phone,Product Inquiry,2025-12-30 09:43:00,8.1,12.1,5
TKT006679,CU02671,AG005,Chat,Billing,2025-10-21 14:37:00,1.1,8.4,3
TKT006680,CU03608,AG025,Chat,Technical Issue,2025-09-04 15:17:00,1.5,43.3,3
TKT006681,CU00514,AG035,Email,Technical Issue,2025-03-23 05:46:00,155.3,40.3,1
TKT006682,CU02188,AG018,Social Media,Product Inquiry,2025-01-28 22:33:00,63.0,16.4,3
TKT006683,CU01988,AG035,Email,Technical Issue,2025-02-18 14:30:00,48.2,55.8,4
TKT006684,CU01141,AG038,Social Media,Product Inquiry,2025-06-03 15:37:00,45.6,2.6,5
TKT006685,CU02527,AG022,Phone,Technical Issue,2025-10-22 14:15:00,4.2,3.0,3
TKT006686,CU03512,AG005,Chat,Technical Issue,2025-08-05 15:15:00,4.6,70.4,2
TKT006687,CU00957,AG025,Phone,Technical Issue,2025-11-04 15:02:00,8.7,19.7,5
TKT006688,CU00218,AG036,Chat,Account Access,2025-11-28 17:23:00,2.5,3.4,4
TKT006689,CU01437,AG024,Web Form,Billing,2025-09-26 08:49:00,60.0,13.4,4
TKT006690,CU01257,AG033,Email,Product Inquiry,2025-02-06 08:05:00,217.1,4.0,5
TKT006691,CU02909,AG022,Chat,Account Access,2025-03-27 09:28:00,4.1,3.0,5
TKT006692,CU02148,AG017,Chat,Technical Issue,2025-05-04 21:51:00,2.1,5.4,5
TKT006693,CU00072,AG038,Chat,Delivery,2025-07-12 11:52:00,2.2,1.1,3
TKT006694,CU01360,AG007,Chat,Billing,2025-10-17 10:55:00,2.2,8.8,4
TKT006695,CU02941,AG018,Social Media,Delivery,2025-12-20 09:22:00,156.8,5.8,4
TKT006696,CU01907,AG007,Chat,Refund,2025-12-25 13:20:00,1.0,7.3,4
TKT006697,CU02252,AG027,Email,Product Inquiry,2025-06-24 19:16:00,141.3,36.9,4
TKT006698,CU01058,AG037,Web Form,Account Access,2025-12-28 15:24:00,68.6,4.9,3
TKT006699,CU01278,AG040,Chat,Billing,2025-12-13 08:40:00,1.0,51.1,2
TKT006700,CU00521,AG010,Chat,Billing,2025-03-02 18:40:00,3.3,9.8,4
TKT006701,CU00327,AG030,Chat,Billing,2025-09-04 20:36:00,3.6,2.3,4
TKT006702,CU00148,AG035,Email,Billing,2025-06-10 16:27:00,48.0,1.2,5
TKT006703,CU02498,AG034,Chat,Technical Issue,2025-11-05 14:42:00,1.6,2.0,4
TKT006704,CU00631,AG021,Phone,Technical Issue,2025-11-13 15:20:00,3.2,41.2,2
TKT006705,CU02296,AG007,Email,Product Inquiry,2025-03-12 16:05:00,85.9,12.8,5
TKT006706,CU03812,AG019,Email,Product Inquiry,2025-08-09 18:57:00,92.6,5.5,5
TKT006707,CU02789,AG032,Email,Technical Issue,2025-12-05 15:05:00,105.0,55.2,3
TKT006708,CU02302,AG025,Email,Product Inquiry,2025-09-01 13:51:00,195.8,7.2,4
TKT006709,CU00468,AG016,Chat,Refund,2025-11-08 08:34:00,4.0,13.4,5
TKT006710,CU01956,AG009,Chat,Technical Issue,2025-09-21 11:58:00,2.7,6.0,5
TKT006711,CU03565,AG027,Email,Product Inquiry,2025-10-14 06:32:00,84.7,59.9,3
TKT006712,CU01538,AG018,Chat,Product Inquiry,2025-11-06 16:03:00,3.1,6.3,1
TKT006713,CU03305,AG019,Email,Delivery,2025-12-10 23:05:00,195.2,19.2,5
TKT006714,CU02834,AG038,Social Media,Refund,2025-03-14 07:05:00,17.9,4.3,2
TKT006715,CU01068,AG001,Phone,Billing,2025-10-15 12:25:00,7.9,26.5,1
TKT006716,CU00566,AG010,Email,Account Access,2025-05-21 16:45:00,150.7,7.6,4
TKT006717,CU00068,AG037,Web Form,Delivery,2025-07-30 03:38:00,60.4,15.0,1
TKT006718,CU01105,AG037,Phone,Account Access,2025-08-28 12:48:00,1.5,3.6,3
TKT006719,CU01332,AG013,Email,Billing,2025-08-25 17:32:00,340.1,3.1,5
TKT006720,CU02624,AG040,Phone,Delivery,2025-03-13 10:07:00,4.8,0.6,4
TKT006721,CU02291,AG009,Phone,Refund,2025-10-27 15:11:00,6.1,4.6,4
TKT006722,CU01917,AG003,Phone,Refund,2025-09-19 14:09:00,1.9,64.0,3
TKT006723,CU02892,AG013,Chat,Technical Issue,2025-10-01 16:55:00,2.7,3.9,4
TKT006724,CU03081,AG022,Web Form,Billing,2025-08-14 09:48:00,73.7,59.9,2
TKT006725,CU02854,AG001,Chat,Technical Issue,2025-08-05 08:02:00,1.8,0.6,5
TKT006726,CU03589,AG007,Phone,Delivery,2025-04-12 01:13:00,2.0,8.4,4
TKT006727,CU01439,AG032,Web Form,Technical Issue,2025-08-07 13:16:00,53.2,3.8,5
TKT006728,CU03294,AG025,Chat,Product Inquiry,2025-04-13 08:42:00,1.2,12.1,5
TKT006729,CU01684,AG025,Social Media,Delivery,2025-11-18 15:04:00,61.3,12.3,3
TKT006730,CU00737,AG040,Chat,Billing,2025-01-19 14:58:00,3.8,4.7,5
TKT006731,CU00584,AG010,Web Form,Delivery,2025-01-04 18:17:00,57.7,3.5,4
TKT006732,CU00366,AG036,Chat,Technical Issue,2025-09-24 17:51:00,1.9,48.1,1
TKT006733,CU03823,AG015,Phone,Technical Issue,2025-09-20 11:41:00,2.1,61.7,3
TKT006734,CU00678,AG037,Chat,Technical Issue,2025-07-24 10:22:00,2.0,10.1,5
TKT006735,CU03342,AG032,Chat,Account Access,2025-07-26 06:01:00,1.8,26.3,3
TKT006736,CU03135,AG009,Phone,Refund,2025-01-13 16:33:00,2.3,3.2,4
TKT006737,CU01757,AG009,Social Media,Technical Issue,2025-11-02 13:02:00,163.5,3.6,5
TKT006738,CU03656,AG022,Social Media,Delivery,2025-11-06 10:43:00,159.2,48.3,5
TKT006739,CU03634,AG021,Chat,Technical Issue,2025-03-16 16:12:00,1.3,4.8,4
TKT006740,CU03702,AG010,Email,Billing,2025-01-06 10:57:00,174.1,25.9,3
TKT006741,CU01988,AG011,Chat,Delivery,2025-07-11 13:01:00,1.0,61.6,4
TKT006742,CU01193,AG036,Email,Refund,2025-04-03 12:20:00,166.8,58.4,5
TKT006743,CU00176,AG031,Chat,Product Inquiry,2025-02-16 09:23:00,3.1,18.5,5
TKT006744,CU03362,AG008,Email,Delivery,2025-02-11 17:46:00,75.5,17.2,3
TKT006745,CU03492,AG030,Email,Billing,2025-08-29 16:13:00,141.2,11.8,3
TKT006746,CU02145,AG007,Web Form,Technical Issue,2025-05-12 13:46:00,59.0,32.0,1
TKT006747,CU00284,AG018,Social Media,Billing,2025-10-06 15:19:00,440.9,40.3,2
TKT006748,CU03292,AG001,Email,Product Inquiry,2025-04-25 07:04:00,578.9,18.1,3
TKT006749,CU01194,AG026,Chat,Account Access,2025-08-16 12:50:00,2.4,3.8,5
TKT006750,CU02194,AG008,Phone,Billing,2025-04-10 14:11:00,2.8,12.8,3
TKT006751,CU02638,AG010,Chat,Technical Issue,2025-07-22 11:25:00,2.3,7.8,5
TKT006752,CU00584,AG008,Chat,Technical Issue,2025-09-13 16:36:00,3.7,3.6,5
TKT006753,CU00252,AG008,Email,Delivery,2025-05-06 13:00:00,55.8,9.1,4
TKT006754,CU00317,AG004,Web Form,Billing,2025-11-21 11:38:00,17.4,8.2,5
TKT006755,CU03837,AG023,Web Form,Product Inquiry,2025-08-22 12:32:00,29.3,0.9,4
TKT006756,CU03829,AG035,Email,Billing,2025-03-15 16:46:00,212.9,5.0,4
TKT006757,CU01708,AG013,Email,Refund,2025-11-25 06:06:00,219.9,6.6,5
TKT006758,CU01704,AG032,Web Form,Technical Issue,2025-07-02 18:52:00,70.1,60.5,1
TKT006759,CU01628,AG022,Chat,Technical Issue,2025-09-21 05:03:00,3.7,58.4,3
TKT006760,CU01403,AG011,Chat,Billing,2025-05-07 08:56:00,1.8,5.2,3
TKT006761,CU02176,AG003,Phone,Technical Issue,2025-01-09 17:19:00,3.4,48.1,5
TKT006762,CU01426,AG032,Web Form,Product Inquiry,2025-07-25 11:04:00,68.0,4.5,3
TKT006763,CU02465,AG001,Email,Refund,2025-07-05 12:16:00,358.8,16.4,4
TKT006764,CU01516,AG017,Chat,Billing,2025-09-22 11:29:00,2.5,15.5,5
TKT006765,CU02520,AG002,Email,Account Access,2025-09-26 07:06:00,132.8,2.0,4
TKT006766,CU03780,AG032,Chat,Account Access,2025-09-09 14:17:00,2.5,5.9,5
TKT006767,CU00824,AG040,Social Media,Account Access,2025-07-04 15:17:00,196.8,10.4,3
TKT006768,CU00251,AG013,Email,Technical Issue,2025-01-03 08:09:00,114.9,3.2,5
TKT006769,CU02107,AG013,Web Form,Billing,2025-08-04 16:29:00,43.0,5.8,5
TKT006770,CU00477,AG023,Social Media,Technical Issue,2025-12-13 07:01:00,69.3,59.2,3
TKT006771,CU00926,AG021,Email,Product Inquiry,2025-11-29 17:15:00,219.2,2.1,5
TKT006772,CU03159,AG016,Phone,Billing,2025-01-30 16:08:00,2.6,6.1,5
TKT006773,CU01672,AG015,Social Media,Delivery,2025-11-15 19:01:00,128.0,2.0,4
TKT006774,CU02198,AG008,Web Form,Product Inquiry,2025-02-22 17:28:00,24.5,7.0,2
TKT006775,CU03105,AG011,Email,Billing,2025-01-30 18:53:00,121.4,6.4,5
TKT006776,CU00515,AG024,Social Media,Technical Issue,2025-01-10 21:20:00,87.2,65.7,4
TKT006777,CU01915,AG030,Email,Billing,2025-07-06 18:39:00,374.3,56.1,3
TKT006778,CU00138,AG031,Chat,Delivery,2025-03-06 17:08:00,3.4,1.3,1
TKT006779,CU01997,AG021,Chat,Account Access,2025-08-16 09:42:00,1.6,21.9,5
TKT006780,CU00897,AG031,Chat,Technical Issue,2025-06-20 16:40:00,1.5,5.3,4
TKT006781,CU03645,AG024,Chat,Technical Issue,2025-11-07 15:24:00,1.4,8.8,5
TKT006782,CU01044,AG015,Chat,Delivery,2025-03-18 21:16:00,1.1,6.2,4
TKT006783,CU00801,AG015,Web Form,Delivery,2025-04-07 16:34:00,133.8,5.0,4
TKT006784,CU00057,AG021,Phone,Technical Issue,2025-07-08 09:36:00,2.6,6.4,1
TKT006785,CU00534,AG013,Chat,Refund,2025-02-21 08:42:00,5.2,3.2,5
TKT006786,CU00865,AG031,Email,Billing,2025-06-17 10:11:00,147.9,31.1,3
TKT006787,CU00913,AG008,Chat,Technical Issue,2025-08-06 13:21:00,1.9,11.3,5
TKT006788,CU02954,AG003,Social Media,Billing,2025-08-14 15:49:00,95.0,5.1,4
TKT006789,CU03551,AG020,Social Media,Delivery,2025-06-20 09:49:00,175.1,57.5,2
TKT006790,CU03422,AG003,Social Media,Delivery,2025-02-06 09:48:00,56.3,8.2,3
TKT006791,CU03826,AG008,Chat,Account Access,2025-04-05 10:46:00,2.6,2.7,5
TKT006792,CU03593,AG016,Email,Billing,2025-01-27 17:04:00,137.0,62.6,3
TKT006793,CU01822,AG001,Social Media,Billing,2025-12-11 11:17:00,112.4,12.3,5
TKT006794,CU01560,AG009,Chat,Billing,2025-08-01 06:16:00,1.8,4.2,5
TKT006795,CU02598,AG022,Web Form,Billing,2025-04-26 14:19:00,45.1,7.2,5
TKT006796,CU01278,AG015,Email,Account Access,2025-04-21 00:29:00,186.9,1.9,2
TKT006797,CU02415,AG036,Chat,Billing,2025-01-21 15:11:00,1.0,61.4,1
TKT006798,CU04000,AG004,Email,Technical Issue,2025-06-22 18:47:00,301.4,58.3,2
TKT006799,CU00793,AG029,Web Form,Billing,2025-01-22 08:30:00,58.4,2.0,5
TKT006800,CU03078,AG024,Phone,Technical Issue,2025-09-14 18:04:00,3.0,4.3,4
TKT006801,CU03742,AG026,Phone,Account Access,2025-03-15 15:48:00,4.9,7.0,3
TKT006802,CU02150,AG027,Chat,Billing,2025-02-06 07:18:00,1.4,62.5,3
TKT006803,CU01425,AG003,Web Form,Delivery,2025-02-12 09:33:00,57.4,10.9,5
TKT006804,CU01020,AG032,Chat,Technical Issue,2025-01-11 09:25:00,2.1,14.8,5
TKT006805,CU00672,AG014,Email,Billing,2025-05-25 09:21:00,279.7,41.9,5
TKT006806,CU01286,AG027,Chat,Technical Issue,2025-01-22 10:19:00,2.3,9.6,4
TKT006807,CU02987,AG012,Social Media,Technical Issue,2025-01-30 19:24:00,48.6,4.7,2
TKT006808,CU02062,AG016,Chat,Delivery,2025-03-21 09:04:00,2.8,7.5,3
TKT006809,CU00886,AG029,Phone,Technical Issue,2025-07-24 20:41:00,5.9,2.6,4
TKT006810,CU02169,AG038,Email,Technical Issue,2025-03-22 14:38:00,57.7,7.4,2
TKT006811,CU03237,AG036,Web Form,Billing,2025-05-30 13:30:00,28.6,7.4,5
TKT006812,CU00055,AG030,Chat,Billing,2025-06-06 15:53:00,6.0,5.4,3
TKT006813,CU00083,AG022,Chat,Product Inquiry,2025-08-07 17:33:00,1.7,5.4,5
TKT006814,CU03838,AG022,Social Media,Product Inquiry,2025-01-18 21:23:00,76.0,64.2,3
TKT006815,CU02994,AG039,Email,Billing,2025-12-28 00:36:00,137.3,65.2,2
TKT006816,CU02303,AG009,Web Form,Technical Issue,2025-02-03 11:47:00,38.7,51.2,5
TKT006817,CU03625,AG039,Web Form,Account Access,2025-12-29 08:44:00,20.7,46.7,3
TKT006818,CU02357,AG026,Social Media,Account Access,2025-04-15 08:34:00,48.5,15.7,5
TKT006819,CU02083,AG025,Email,Billing,2025-06-02 08:37:00,98.5,40.2,1
TKT006820,CU00846,AG024,Chat,Technical Issue,2025-01-25 16:58:00,1.5,4.5,5
TKT006821,CU03243,AG033,Email,Technical Issue,2025-05-14 05:41:00,91.7,45.3,4
TKT006822,CU03060,AG028,Social Media,Technical Issue,2025-11-25 18:42:00,39.6,2.5,3
TKT006823,CU01183,AG004,Web Form,Billing,2025-09-06 16:39:00,40.6,3.8,3
TKT006824,CU02950,AG032,Chat,Account Access,2025-08-16 11:57:00,3.7,10.5,5
TKT006825,CU02909,AG030,Email,Refund,2025-05-15 12:55:00,96.7,9.0,2
TKT006826,CU00381,AG037,Phone,Technical Issue,2025-12-04 15:20:00,3.6,30.4,2
TKT006827,CU00642,AG038,Email,Delivery,2025-10-12 01:44:00,309.7,13.2,4
TKT006828,CU02380,AG038,Chat,Technical Issue,2025-04-03 11:39:00,1.4,6.0,4
TKT006829,CU02495,AG002,Phone,Technical Issue,2025-08-08 08:32:00,21.5,8.4,3
TKT006830,CU02633,AG026,Chat,Delivery,2025-05-25 08:30:00,3.3,39.5,2
TKT006831,CU01493,AG038,Phone,Technical Issue,2025-03-14 14:53:00,4.2,9.5,5
TKT006832,CU03343,AG039,Email,Product Inquiry,2025-08-28 09:54:00,122.1,1.4,4
TKT006833,CU01783,AG022,Chat,Product Inquiry,2025-06-01 11:54:00,4.2,5.7,4
TKT006834,CU00825,AG037,Phone,Technical Issue,2025-02-05 16:18:00,2.7,5.0,4
TKT006835,CU00461,AG036,Phone,Technical Issue,2025-11-12 15:21:00,3.2,7.0,5
TKT006836,CU03511,AG001,Phone,Technical Issue,2025-08-10 10:05:00,9.7,19.7,3
TKT006837,CU02829,AG036,Web Form,Product Inquiry,2025-07-21 05:48:00,44.7,53.8,4
TKT006838,CU01846,AG026,Email,Technical Issue,2025-12-31 03:41:00,108.3,69.3,5
TKT006839,CU00838,AG023,Email,Delivery,2025-09-17 13:58:00,97.3,9.4,4
TKT006840,CU00387,AG008,Phone,Billing,2025-12-24 12:44:00,1.4,9.7,4
TKT006841,CU00612,AG037,Chat,Account Access,2025-09-17 17:12:00,3.5,5.1,3
TKT006842,CU00423,AG012,Phone,Technical Issue,2025-03-03 06:17:00,3.9,2.3,5
TKT006843,CU02118,AG017,Email,Refund,2025-06-25 18:23:00,252.1,7.3,5
TKT006844,CU00792,AG012,Chat,Delivery,2025-07-05 09:45:00,1.8,4.5,5
TKT006845,CU00512,AG039,Chat,Technical Issue,2025-04-18 11:24:00,1.6,7.6,4
TKT006846,CU01132,AG020,Web Form,Technical Issue,2025-04-23 18:58:00,38.2,3.8,4
TKT006847,CU02798,AG005,Email,Billing,2025-08-06 18:36:00,203.9,24.9,2
TKT006848,CU01986,AG001,Chat,Account Access,2025-05-31 13:22:00,1.3,14.8,5
TKT006849,CU00615,AG040,Chat,Refund,2025-02-11 06:57:00,2.5,3.4,5
TKT006850,CU02996,AG010,Email,Billing,2025-08-01 14:32:00,143.0,41.8,3
TKT006851,CU01959,AG031,Social Media,Product Inquiry,2025-08-07 16:18:00,50.7,44.9,1
TKT006852,CU00747,AG002,Chat,Technical Issue,2025-10-26 09:23:00,1.6,44.7,4
TKT006853,CU02765,AG036,Web Form,Refund,2025-02-07 08:45:00,55.3,71.4,3
TKT006854,CU03971,AG027,Chat,Product Inquiry,2025-06-16 13:05:00,1.7,1.2,5
TKT006855,CU02161,AG009,Phone,Delivery,2025-11-26 16:46:00,11.3,68.3,3
TKT006856,CU00647,AG036,Email,Product Inquiry,2025-04-07 13:06:00,159.3,9.1,4
TKT006857,CU01239,AG012,Email,Billing,2025-09-29 09:41:00,125.7,5.2,2
TKT006858,CU02398,AG040,Email,Delivery,2025-05-06 18:43:00,114.7,26.5,3
TKT006859,CU03998,AG024,Phone,Technical Issue,2025-03-08 18:35:00,3.5,7.6,5
TKT006860,CU03716,AG018,Phone,Billing,2025-09-17 15:11:00,2.9,34.6,3
TKT006861,CU03733,AG003,Chat,Account Access,2025-10-14 06:34:00,1.3,4.6,5
TKT006862,CU03331,AG011,Email,Refund,2025-11-30 09:49:00,194.6,65.9,2
TKT006863,CU02300,AG003,Phone,Product Inquiry,2025-09-22 15:16:00,9.3,55.8,1
TKT006864,CU02592,AG035,Social Media,Account Access,2025-04-22 17:55:00,70.2,2.2,1
TKT006865,CU02936,AG005,Email,Refund,2025-09-23 12:08:00,177.3,5.6,4
TKT006866,CU02862,AG005,Email,Refund,2025-01-12 10:53:00,97.2,59.9,5
TKT006867,CU02555,AG005,Social Media,Delivery,2025-05-03 19:20:00,95.3,15.2,3
TKT006868,CU00537,AG039,Email,Technical Issue,2025-03-19 11:42:00,68.2,12.8,4
TKT006869,CU03520,AG039,Email,Account Access,2025-07-10 20:13:00,87.6,46.3,5
TKT006870,CU00039,AG029,Email,Account Access,2025-09-09 13:37:00,85.8,5.1,5
TKT006871,CU01704,AG003,Phone,Refund,2025-08-02 14:39:00,3.7,55.0,4
TKT006872,CU01737,AG021,Chat,Account Access,2025-03-08 07:29:00,1.1,2.4,3
TKT006873,CU03985,AG038,Chat,Refund,2025-05-18 09:51:00,1.0,6.4,5
TKT006874,CU00359,AG004,Phone,Product Inquiry,2025-02-03 22:54:00,1.9,3.5,3
TKT006875,CU01904,AG032,Chat,Account Access,2025-07-24 16:09:00,1.8,3.6,4
TKT006876,CU01432,AG001,Chat,Refund,2025-09-29 13:48:00,1.3,23.9,4
TKT006877,CU00391,AG033,Chat,Account Access,2025-03-31 13:39:00,1.5,4.5,3
TKT006878,CU00895,AG022,Chat,Delivery,2025-07-12 07:31:00,2.3,8.7,3
TKT006879,CU01689,AG036,Phone,Account Access,2025-11-16 17:07:00,2.5,3.7,2
TKT006880,CU03666,AG017,Email,Product Inquiry,2025-02-11 06:36:00,134.0,2.9,4
TKT006881,CU01553,AG032,Chat,Refund,2025-12-17 11:22:00,6.5,4.0,3
TKT006882,CU03521,AG034,Phone,Delivery,2025-05-02 11:02:00,3.2,5.0,5
TKT006883,CU02936,AG013,Chat,Billing,2025-04-30 14:10:00,1.8,7.3,3
TKT006884,CU03276,AG026,Email,Account Access,2025-09-18 12:05:00,172.6,7.4,5
TKT006885,CU03415,AG019,Web Form,Refund,2025-05-05 21:17:00,35.1,5.5,5
TKT006886,CU02856,AG018,Web Form,Product Inquiry,2025-05-29 17:10:00,39.7,1.0,4
TKT006887,CU02934,AG032,Chat,Product Inquiry,2025-03-20 21:51:00,1.9,12.0,5
TKT006888,CU00617,AG010,Phone,Delivery,2025-02-19 13:17:00,4.5,2.0,3
TKT006889,CU02869,AG005,Email,Delivery,2025-11-12 10:25:00,83.9,33.1,2
TKT006890,CU00194,AG020,Chat,Technical Issue,2025-02-05 22:44:00,2.7,6.7,3
TKT006891,CU02950,AG033,Chat,Delivery,2025-03-01 06:06:00,4.7,9.4,4
TKT006892,CU02616,AG007,Social Media,Billing,2025-10-29 20:21:00,31.4,14.4,5
TKT006893,CU03028,AG014,Chat,Refund,2025-10-19 07:11:00,2.5,13.5,3
TKT006894,CU02570,AG027,Chat,Technical Issue,2025-03-20 17:31:00,1.9,49.7,5
TKT006895,CU01475,AG020,Email,Product Inquiry,2025-10-31 17:50:00,118.9,37.8,2
TKT006896,CU01478,AG025,Email,Account Access,2025-09-22 15:32:00,167.5,5.7,4
TKT006897,CU02385,AG022,Chat,Technical Issue,2025-04-26 17:24:00,4.3,5.7,5
TKT006898,CU01891,AG033,Chat,Account Access,2025-01-29 07:05:00,2.3,39.0,4
TKT006899,CU01363,AG036,Chat,Delivery,2025-10-11 11:56:00,3.4,53.2,2
TKT006900,CU01957,AG018,Chat,Delivery,2025-09-06 10:27:00,2.0,8.9,5
TKT006901,CU02147,AG018,Chat,Delivery,2025-06-15 22:33:00,2.4,9.0,3
TKT006902,CU00960,AG012,Chat,Account Access,2025-04-11 12:30:00,1.5,4.7,5
TKT006903,CU02553,AG018,Chat,Technical Issue,2025-05-08 05:30:00,2.0,52.7,2
TKT006904,CU01257,AG034,Chat,Refund,2025-04-10 09:06:00,1.7,11.2,5
TKT006905,CU01071,AG021,Web Form,Product Inquiry,2025-11-23 18:27:00,58.3,1.8,4
TKT006906,CU01674,AG028,Email,Delivery,2025-03-16 19:25:00,56.3,31.9,3
TKT006907,CU00414,AG017,Chat,Technical Issue,2025-06-15 20:46:00,1.1,4.4,3
TKT006908,CU02413,AG029,Email,Delivery,2025-08-22 08:25:00,269.1,9.1,5
TKT006909,CU02934,AG029,Chat,Technical Issue,2025-01-21 15:50:00,4.3,3.2,5
TKT006910,CU03824,AG022,Phone,Product Inquiry,2025-07-03 11:39:00,1.5,4.7,3
TKT006911,CU01135,AG038,Phone,Technical Issue,2025-08-20 16:07:00,2.9,14.2,4
TKT006912,CU02154,AG036,Phone,Technical Issue,2025-07-12 18:53:00,2.7,45.9,2
TKT006913,CU02015,AG007,Chat,Technical Issue,2025-08-29 09:24:00,2.3,8.0,3
TKT006914,CU02925,AG010,Email,Delivery,2025-06-28 13:42:00,133.7,34.7,5
TKT006915,CU02500,AG039,Social Media,Delivery,2025-08-20 10:16:00,130.8,1.4,5
TKT006916,CU03229,AG017,Email,Delivery,2025-12-23 12:45:00,66.6,39.3,5
TKT006917,CU03403,AG013,Web Form,Billing,2025-05-12 10:53:00,66.7,12.1,4
TKT006918,CU00455,AG032,Email,Refund,2025-05-11 10:01:00,116.5,6.4,4
TKT006919,CU01421,AG025,Chat,Billing,2025-09-05 10:44:00,1.3,11.1,5
TKT006920,CU02613,AG006,Chat,Technical Issue,2025-02-02 10:44:00,2.5,5.0,3
TKT006921,CU02176,AG004,Email,Delivery,2025-04-17 14:17:00,122.2,4.8,5
TKT006922,CU01929,AG033,Phone,Account Access,2025-03-02 14:23:00,3.8,11.6,4
TKT006923,CU00693,AG031,Email,Account Access,2025-06-19 20:24:00,292.0,4.9,5
TKT006924,CU02290,AG015,Phone,Billing,2025-02-14 11:26:00,4.2,13.8,5
TKT006925,CU02963,AG035,Email,Delivery,2025-03-21 15:25:00,408.0,17.4,4
TKT006926,CU00154,AG006,Phone,Technical Issue,2025-06-05 21:54:00,1.1,6.0,1
TKT006927,CU02367,AG035,Chat,Account Access,2025-08-12 12:55:00,2.0,10.1,3
TKT006928,CU03625,AG004,Chat,Billing,2025-06-07 17:56:00,1.1,14.8,4
TKT006929,CU02295,AG026,Email,Delivery,2025-10-23 21:28:00,84.0,55.4,1
TKT006930,CU03812,AG034,Phone,Technical Issue,2025-10-19 17:41:00,2.8,71.0,4
TKT006931,CU01411,AG025,Email,Technical Issue,2025-02-05 06:01:00,232.5,8.6,4
TKT006932,CU00014,AG032,Email,Billing,2025-09-11 08:01:00,111.9,66.3,2
TKT006933,CU02729,AG014,Chat,Account Access,2025-01-10 10:43:00,1.1,9.2,5
TKT006934,CU00852,AG012,Chat,Technical Issue,2025-03-05 15:39:00,2.9,6.0,3
TKT006935,CU00039,AG011,Chat,Delivery,2025-10-05 15:05:00,1.0,6.0,3
TKT006936,CU00721,AG005,Email,Billing,2025-08-01 08:39:00,351.2,33.4,3
TKT006937,CU03737,AG012,Social Media,Billing,2025-04-28 12:37:00,44.2,48.2,1
TKT006938,CU03126,AG010,Social Media,Account Access,2025-02-26 12:44:00,76.8,0.5,5
TKT006939,CU01101,AG031,Chat,Billing,2025-04-29 15:30:00,5.8,10.4,4
TKT006940,CU02393,AG009,Email,Delivery,2025-10-12 09:45:00,117.1,6.0,4
TKT006941,CU01358,AG007,Email,Delivery,2025-07-26 09:45:00,176.7,7.9,4
TKT006942,CU00710,AG030,Chat,Delivery,2025-02-17 14:35:00,1.9,1.2,2
TKT006943,CU03954,AG022,Chat,Account Access,2025-06-27 06:33:00,2.0,9.2,5
TKT006944,CU03256,AG009,Email,Billing,2025-03-15 15:47:00,89.3,23.7,4
TKT006945,CU01454,AG029,Email,Technical Issue,2025-02-14 12:10:00,179.6,1.2,4
TKT006946,CU01414,AG009,Chat,Billing,2025-02-01 13:58:00,4.2,11.8,3
TKT006947,CU03263,AG032,Phone,Refund,2025-10-05 17:53:00,1.4,10.5,4
TKT006948,CU01844,AG002,Email,Technical Issue,2025-02-28 08:32:00,84.2,3.0,5
TKT006949,CU01508,AG024,Web Form,Technical Issue,2025-03-06 09:54:00,40.6,3.9,3
TKT006950,CU01550,AG024,Chat,Delivery,2025-11-13 19:43:00,1.2,5.4,5
TKT006951,CU01788,AG015,Chat,Account Access,2025-10-29 16:25:00,2.8,5.9,4
TKT006952,CU02086,AG028,Chat,Product Inquiry,2025-07-03 09:25:00,1.4,8.8,5
TKT006953,CU00161,AG016,Social Media,Technical Issue,2025-10-06 16:36:00,94.1,2.9,3
TKT006954,CU01921,AG027,Chat,Refund,2025-01-09 12:15:00,4.5,5.2,4
TKT006955,CU01760,AG009,Email,Delivery,2025-03-03 14:33:00,52.2,11.0,1
TKT006956,CU01099,AG023,Email,Delivery,2025-05-10 17:24:00,166.7,38.3,1
TKT006957,CU01422,AG031,Email,Billing,2025-10-04 05:32:00,130.9,11.0,4
TKT006958,CU01699,AG039,Email,Billing,2025-02-03 14:24:00,131.1,3.0,4
TKT006959,CU01465,AG015,Chat,Technical Issue,2025-08-30 10:05:00,1.2,12.1,2
TKT006960,CU03634,AG019,Chat,Refund,2025-01-26 13:43:00,1.6,3.3,5
TKT006961,CU02115,AG020,Chat,Technical Issue,2025-12-25 11:29:00,2.0,3.4,3
TKT006962,CU02012,AG035,Chat,Technical Issue,2025-03-18 20:11:00,1.8,5.9,4
TKT006963,CU01052,AG039,Phone,Billing,2025-09-17 14:13:00,5.9,7.0,4
TKT006964,CU03666,AG026,Email,Refund,2025-08-16 18:30:00,76.7,70.4,3
TKT006965,CU00093,AG033,Chat,Billing,2025-05-23 09:47:00,1.0,4.2,4
TKT006966,CU02201,AG004,Email,Billing,2025-10-06 11:15:00,46.4,9.9,4
TKT006967,CU00676,AG031,Chat,Delivery,2025-08-15 17:50:00,2.2,3.0,4
TKT006968,CU03076,AG033,Email,Product Inquiry,2025-06-14 09:47:00,212.2,60.2,3
TKT006969,CU01514,AG029,Phone,Refund,2025-08-30 23:01:00,2.1,4.5,4
TKT006970,CU01175,AG024,Email,Account Access,2025-04-15 15:08:00,69.9,9.3,2
TKT006971,CU00232,AG036,Web Form,Technical Issue,2025-09-30 19:44:00,155.4,39.6,5
TKT006972,CU03162,AG027,Email,Technical Issue,2025-09-13 07:33:00,282.6,58.0,5
TKT006973,CU01586,AG034,Email,Technical Issue,2025-06-21 11:06:00,291.5,2.5,4
TKT006974,CU01058,AG008,Chat,Billing,2025-08-29 10:59:00,2.4,4.6,4
TKT006975,CU03378,AG027,Chat,Billing,2025-10-30 21:00:00,2.9,8.4,3
TKT006976,CU00079,AG018,Phone,Account Access,2025-08-23 08:24:00,3.4,5.4,4
TKT006977,CU01876,AG035,Phone,Billing,2025-04-15 16:00:00,1.8,15.3,5
TKT006978,CU00643,AG036,Chat,Delivery,2025-04-12 15:54:00,1.0,4.4,5
TKT006979,CU00508,AG034,Chat,Technical Issue,2025-12-18 18:27:00,2.0,9.1,3
TKT006980,CU00087,AG009,Chat,Product Inquiry,2025-10-23 22:37:00,3.3,3.2,4
TKT006981,CU00749,AG020,Phone,Refund,2025-04-24 17:48:00,3.6,15.2,5
TKT006982,CU03789,AG001,Phone,Billing,2025-09-19 09:15:00,5.6,48.3,5
TKT006983,CU01783,AG040,Chat,Billing,2025-01-14 18:18:00,1.9,7.2,4
TKT006984,CU04000,AG011,Email,Product Inquiry,2025-09-10 13:37:00,165.5,6.5,4
TKT006985,CU01070,AG025,Email,Product Inquiry,2025-03-15 15:55:00,213.9,5.5,5
TKT006986,CU03049,AG020,Email,Billing,2025-04-24 10:11:00,291.1,68.6,4
TKT006987,CU00359,AG037,Phone,Technical Issue,2025-12-05 17:25:00,4.7,11.1,1
TKT006988,CU00433,AG033,Phone,Product Inquiry,2025-02-20 12:15:00,11.6,1.9,2
TKT006989,CU00066,AG032,Chat,Delivery,2025-10-16 17:11:00,1.8,7.5,3
TKT006990,CU03596,AG026,Phone,Delivery,2025-05-28 12:11:00,8.3,1.0,4
TKT006991,CU02687,AG005,Chat,Billing,2025-06-10 14:27:00,2.8,8.4,1
TKT006992,CU02976,AG037,Web Form,Refund,2025-06-18 07:06:00,20.1,7.8,5
TKT006993,CU03710,AG003,Phone,Account Access,2025-11-27 07:37:00,8.7,2.0,4
TKT006994,CU01329,AG019,Web Form,Account Access,2025-07-02 21:11:00,33.2,2.8,3
TKT006995,CU02891,AG016,Phone,Delivery,2025-04-01 16:30:00,3.5,4.9,3
TKT006996,CU02010,AG016,Phone,Billing,2025-01-03 08:14:00,6.5,3.2,4
TKT006997,CU02171,AG040,Phone,Billing,2025-03-27 14:26:00,2.7,1.6,5
TKT006998,CU02648,AG010,Email,Delivery,2025-02-27 17:08:00,134.6,3.0,5
TKT006999,CU01880,AG024,Chat,Delivery,2025-02-17 14:11:00,2.9,10.8,4
TKT007000,CU00097,AG009,Chat,Product Inquiry,2025-12-29 12:19:00,1.3,8.0,4
TKT007001,CU00301,AG037,Email,Account Access,2025-06-11 18:41:00,123.0,7.1,2
TKT007002,CU02007,AG030,Chat,Billing,2025-12-31 05:25:00,1.6,36.3,1
TKT007003,CU02280,AG017,Chat,Billing,2025-07-07 15:21:00,3.4,4.9,5
TKT007004,CU02930,AG004,Chat,Account Access,2025-03-22 12:34:00,4.7,2.0,1
TKT007005,CU02289,AG007,Phone,Technical Issue,2025-02-22 15:58:00,2.2,5.9,3
TKT007006,CU00753,AG010,Chat,Account Access,2025-10-05 10:48:00,2.1,1.0,5
TKT007007,CU01468,AG017,Email,Billing,2025-02-11 08:24:00,104.9,5.2,5
TKT007008,CU01776,AG036,Email,Billing,2025-01-19 21:30:00,142.4,3.4,5
TKT007009,CU03936,AG005,Social Media,Technical Issue,2025-05-23 18:13:00,237.8,2.8,3
TKT007010,CU02131,AG024,Phone,Account Access,2025-04-26 19:43:00,4.9,9.2,5
TKT007011,CU02540,AG014,Chat,Technical Issue,2025-03-26 17:51:00,1.5,4.9,5
TKT007012,CU02943,AG002,Email,Account Access,2025-07-07 06:51:00,66.0,23.9,4
TKT007013,CU01449,AG025,Chat,Billing,2025-07-29 15:12:00,3.5,8.6,4
TKT007014,CU03858,AG029,Chat,Product Inquiry,2025-06-08 11:44:00,1.6,12.1,5
TKT007015,CU02700,AG039,Email,Account Access,2025-07-11 10:10:00,91.4,11.5,4
TKT007016,CU03394,AG021,Chat,Refund,2025-09-01 09:00:00,2.4,60.3,2
TKT007017,CU02997,AG014,Web Form,Refund,2025-03-01 08:43:00,75.6,71.9,3
TKT007018,CU02487,AG035,Web Form,Refund,2025-05-15 08:25:00,44.9,36.8,3
TKT007019,CU00124,AG010,Phone,Refund,2025-01-05 07:17:00,2.4,37.1,2
TKT007020,CU02335,AG028,Email,Technical Issue,2025-12-20 16:30:00,297.2,11.6,5
TKT007021,CU00519,AG038,Chat,Billing,2025-08-24 20:25:00,2.9,5.0,4
TKT007022,CU02413,AG001,Email,Delivery,2025-10-21 11:14:00,241.0,54.8,3
TKT007023,CU02806,AG038,Chat,Account Access,2025-10-10 07:27:00,1.6,2.8,4
TKT007024,CU02181,AG009,Chat,Account Access,2025-01-03 09:02:00,1.3,17.0,3
TKT007025,CU01234,AG020,Chat,Delivery,2025-06-28 16:47:00,1.5,6.0,4
TKT007026,CU00238,AG011,Chat,Technical Issue,2025-11-14 11:56:00,1.0,7.9,2
TKT007027,CU02685,AG006,Chat,Technical Issue,2025-07-30 15:34:00,1.7,61.1,3
TKT007028,CU02794,AG029,Email,Delivery,2025-08-07 09:37:00,96.6,69.6,4
TKT007029,CU01912,AG020,Chat,Delivery,2025-12-18 16:44:00,1.9,3.3,4
TKT007030,CU02866,AG021,Social Media,Refund,2025-10-01 15:29:00,92.5,51.9,4
TKT007031,CU03117,AG020,Chat,Delivery,2025-10-08 09:59:00,2.1,3.9,4
TKT007032,CU02050,AG030,Phone,Technical Issue,2025-10-19 20:17:00,2.9,28.9,2
TKT007033,CU00191,AG039,Chat,Technical Issue,2025-05-02 13:42:00,1.0,15.6,5
TKT007034,CU03482,AG021,Social Media,Billing,2025-12-22 09:16:00,40.7,7.9,4
TKT007035,CU01867,AG007,Chat,Billing,2025-11-07 14:16:00,2.2,7.7,4
TKT007036,CU02690,AG014,Email,Delivery,2025-01-13 12:25:00,150.8,3.9,3
TKT007037,CU03644,AG020,Chat,Delivery,2025-07-20 20:46:00,1.0,9.3,5
TKT007038,CU01451,AG005,Web Form,Refund,2025-04-01 10:24:00,120.5,7.9,3
TKT007039,CU02488,AG010,Phone,Account Access,2025-07-10 19:50:00,6.3,8.1,3
TKT007040,CU00079,AG009,Email,Billing,2025-10-23 16:22:00,79.8,2.0,5
TKT007041,CU03541,AG039,Chat,Account Access,2025-09-10 15:25:00,2.3,17.8,5
TKT007042,CU00237,AG017,Chat,Technical Issue,2025-10-19 08:31:00,1.9,27.3,5
TKT007043,CU02165,AG036,Chat,Technical Issue,2025-06-06 07:39:00,2.3,54.1,2
TKT007044,CU01408,AG023,Chat,Account Access,2025-01-29 18:26:00,2.2,5.7,5
TKT007045,CU00144,AG021,Phone,Billing,2025-11-18 14:29:00,5.8,3.8,5
TKT007046,CU01849,AG038,Phone,Technical Issue,2025-01-29 21:03:00,9.0,6.1,2
TKT007047,CU03743,AG028,Chat,Delivery,2025-03-03 13:07:00,2.4,6.9,5
TKT007048,CU00668,AG010,Chat,Delivery,2025-09-21 14:08:00,2.7,9.4,3
TKT007049,CU01170,AG012,Web Form,Technical Issue,2025-06-03 23:43:00,123.1,3.2,5
TKT007050,CU00758,AG027,Phone,Delivery,2025-06-23 16:22:00,3.0,4.3,4
TKT007051,CU00500,AG001,Chat,Technical Issue,2025-01-24 11:26:00,1.2,4.9,4
TKT007052,CU00921,AG007,Web Form,Account Access,2025-03-04 18:32:00,79.6,4.0,5
TKT007053,CU02288,AG003,Email,Delivery,2025-09-15 10:20:00,71.5,15.3,4
TKT007054,CU03123,AG029,Email,Account Access,2025-07-26 13:07:00,89.8,49.2,2
TKT007055,CU02762,AG018,Email,Delivery,2025-04-09 09:28:00,320.3,48.4,3
TKT007056,CU03086,AG001,Email,Billing,2025-05-27 23:20:00,54.4,8.0,1
TKT007057,CU02863,AG030,Web Form,Technical Issue,2025-06-05 20:34:00,65.0,62.7,4
TKT007058,CU01532,AG027,Email,Account Access,2025-12-03 19:37:00,63.3,66.3,5
TKT007059,CU03601,AG029,Chat,Billing,2025-11-20 11:45:00,2.5,10.9,4
TKT007060,CU00690,AG007,Email,Technical Issue,2025-06-25 16:30:00,383.5,29.3,2
TKT007061,CU02800,AG035,Email,Account Access,2025-03-09 09:54:00,80.2,48.5,1
TKT007062,CU00444,AG008,Social Media,Technical Issue,2025-07-27 11:59:00,28.3,2.8,5
TKT007063,CU03063,AG023,Web Form,Account Access,2025-01-01 17:41:00,66.9,1.4,4
TKT007064,CU00349,AG023,Social Media,Account Access,2025-08-25 05:55:00,63.7,8.8,4
TKT007065,CU00865,AG009,Chat,Refund,2025-07-31 05:59:00,1.8,5.0,4
TKT007066,CU01566,AG016,Email,Refund,2025-11-25 15:50:00,171.1,8.2,4
TKT007067,CU02778,AG003,Phone,Delivery,2025-06-09 17:09:00,5.5,12.2,3
TKT007068,CU00183,AG019,Email,Product Inquiry,2025-07-25 11:40:00,191.8,1.6,5
TKT007069,CU01030,AG028,Chat,Account Access,2025-01-21 15:09:00,2.0,4.8,3
TKT007070,CU01335,AG013,Web Form,Delivery,2025-10-29 19:17:00,69.9,1.9,3
TKT007071,CU02925,AG022,Chat,Delivery,2025-04-19 07:47:00,1.8,4.1,4
TKT007072,CU03847,AG039,Email,Refund,2025-10-04 18:32:00,116.8,50.0,2
TKT007073,CU02457,AG010,Chat,Delivery,2025-03-29 14:38:00,2.0,15.4,3
TKT007074,CU02031,AG012,Web Form,Product Inquiry,2025-05-07 12:23:00,75.6,54.5,4
TKT007075,CU01346,AG005,Social Media,Account Access,2025-04-06 05:51:00,63.1,17.8,5
TKT007076,CU03291,AG022,Social Media,Product Inquiry,2025-11-25 11:20:00,101.3,8.2,4
TKT007077,CU00429,AG009,Chat,Billing,2025-10-16 17:40:00,1.6,8.4,5
TKT007078,CU00518,AG035,Social Media,Technical Issue,2025-09-14 13:46:00,60.0,3.2,4
TKT007079,CU00805,AG012,Chat,Technical Issue,2025-04-22 08:00:00,3.6,3.9,5
TKT007080,CU01073,AG027,Chat,Account Access,2025-09-25 09:50:00,2.5,4.9,4
TKT007081,CU01847,AG008,Email,Technical Issue,2025-06-28 18:40:00,172.6,8.5,5
TKT007082,CU03787,AG013,Email,Technical Issue,2025-09-18 12:11:00,83.2,1.0,4
TKT007083,CU02602,AG007,Email,Billing,2025-04-07 07:12:00,122.2,1.9,4
TKT007084,CU01535,AG023,Email,Delivery,2025-07-16 21:04:00,194.8,7.7,5
TKT007085,CU00847,AG002,Social Media,Technical Issue,2025-12-13 09:26:00,110.4,1.8,2
TKT007086,CU02594,AG004,Chat,Account Access,2025-01-29 17:03:00,8.2,7.4,5
TKT007087,CU01013,AG021,Phone,Delivery,2025-10-10 01:41:00,4.5,15.0,3
TKT007088,CU03905,AG022,Web Form,Delivery,2025-09-12 09:04:00,38.2,3.6,4
TKT007089,CU01911,AG014,Web Form,Delivery,2025-06-04 10:39:00,43.3,33.9,3
TKT007090,CU02204,AG018,Email,Technical Issue,2025-11-29 18:43:00,87.4,7.1,4
TKT007091,CU03614,AG017,Email,Product Inquiry,2025-09-23 16:22:00,98.1,2.4,2
TKT007092,CU01222,AG031,Email,Refund,2025-07-12 10:20:00,147.9,42.2,4
TKT007093,CU01888,AG018,Email,Billing,2025-04-25 17:42:00,108.5,5.6,4
TKT007094,CU02128,AG034,Chat,Technical Issue,2025-09-08 17:54:00,4.2,58.4,2
TKT007095,CU01085,AG009,Chat,Account Access,2025-01-31 13:56:00,3.2,6.6,4
TKT007096,CU00219,AG008,Phone,Refund,2025-04-04 13:37:00,6.4,13.5,5
TKT007097,CU01135,AG017,Social Media,Refund,2025-06-07 13:13:00,78.4,18.7,4
TKT007098,CU00450,AG004,Chat,Product Inquiry,2025-03-23 08:21:00,3.3,59.3,5
TKT007099,CU02703,AG027,Social Media,Product Inquiry,2025-07-26 17:07:00,158.0,52.9,2
TKT007100,CU00029,AG016,Chat,Delivery,2025-11-15 16:01:00,4.8,2.1,3
TKT007101,CU01266,AG015,Phone,Technical Issue,2025-05-08 18:08:00,3.0,9.5,5
TKT007102,CU03537,AG022,Web Form,Technical Issue,2025-05-29 17:46:00,55.4,12.1,3
TKT007103,CU02275,AG004,Chat,Technical Issue,2025-05-27 17:27:00,1.3,4.9,5
TKT007104,CU02686,AG016,Phone,Technical Issue,2025-09-22 17:34:00,17.1,37.4,3
TKT007105,CU02675,AG039,Chat,Technical Issue,2025-09-18 20:17:00,1.8,13.2,3
TKT007106,CU01194,AG026,Web Form,Billing,2025-03-27 14:03:00,110.9,4.2,5
TKT007107,CU02530,AG023,Chat,Refund,2025-11-23 18:28:00,2.2,7.6,5
TKT007108,CU00885,AG021,Social Media,Technical Issue,2025-08-25 17:26:00,146.0,6.4,5
TKT007109,CU02543,AG019,Social Media,Refund,2025-11-23 09:05:00,89.3,44.5,4
TKT007110,CU02733,AG038,Chat,Product Inquiry,2025-11-16 14:39:00,3.3,9.7,4
TKT007111,CU03505,AG038,Email,Technical Issue,2025-07-30 16:14:00,163.0,5.4,5
TKT007112,CU03679,AG017,Web Form,Technical Issue,2025-09-14 07:30:00,140.5,6.5,3
TKT007113,CU00096,AG037,Email,Account Access,2025-08-18 13:20:00,165.7,0.9,1
TKT007114,CU01197,AG004,Email,Refund,2025-08-11 00:05:00,94.1,49.8,3
TKT007115,CU02189,AG013,Phone,Delivery,2025-07-14 09:56:00,5.3,8.3,3
TKT007116,CU01287,AG013,Email,Technical Issue,2025-03-26 13:37:00,140.7,4.7,2
TKT007117,CU02475,AG028,Chat,Delivery,2025-05-16 10:17:00,1.2,8.5,5
TKT007118,CU03417,AG025,Chat,Refund,2025-09-15 17:13:00,2.5,9.7,3
TKT007119,CU01033,AG019,Email,Billing,2025-09-27 15:02:00,99.7,7.0,1
TKT007120,CU03574,AG011,Email,Delivery,2025-06-20 09:46:00,123.0,32.0,2
TKT007121,CU03529,AG021,Social Media,Account Access,2025-02-10 02:18:00,92.1,1.5,5
TKT007122,CU03657,AG011,Phone,Technical Issue,2025-02-18 09:13:00,1.3,8.7,4
TKT007123,CU00295,AG020,Web Form,Product Inquiry,2025-11-23 13:56:00,43.4,43.4,2
TKT007124,CU01173,AG014,Chat,Technical Issue,2025-02-15 16:59:00,3.3,12.4,5
TKT007125,CU00497,AG036,Web Form,Refund,2025-04-14 14:25:00,49.5,10.9,5
TKT007126,CU00482,AG030,Email,Delivery,2025-01-23 05:35:00,49.2,4.6,5
TKT007127,CU00213,AG008,Chat,Technical Issue,2025-03-21 12:49:00,1.9,7.7,4
TKT007128,CU01760,AG038,Chat,Delivery,2025-11-03 21:36:00,2.6,7.7,5
TKT007129,CU00349,AG027,Social Media,Technical Issue,2025-04-11 19:16:00,76.4,9.9,5
TKT007130,CU01184,AG015,Phone,Technical Issue,2025-11-01 16:45:00,3.5,50.8,5
TKT007131,CU03926,AG022,Email,Billing,2025-10-24 10:08:00,109.5,8.5,4
TKT007132,CU03536,AG008,Web Form,Refund,2025-09-13 02:32:00,77.4,12.5,3
TKT007133,CU03749,AG002,Chat,Product Inquiry,2025-04-09 12:29:00,1.3,6.7,3
TKT007134,CU00147,AG017,Web Form,Billing,2025-12-30 11:35:00,74.3,60.3,2
TKT007135,CU02644,AG032,Email,Account Access,2025-08-11 15:42:00,120.8,2.9,3
TKT007136,CU02536,AG015,Web Form,Product Inquiry,2025-10-09 06:03:00,109.6,50.9,2
TKT007137,CU00532,AG016,Chat,Delivery,2025-05-06 20:50:00,1.5,5.7,5
TKT007138,CU03625,AG040,Email,Technical Issue,2025-08-31 16:18:00,76.0,4.9,5
TKT007139,CU01618,AG040,Chat,Billing,2025-08-28 21:14:00,2.8,67.4,3
TKT007140,CU03907,AG019,Web Form,Billing,2025-08-06 18:31:00,72.1,3.4,4
TKT007141,CU00456,AG002,Phone,Billing,2025-08-04 12:59:00,5.0,67.8,3
TKT007142,CU02601,AG028,Email,Account Access,2025-09-14 15:50:00,223.0,46.6,4
TKT007143,CU00523,AG029,Social Media,Delivery,2025-12-31 18:29:00,51.9,6.9,4
TKT007144,CU03800,AG037,Chat,Delivery,2025-11-14 09:35:00,1.3,4.6,4
TKT007145,CU02431,AG038,Phone,Billing,2025-04-24 01:30:00,8.3,7.2,4
TKT007146,CU00303,AG026,Email,Delivery,2025-11-21 10:41:00,177.9,7.4,5
TKT007147,CU00860,AG005,Social Media,Account Access,2025-05-08 12:51:00,70.0,15.5,4
TKT007148,CU01438,AG010,Social Media,Delivery,2025-04-01 15:08:00,34.1,15.9,1
TKT007149,CU00052,AG029,Chat,Technical Issue,2025-03-14 09:24:00,1.0,4.0,4
TKT007150,CU00035,AG025,Phone,Billing,2025-09-14 12:34:00,2.4,58.3,5
TKT007151,CU03702,AG018,Chat,Billing,2025-06-19 15:45:00,1.5,12.1,4
TKT007152,CU03925,AG017,Social Media,Billing,2025-10-30 18:05:00,106.5,52.4,1
TKT007153,CU02145,AG029,Email,Delivery,2025-11-02 09:34:00,66.1,61.7,4
TKT007154,CU03611,AG017,Chat,Account Access,2025-07-16 17:46:00,1.5,9.4,4
TKT007155,CU02621,AG007,Email,Billing,2025-03-19 20:08:00,69.9,46.7,5
TKT007156,CU00113,AG040,Phone,Account Access,2025-02-10 11:10:00,3.2,7.2,4
TKT007157,CU02858,AG014,Chat,Delivery,2025-12-17 14:01:00,7.4,2.1,5
TKT007158,CU00073,AG012,Email,Delivery,2025-04-23 01:51:00,269.3,8.4,4
TKT007159,CU03267,AG003,Phone,Delivery,2025-01-05 16:56:00,5.5,69.5,5
TKT007160,CU01468,AG019,Web Form,Refund,2025-05-25 18:28:00,41.3,37.2,2
TKT007161,CU00566,AG040,Web Form,Delivery,2025-10-21 02:51:00,30.4,4.9,5
TKT007162,CU01035,AG007,Phone,Technical Issue,2025-02-03 18:35:00,3.8,1.2,3
TKT007163,CU02734,AG010,Phone,Refund,2025-09-10 08:59:00,1.7,45.8,5
TKT007164,CU03388,AG008,Web Form,Billing,2025-06-01 18:06:00,78.6,3.2,3
TKT007165,CU02283,AG004,Chat,Delivery,2025-11-27 13:40:00,1.8,7.8,4
TKT007166,CU00642,AG025,Web Form,Product Inquiry,2025-06-13 11:43:00,54.2,5.1,3
TKT007167,CU03601,AG012,Chat,Billing,2025-07-10 20:38:00,1.0,5.0,5
TKT007168,CU03163,AG031,Chat,Billing,2025-06-16 14:29:00,2.1,9.1,4
TKT007169,CU01640,AG017,Email,Technical Issue,2025-09-06 04:12:00,122.8,60.3,1
TKT007170,CU02218,AG026,Phone,Product Inquiry,2025-01-26 17:10:00,2.4,40.7,2
TKT007171,CU03856,AG004,Chat,Billing,2025-01-19 08:38:00,2.3,6.5,5
TKT007172,CU01510,AG014,Email,Refund,2025-08-01 20:34:00,112.4,11.9,5
TKT007173,CU00104,AG017,Email,Technical Issue,2025-05-24 08:29:00,164.6,68.3,2
TKT007174,CU00583,AG003,Chat,Technical Issue,2025-03-03 13:02:00,2.8,70.3,2
TKT007175,CU02402,AG017,Email,Technical Issue,2025-10-09 13:22:00,77.1,1.9,5
TKT007176,CU03991,AG019,Chat,Refund,2025-10-01 14:52:00,2.1,4.7,5
TKT007177,CU02960,AG017,Phone,Technical Issue,2025-02-09 13:40:00,4.2,2.7,5
TKT007178,CU02472,AG021,Chat,Product Inquiry,2025-03-09 12:45:00,4.0,3.8,4
TKT007179,CU01293,AG032,Chat,Delivery,2025-10-13 16:05:00,3.2,14.0,4
TKT007180,CU01758,AG031,Social Media,Product Inquiry,2025-06-24 08:27:00,74.3,2.7,2
TKT007181,CU00154,AG001,Chat,Billing,2025-04-23 17:30:00,1.6,6.8,4
TKT007182,CU01485,AG026,Web Form,Account Access,2025-07-13 04:46:00,59.7,4.0,4
TKT007183,CU02494,AG037,Phone,Technical Issue,2025-05-09 18:45:00,2.2,8.9,3
TKT007184,CU03623,AG035,Chat,Billing,2025-02-04 16:05:00,1.2,5.9,5
TKT007185,CU03690,AG013,Phone,Account Access,2025-08-25 17:49:00,3.1,6.0,5
TKT007186,CU03285,AG032,Chat,Technical Issue,2025-09-12 10:02:00,1.0,3.6,4
TKT007187,CU00086,AG033,Email,Product Inquiry,2025-01-29 18:29:00,81.2,35.3,2
TKT007188,CU03245,AG015,Email,Technical Issue,2025-04-02 15:14:00,116.6,8.0,5
TKT007189,CU00875,AG035,Chat,Technical Issue,2025-08-16 21:21:00,9.1,7.6,5
TKT007190,CU02465,AG026,Chat,Delivery,2025-10-04 02:25:00,1.4,24.9,2
TKT007191,CU03786,AG031,Chat,Account Access,2025-11-30 17:34:00,2.9,3.9,3
TKT007192,CU03552,AG030,Chat,Technical Issue,2025-08-09 15:01:00,1.8,11.2,5
TKT007193,CU02658,AG032,Email,Product Inquiry,2025-02-04 22:07:00,178.3,8.3,2
TKT007194,CU01198,AG039,Web Form,Technical Issue,2025-05-09 12:41:00,30.3,8.8,4
TKT007195,CU02084,AG035,Email,Account Access,2025-04-03 10:05:00,59.8,0.3,5
TKT007196,CU02815,AG017,Social Media,Technical Issue,2025-12-27 19:14:00,192.0,5.6,3
TKT007197,CU02057,AG023,Email,Technical Issue,2025-01-05 10:49:00,67.4,5.0,5
TKT007198,CU01618,AG026,Phone,Account Access,2025-05-18 16:12:00,9.0,35.1,4
TKT007199,CU01612,AG035,Web Form,Refund,2025-07-09 10:07:00,44.8,13.5,4
TKT007200,CU02400,AG016,Chat,Account Access,2025-04-20 20:28:00,1.3,4.0,5
TKT007201,CU00144,AG013,Web Form,Billing,2025-09-24 13:25:00,41.4,7.4,3
TKT007202,CU03993,AG030,Chat,Technical Issue,2025-02-17 10:07:00,4.8,46.1,3
TKT007203,CU00409,AG039,Email,Product Inquiry,2025-12-05 18:24:00,95.3,6.7,3
TKT007204,CU03939,AG037,Chat,Technical Issue,2025-05-27 06:50:00,1.6,4.5,5
TKT007205,CU00142,AG006,Web Form,Account Access,2025-05-15 07:58:00,94.0,2.2,5
TKT007206,CU02051,AG037,Email,Technical Issue,2025-12-04 18:03:00,181.7,1.2,5
TKT007207,CU01671,AG032,Social Media,Technical Issue,2025-02-24 10:42:00,282.1,53.8,1
TKT007208,CU02296,AG007,Email,Technical Issue,2025-06-21 08:41:00,265.8,4.4,4
TKT007209,CU01735,AG001,Phone,Technical Issue,2025-01-11 14:45:00,2.7,6.8,4
TKT007210,CU03590,AG009,Chat,Account Access,2025-07-06 09:46:00,4.1,13.9,4
TKT007211,CU00067,AG038,Chat,Billing,2025-04-29 22:40:00,1.0,5.2,3
TKT007212,CU03943,AG031,Social Media,Refund,2025-09-28 17:52:00,137.5,1.6,1
TKT007213,CU02758,AG024,Web Form,Technical Issue,2025-07-06 19:16:00,38.4,6.8,5
TKT007214,CU03115,AG026,Chat,Billing,2025-08-17 18:07:00,2.8,0.9,4
TKT007215,CU00560,AG017,Web Form,Billing,2025-11-25 19:21:00,161.9,67.6,2
TKT007216,CU00261,AG037,Email,Technical Issue,2025-12-13 10:11:00,55.9,52.8,2
TKT007217,CU01589,AG007,Web Form,Technical Issue,2025-03-21 15:10:00,91.4,3.1,5
TKT007218,CU01291,AG013,Email,Technical Issue,2025-07-03 19:02:00,222.2,68.9,2
TKT007219,CU03132,AG009,Chat,Technical Issue,2025-10-13 15:32:00,2.9,9.5,3
TKT007220,CU03587,AG034,Chat,Billing,2025-02-16 23:49:00,1.2,4.1,3
TKT007221,CU01710,AG022,Email,Technical Issue,2025-06-25 18:04:00,133.3,55.6,3
TKT007222,CU03074,AG028,Chat,Billing,2025-07-23 06:39:00,1.2,10.8,2
TKT007223,CU00239,AG037,Email,Billing,2025-11-13 13:54:00,177.4,50.5,3
TKT007224,CU02969,AG008,Email,Billing,2025-02-02 10:28:00,68.3,3.6,5
TKT007225,CU00398,AG039,Chat,Technical Issue,2025-11-12 19:11:00,1.6,4.5,5
TKT007226,CU02672,AG006,Email,Account Access,2025-03-28 20:40:00,198.0,34.0,3
TKT007227,CU01529,AG031,Phone,Billing,2025-11-10 14:12:00,2.7,6.3,5
TKT007228,CU01662,AG029,Email,Product Inquiry,2025-08-27 05:07:00,112.6,5.7,5
TKT007229,CU01106,AG034,Phone,Technical Issue,2025-05-27 10:29:00,2.4,4.3,4
TKT007230,CU01613,AG007,Email,Technical Issue,2025-02-18 08:00:00,161.2,1.7,4
TKT007231,CU03498,AG039,Social Media,Refund,2025-05-07 13:19:00,83.4,5.8,5
TKT007232,CU03236,AG032,Chat,Technical Issue,2025-09-28 22:47:00,1.3,4.1,4
TKT007233,CU01362,AG005,Email,Technical Issue,2025-03-17 10:09:00,99.0,43.9,3
TKT007234,CU01176,AG023,Email,Refund,2025-09-02 16:30:00,152.7,6.8,4
TKT007235,CU02037,AG033,Phone,Account Access,2025-03-25 18:59:00,2.2,13.8,4
TKT007236,CU02740,AG020,Web Form,Delivery,2025-01-30 18:13:00,53.7,2.3,4
TKT007237,CU00730,AG016,Chat,Technical Issue,2025-08-13 08:16:00,2.0,5.2,4
TKT007238,CU02905,AG012,Web Form,Technical Issue,2025-10-24 09:42:00,59.9,44.8,2
TKT007239,CU03795,AG021,Chat,Technical Issue,2025-12-18 09:44:00,1.5,11.3,5
TKT007240,CU03379,AG040,Email,Delivery,2025-07-03 10:29:00,195.3,10.5,4
TKT007241,CU02194,AG025,Web Form,Billing,2025-08-10 05:43:00,93.3,14.2,4
TKT007242,CU01280,AG029,Chat,Account Access,2025-09-06 13:37:00,2.9,7.9,5
TKT007243,CU01294,AG032,Chat,Product Inquiry,2025-05-31 16:14:00,2.2,0.4,5
TKT007244,CU02968,AG032,Chat,Product Inquiry,2025-01-14 09:49:00,1.0,7.4,3
TKT007245,CU01820,AG017,Phone,Technical Issue,2025-03-30 15:16:00,10.1,50.1,2
TKT007246,CU00426,AG031,Chat,Account Access,2025-05-19 14:40:00,2.1,4.5,3
TKT007247,CU02711,AG014,Web Form,Delivery,2025-08-26 07:32:00,65.3,3.6,4
TKT007248,CU00553,AG024,Email,Refund,2025-04-22 09:32:00,95.0,4.2,5
TKT007249,CU03948,AG013,Email,Product Inquiry,2025-03-18 09:51:00,124.4,8.7,4
TKT007250,CU01670,AG038,Email,Delivery,2025-11-27 13:54:00,267.8,3.1,4
TKT007251,CU01368,AG030,Social Media,Delivery,2025-02-04 15:44:00,138.4,10.9,1
TKT007252,CU00221,AG024,Email,Technical Issue,2025-10-15 10:35:00,118.0,0.9,4
TKT007253,CU00671,AG019,Chat,Account Access,2025-02-04 08:18:00,4.6,14.4,4
TKT007254,CU03791,AG021,Email,Account Access,2025-04-27 09:43:00,80.4,4.6,4
TKT007255,CU02149,AG032,Chat,Delivery,2025-11-07 04:02:00,1.0,10.2,2
TKT007256,CU03608,AG011,Phone,Account Access,2025-11-04 16:06:00,1.4,4.3,4
TKT007257,CU03824,AG034,Web Form,Billing,2025-05-20 16:36:00,85.2,3.9,5
TKT007258,CU00196,AG012,Chat,Account Access,2025-01-07 15:16:00,1.4,5.2,2
TKT007259,CU01524,AG006,Chat,Product Inquiry,2025-12-10 14:28:00,1.9,9.9,3
TKT007260,CU03354,AG030,Phone,Billing,2025-11-21 10:56:00,7.3,4.0,4
TKT007261,CU01983,AG029,Chat,Refund,2025-07-01 07:20:00,2.4,9.0,4
TKT007262,CU02036,AG014,Social Media,Account Access,2025-01-11 14:25:00,46.9,27.0,4
TKT007263,CU02281,AG026,Email,Billing,2025-09-10 16:38:00,342.0,14.4,4
TKT007264,CU02808,AG030,Web Form,Billing,2025-10-13 17:44:00,46.9,52.2,4
TKT007265,CU03756,AG032,Email,Account Access,2025-10-29 16:57:00,135.2,1.9,5
TKT007266,CU03548,AG039,Email,Refund,2025-09-24 15:19:00,94.6,5.6,5
TKT007267,CU02501,AG035,Chat,Technical Issue,2025-11-16 18:54:00,1.1,59.5,2
TKT007268,CU02308,AG018,Chat,Product Inquiry,2025-07-06 16:13:00,2.3,2.8,5
TKT007269,CU01444,AG010,Chat,Delivery,2025-03-01 20:39:00,1.0,8.1,4
TKT007270,CU00466,AG004,Chat,Billing,2025-09-09 00:04:00,1.9,12.1,4
TKT007271,CU02837,AG023,Chat,Technical Issue,2025-03-21 08:57:00,4.8,3.6,5
TKT007272,CU00011,AG027,Chat,Technical Issue,2025-08-18 14:47:00,3.0,8.6,5
TKT007273,CU02793,AG028,Chat,Technical Issue,2025-02-24 11:23:00,2.2,32.0,1
TKT007274,CU01988,AG001,Phone,Technical Issue,2025-01-15 10:54:00,2.2,6.4,5
TKT007275,CU03146,AG029,Email,Technical Issue,2025-06-12 16:06:00,135.4,47.2,4
TKT007276,CU03797,AG032,Phone,Product Inquiry,2025-08-05 13:21:00,2.6,7.1,5
TKT007277,CU02212,AG029,Chat,Delivery,2025-02-26 13:27:00,4.4,46.6,4
TKT007278,CU02291,AG022,Chat,Refund,2025-10-14 05:39:00,1.5,4.1,5
TKT007279,CU01950,AG001,Chat,Account Access,2025-08-26 12:39:00,1.3,3.7,4
TKT007280,CU01492,AG020,Chat,Delivery,2025-10-20 14:03:00,1.8,2.2,5
TKT007281,CU00356,AG026,Phone,Refund,2025-05-13 10:48:00,2.6,3.1,4
TKT007282,CU00124,AG023,Email,Technical Issue,2025-08-29 09:08:00,159.4,12.2,4
TKT007283,CU02893,AG023,Email,Delivery,2025-12-18 14:56:00,381.2,13.5,4
TKT007284,CU03660,AG021,Chat,Product Inquiry,2025-03-08 19:24:00,2.0,7.5,5
TKT007285,CU00216,AG023,Chat,Product Inquiry,2025-10-26 07:31:00,1.2,5.1,5
TKT007286,CU01309,AG013,Chat,Billing,2025-08-18 10:23:00,1.8,2.3,4
TKT007287,CU02433,AG025,Chat,Refund,2025-09-22 05:22:00,1.0,7.6,4
TKT007288,CU02820,AG012,Chat,Account Access,2025-08-17 10:27:00,9.7,11.6,4
TKT007289,CU02942,AG020,Chat,Technical Issue,2025-09-09 15:16:00,5.4,13.9,5
TKT007290,CU02777,AG017,Email,Technical Issue,2025-10-12 10:54:00,278.0,17.8,4
TKT007291,CU00336,AG029,Chat,Billing,2025-01-15 11:36:00,3.0,3.4,5
TKT007292,CU01016,AG036,Chat,Technical Issue,2025-01-12 20:27:00,1.8,15.9,4
TKT007293,CU01877,AG026,Email,Technical Issue,2025-01-31 10:41:00,129.4,6.4,5
TKT007294,CU00256,AG006,Chat,Technical Issue,2025-12-06 13:03:00,1.8,7.9,5
TKT007295,CU01373,AG027,Web Form,Refund,2025-06-07 20:37:00,203.3,7.3,4
TKT007296,CU01541,AG013,Chat,Refund,2025-12-28 13:10:00,1.8,43.8,3
TKT007297,CU03913,AG002,Phone,Refund,2025-11-30 08:11:00,2.9,8.7,3
TKT007298,CU01269,AG008,Chat,Account Access,2025-05-06 08:39:00,1.9,2.5,5
TKT007299,CU03886,AG040,Email,Product Inquiry,2025-02-04 19:26:00,186.0,14.8,5
TKT007300,CU02802,AG018,Chat,Account Access,2025-11-04 19:10:00,1.0,6.6,4
TKT007301,CU02770,AG009,Email,Billing,2025-06-03 09:04:00,173.8,0.5,2
TKT007302,CU03280,AG006,Social Media,Account Access,2025-04-19 15:36:00,22.2,23.9,4
TKT007303,CU03370,AG027,Social Media,Technical Issue,2025-10-17 08:31:00,202.2,7.3,5
TKT007304,CU00890,AG031,Web Form,Delivery,2025-06-25 09:14:00,21.3,2.7,5
TKT007305,CU01684,AG015,Chat,Billing,2025-04-27 20:12:00,1.3,10.8,4
TKT007306,CU02113,AG005,Chat,Product Inquiry,2025-05-25 11:44:00,1.0,2.9,4
TKT007307,CU03908,AG015,Chat,Technical Issue,2025-12-06 09:53:00,5.4,3.7,3
TKT007308,CU00163,AG027,Chat,Technical Issue,2025-04-21 13:56:00,2.0,5.1,4
TKT007309,CU01908,AG005,Email,Billing,2025-12-08 18:48:00,476.4,2.4,4
TKT007310,CU00858,AG011,Phone,Technical Issue,2025-08-04 18:14:00,11.9,43.0,4
TKT007311,CU00828,AG001,Email,Product Inquiry,2025-01-21 15:43:00,278.3,3.1,4
TKT007312,CU03048,AG019,Social Media,Account Access,2025-02-11 17:23:00,41.6,12.7,3
TKT007313,CU00808,AG007,Chat,Billing,2025-08-13 17:06:00,2.2,3.6,4
TKT007314,CU03174,AG008,Chat,Delivery,2025-02-19 21:10:00,4.2,1.2,4
TKT007315,CU03976,AG005,Chat,Billing,2025-02-23 15:26:00,2.5,24.9,1
TKT007316,CU03106,AG030,Chat,Technical Issue,2025-06-18 14:16:00,1.6,4.5,2
TKT007317,CU00680,AG020,Email,Billing,2025-06-10 19:10:00,169.9,7.5,4
TKT007318,CU00570,AG038,Chat,Billing,2025-12-10 11:46:00,2.6,11.8,5
TKT007319,CU01749,AG016,Social Media,Delivery,2025-11-24 13:02:00,39.9,47.1,4
TKT007320,CU02205,AG009,Email,Refund,2025-12-06 18:57:00,102.5,36.1,2
TKT007321,CU03114,AG009,Social Media,Technical Issue,2025-01-27 22:24:00,128.9,10.2,4
TKT007322,CU01691,AG039,Email,Delivery,2025-10-21 12:19:00,226.5,48.4,3
TKT007323,CU00669,AG024,Web Form,Delivery,2025-12-09 14:18:00,62.9,2.0,5
TKT007324,CU03966,AG014,Email,Billing,2025-08-12 18:40:00,111.9,10.5,3
TKT007325,CU03619,AG027,Social Media,Account Access,2025-12-29 13:55:00,81.0,15.7,5
TKT007326,CU02617,AG023,Email,Billing,2025-10-21 11:16:00,92.5,5.1,4
TKT007327,CU02782,AG005,Chat,Billing,2025-09-02 06:55:00,1.9,0.9,5
TKT007328,CU03741,AG029,Chat,Billing,2025-05-29 09:54:00,3.2,10.0,4
TKT007329,CU01900,AG005,Phone,Billing,2025-05-11 10:56:00,15.2,48.0,2
TKT007330,CU00582,AG008,Social Media,Account Access,2025-05-25 11:37:00,46.4,2.1,3
TKT007331,CU02424,AG029,Email,Delivery,2025-04-02 17:00:00,281.0,63.1,1
TKT007332,CU01804,AG018,Email,Billing,2025-07-31 08:18:00,172.8,6.7,5
TKT007333,CU03200,AG009,Email,Product Inquiry,2025-06-07 06:31:00,58.0,9.2,5
TKT007334,CU03087,AG003,Email,Technical Issue,2025-04-19 14:47:00,132.7,7.9,5
TKT007335,CU01886,AG024,Phone,Billing,2025-03-07 00:01:00,3.6,1.7,4
TKT007336,CU01472,AG028,Email,Account Access,2025-07-08 20:34:00,139.9,5.6,3
TKT007337,CU01689,AG009,Email,Account Access,2025-01-08 09:36:00,249.1,3.7,3
TKT007338,CU02531,AG017,Chat,Product Inquiry,2025-05-17 18:02:00,5.9,16.4,4
TKT007339,CU02549,AG014,Email,Billing,2025-01-23 11:30:00,285.4,64.1,2
TKT007340,CU02047,AG036,Email,Billing,2025-05-03 23:25:00,157.4,32.5,2
TKT007341,CU02128,AG032,Email,Account Access,2025-08-31 13:25:00,167.3,3.7,4
TKT007342,CU03968,AG011,Social Media,Account Access,2025-08-21 21:44:00,282.4,3.2,5
TKT007343,CU01015,AG021,Chat,Refund,2025-01-08 12:03:00,1.1,1.5,5
TKT007344,CU00696,AG037,Chat,Refund,2025-09-16 16:45:00,4.0,2.4,4
TKT007345,CU03197,AG014,Email,Technical Issue,2025-04-21 06:06:00,74.5,63.0,2
TKT007346,CU03742,AG006,Web Form,Delivery,2025-06-23 12:42:00,23.8,4.7,5
TKT007347,CU02435,AG012,Chat,Delivery,2025-09-04 09:18:00,2.8,7.7,4
TKT007348,CU01607,AG025,Chat,Account Access,2025-01-14 17:31:00,1.0,35.1,3
TKT007349,CU01395,AG040,Chat,Billing,2025-03-05 13:14:00,1.6,9.8,4
TKT007350,CU01872,AG013,Social Media,Product Inquiry,2025-03-02 15:59:00,191.6,5.1,4
TKT007351,CU00210,AG003,Email,Delivery,2025-05-02 09:10:00,84.7,8.3,4
TKT007352,CU02115,AG008,Chat,Technical Issue,2025-01-06 07:24:00,5.4,3.3,4
TKT007353,CU01079,AG017,Chat,Billing,2025-01-12 15:51:00,1.0,11.7,4
TKT007354,CU01062,AG004,Chat,Delivery,2025-07-07 12:22:00,3.6,8.3,2
TKT007355,CU02242,AG002,Web Form,Product Inquiry,2025-02-11 12:01:00,25.7,3.9,4
TKT007356,CU03855,AG027,Phone,Account Access,2025-06-08 21:12:00,3.6,6.1,3
TKT007357,CU00824,AG033,Phone,Refund,2025-03-24 07:13:00,4.5,3.8,5
TKT007358,CU03646,AG010,Email,Billing,2025-12-30 15:04:00,119.9,5.3,3
TKT007359,CU02078,AG021,Chat,Billing,2025-02-16 06:55:00,1.7,3.1,5
TKT007360,CU03892,AG023,Chat,Delivery,2025-06-25 15:49:00,1.0,13.1,5
TKT007361,CU01529,AG027,Chat,Technical Issue,2025-06-22 14:52:00,4.4,14.6,5
TKT007362,CU03988,AG040,Chat,Technical Issue,2025-09-27 16:33:00,1.0,11.0,4
TKT007363,CU02640,AG036,Phone,Delivery,2025-02-16 16:21:00,2.0,4.1,4
TKT007364,CU02680,AG013,Email,Technical Issue,2025-12-19 08:51:00,132.7,67.3,3
TKT007365,CU02253,AG040,Chat,Technical Issue,2025-04-22 10:48:00,1.4,1.0,4
TKT007366,CU01807,AG002,Chat,Technical Issue,2025-01-13 09:43:00,3.2,2.5,4
TKT007367,CU02101,AG039,Chat,Technical Issue,2025-09-22 14:09:00,1.5,17.3,4
TKT007368,CU03403,AG006,Chat,Technical Issue,2025-07-17 09:50:00,2.0,16.4,4
TKT007369,CU03170,AG005,Chat,Billing,2025-08-27 13:38:00,2.1,45.6,4
TKT007370,CU00096,AG005,Phone,Product Inquiry,2025-11-29 12:41:00,6.8,14.0,5
TKT007371,CU02779,AG005,Email,Delivery,2025-05-20 14:52:00,104.7,2.2,4
TKT007372,CU03338,AG019,Phone,Delivery,2025-11-28 11:16:00,1.6,10.3,5
TKT007373,CU02977,AG026,Phone,Technical Issue,2025-12-06 20:28:00,2.6,9.4,5
TKT007374,CU01990,AG030,Email,Technical Issue,2025-07-19 21:20:00,261.7,10.7,5
TKT007375,CU01343,AG001,Chat,Product Inquiry,2025-10-15 11:10:00,2.4,19.3,4
TKT007376,CU02693,AG012,Email,Delivery,2025-01-13 19:30:00,114.2,1.0,5
TKT007377,CU02655,AG006,Chat,Refund,2025-08-10 17:34:00,2.1,1.1,4
TKT007378,CU01497,AG006,Social Media,Billing,2025-01-30 09:16:00,77.8,2.7,5
TKT007379,CU01626,AG030,Chat,Account Access,2025-06-09 14:44:00,3.1,2.0,4
TKT007380,CU01475,AG026,Chat,Account Access,2025-10-01 11:18:00,2.4,5.2,4
TKT007381,CU00180,AG009,Chat,Technical Issue,2025-01-22 17:51:00,1.7,7.7,2
TKT007382,CU00127,AG013,Email,Refund,2025-05-29 19:44:00,231.9,41.9,3
TKT007383,CU00333,AG037,Email,Billing,2025-05-31 15:22:00,267.4,1.4,4
TKT007384,CU01696,AG024,Chat,Billing,2025-03-28 15:44:00,1.2,3.6,4
TKT007385,CU02042,AG010,Email,Technical Issue,2025-07-19 16:17:00,85.3,66.9,5
TKT007386,CU01634,AG038,Web Form,Delivery,2025-10-22 13:35:00,206.0,5.8,5
TKT007387,CU03821,AG008,Social Media,Refund,2025-12-28 12:41:00,127.0,4.8,5
TKT007388,CU00900,AG012,Phone,Billing,2025-11-27 14:12:00,10.0,12.5,4
TKT007389,CU01572,AG028,Chat,Product Inquiry,2025-12-14 17:14:00,3.3,38.8,1
TKT007390,CU00990,AG021,Web Form,Technical Issue,2025-03-16 15:07:00,70.8,16.7,5
TKT007391,CU01199,AG003,Chat,Refund,2025-02-10 08:14:00,1.0,2.8,2
TKT007392,CU02337,AG033,Chat,Delivery,2025-03-08 08:41:00,1.0,50.0,4
TKT007393,CU01240,AG010,Phone,Product Inquiry,2025-12-24 12:10:00,5.7,38.0,2
TKT007394,CU01272,AG028,Chat,Delivery,2025-03-21 15:53:00,1.2,4.3,3
TKT007395,CU02684,AG014,Social Media,Account Access,2025-10-03 11:22:00,83.0,4.4,5
TKT007396,CU03322,AG031,Chat,Billing,2025-05-29 11:18:00,3.3,3.7,4
TKT007397,CU00851,AG036,Chat,Refund,2025-09-06 19:26:00,2.2,7.4,3
TKT007398,CU00446,AG031,Chat,Refund,2025-10-02 18:38:00,2.5,35.6,2
TKT007399,CU00958,AG037,Phone,Account Access,2025-11-26 13:43:00,8.6,2.9,4
TKT007400,CU02311,AG022,Chat,Delivery,2025-02-01 16:40:00,4.5,4.6,1
TKT007401,CU03839,AG003,Web Form,Billing,2025-04-29 12:06:00,53.3,8.4,4
TKT007402,CU00641,AG022,Phone,Technical Issue,2025-02-13 14:52:00,8.1,3.9,4
TKT007403,CU00172,AG019,Email,Technical Issue,2025-05-26 10:25:00,82.5,19.8,3
TKT007404,CU02113,AG029,Chat,Delivery,2025-05-14 13:51:00,2.3,9.4,5
TKT007405,CU03964,AG010,Chat,Delivery,2025-11-14 15:39:00,2.7,8.3,5
TKT007406,CU02211,AG028,Chat,Delivery,2025-09-14 12:04:00,1.9,6.0,4
TKT007407,CU03698,AG018,Email,Account Access,2025-02-07 16:32:00,123.9,7.0,5
TKT007408,CU02570,AG027,Chat,Billing,2025-06-12 09:49:00,1.1,5.1,4
TKT007409,CU00127,AG017,Email,Technical Issue,2025-09-16 01:47:00,137.3,62.3,1
TKT007410,CU01710,AG016,Chat,Technical Issue,2025-09-28 19:43:00,1.0,11.2,4
TKT007411,CU03081,AG009,Phone,Technical Issue,2025-10-23 11:53:00,3.7,6.4,5
TKT007412,CU02038,AG034,Web Form,Delivery,2025-03-23 09:33:00,56.9,19.8,4
TKT007413,CU00780,AG003,Social Media,Delivery,2025-11-20 13:12:00,135.6,3.9,5
TKT007414,CU00724,AG010,Chat,Product Inquiry,2025-11-26 09:00:00,1.0,41.0,1
TKT007415,CU02655,AG018,Chat,Technical Issue,2025-03-21 16:54:00,2.4,9.3,4
TKT007416,CU01853,AG007,Chat,Refund,2025-08-29 10:38:00,2.7,5.1,2
TKT007417,CU02297,AG037,Chat,Account Access,2025-09-05 23:53:00,2.0,4.3,4
TKT007418,CU01493,AG014,Chat,Billing,2025-11-17 10:47:00,2.6,1.2,2
TKT007419,CU01357,AG010,Chat,Delivery,2025-02-01 11:21:00,2.3,12.5,4
TKT007420,CU02665,AG011,Social Media,Product Inquiry,2025-03-26 13:10:00,21.5,43.4,4
TKT007421,CU00032,AG008,Chat,Billing,2025-11-11 00:48:00,1.2,7.7,4
TKT007422,CU01740,AG027,Chat,Delivery,2025-01-14 00:51:00,6.5,3.7,4
TKT007423,CU01483,AG020,Phone,Technical Issue,2025-06-25 09:30:00,5.7,2.5,3
TKT007424,CU03118,AG010,Web Form,Technical Issue,2025-04-18 06:14:00,39.5,8.1,4
TKT007425,CU02914,AG035,Social Media,Technical Issue,2025-08-16 16:48:00,110.1,7.7,4
TKT007426,CU01704,AG027,Email,Technical Issue,2025-06-22 18:50:00,207.0,5.6,4
TKT007427,CU01051,AG017,Phone,Delivery,2025-11-07 11:44:00,9.3,6.2,4
TKT007428,CU00944,AG021,Email,Technical Issue,2025-01-29 13:31:00,113.0,9.8,5
TKT007429,CU00846,AG027,Email,Delivery,2025-07-04 14:57:00,100.9,31.1,3
TKT007430,CU01095,AG007,Email,Refund,2025-07-09 07:56:00,106.5,34.1,4
TKT007431,CU03043,AG033,Email,Refund,2025-07-05 12:13:00,102.2,69.9,3
TKT007432,CU00182,AG011,Email,Billing,2025-01-29 21:18:00,100.4,17.7,1
TKT007433,CU00105,AG002,Email,Technical Issue,2025-06-19 09:44:00,155.2,2.2,4
TKT007434,CU02160,AG021,Web Form,Billing,2025-11-18 06:09:00,43.6,5.8,4
TKT007435,CU00894,AG036,Email,Technical Issue,2025-08-08 10:00:00,135.3,2.2,3
TKT007436,CU03324,AG030,Chat,Billing,2025-02-09 14:30:00,5.6,1.6,4
TKT007437,CU03009,AG013,Web Form,Account Access,2025-09-19 18:55:00,32.5,7.4,4
TKT007438,CU03077,AG016,Email,Delivery,2025-12-05 11:52:00,168.5,10.6,1
TKT007439,CU01829,AG024,Chat,Technical Issue,2025-10-21 10:11:00,1.1,3.9,4
TKT007440,CU01752,AG010,Web Form,Technical Issue,2025-02-04 10:13:00,91.6,6.3,5
TKT007441,CU01703,AG033,Chat,Refund,2025-01-11 18:22:00,3.7,49.4,3
TKT007442,CU00785,AG012,Social Media,Product Inquiry,2025-03-06 12:55:00,55.8,68.1,2
TKT007443,CU02270,AG009,Web Form,Delivery,2025-05-08 10:50:00,37.5,1.4,5
TKT007444,CU03454,AG004,Phone,Account Access,2025-12-04 08:54:00,5.8,63.5,5
TKT007445,CU01027,AG028,Chat,Delivery,2025-06-07 07:28:00,1.7,12.4,4
TKT007446,CU00228,AG002,Chat,Technical Issue,2025-12-21 21:04:00,4.4,8.2,2
TKT007447,CU02259,AG033,Phone,Product Inquiry,2025-02-06 13:39:00,2.1,69.2,2
TKT007448,CU01597,AG039,Chat,Technical Issue,2025-10-05 06:54:00,3.6,4.0,4
TKT007449,CU03190,AG005,Email,Delivery,2025-10-02 19:21:00,479.3,5.5,4
TKT007450,CU03427,AG004,Chat,Technical Issue,2025-12-17 21:14:00,2.5,0.7,3
TKT007451,CU03803,AG038,Phone,Delivery,2025-07-10 09:33:00,2.8,71.2,5
TKT007452,CU01573,AG005,Chat,Delivery,2025-08-10 10:14:00,1.3,1.6,4
TKT007453,CU03607,AG017,Chat,Delivery,2025-01-01 21:50:00,1.8,3.6,5
TKT007454,CU00472,AG035,Social Media,Billing,2025-11-18 01:24:00,130.5,6.8,5
TKT007455,CU01491,AG006,Email,Account Access,2025-08-19 10:53:00,61.6,2.7,4
TKT007456,CU01064,AG027,Email,Account Access,2025-09-13 12:36:00,118.1,4.4,4
TKT007457,CU03693,AG016,Web Form,Delivery,2025-05-04 17:27:00,59.1,13.6,5
TKT007458,CU02401,AG018,Email,Account Access,2025-01-29 11:27:00,329.1,66.9,5
TKT007459,CU01464,AG038,Chat,Account Access,2025-09-23 10:43:00,5.6,4.2,5
TKT007460,CU00609,AG026,Chat,Delivery,2025-09-25 16:14:00,1.9,5.3,5
TKT007461,CU03132,AG013,Social Media,Technical Issue,2025-03-07 18:28:00,48.9,1.7,3
TKT007462,CU02620,AG038,Email,Delivery,2025-10-28 07:51:00,151.2,3.0,3
TKT007463,CU03412,AG024,Email,Technical Issue,2025-01-01 08:56:00,154.2,64.4,5
TKT007464,CU01753,AG004,Chat,Delivery,2025-08-27 15:02:00,3.8,6.7,3
TKT007465,CU00600,AG016,Chat,Billing,2025-02-01 10:43:00,1.6,9.6,5
TKT007466,CU01338,AG010,Email,Refund,2025-10-02 15:50:00,81.3,5.0,5
TKT007467,CU02481,AG026,Phone,Technical Issue,2025-06-10 08:25:00,4.0,10.3,4
TKT007468,CU00964,AG035,Chat,Billing,2025-04-30 17:13:00,1.7,7.8,3
TKT007469,CU00283,AG002,Web Form,Technical Issue,2025-10-01 10:29:00,45.0,2.4,4
TKT007470,CU03294,AG032,Web Form,Refund,2025-10-21 10:54:00,34.1,6.9,5
TKT007471,CU02123,AG037,Email,Technical Issue,2025-08-09 08:10:00,70.2,43.0,4
TKT007472,CU01587,AG040,Chat,Account Access,2025-09-25 09:19:00,2.8,0.7,4
TKT007473,CU02212,AG027,Chat,Technical Issue,2025-01-06 14:56:00,2.3,5.2,5
TKT007474,CU02954,AG013,Chat,Refund,2025-10-27 14:39:00,1.3,2.9,4
TKT007475,CU00006,AG006,Email,Billing,2025-08-04 18:15:00,219.8,7.4,4
TKT007476,CU01762,AG038,Web Form,Account Access,2025-02-27 15:40:00,20.0,4.4,5
TKT007477,CU01017,AG017,Chat,Technical Issue,2025-06-25 12:10:00,1.6,8.1,5
TKT007478,CU00368,AG014,Email,Billing,2025-08-17 17:43:00,157.6,10.5,5
TKT007479,CU00144,AG030,Email,Technical Issue,2025-10-18 01:27:00,257.5,45.6,2
TKT007480,CU01763,AG029,Phone,Account Access,2025-07-09 16:53:00,2.9,44.0,4
TKT007481,CU02176,AG033,Social Media,Technical Issue,2025-04-04 14:43:00,167.0,63.3,2
TKT007482,CU02031,AG036,Email,Product Inquiry,2025-04-03 09:07:00,97.8,7.2,4
TKT007483,CU03132,AG036,Chat,Billing,2025-09-20 15:40:00,3.1,2.0,4
TKT007484,CU01832,AG007,Email,Delivery,2025-11-11 22:39:00,353.1,2.1,3
TKT007485,CU02360,AG007,Chat,Billing,2025-08-19 10:15:00,1.2,4.4,3
TKT007486,CU03265,AG009,Chat,Technical Issue,2025-10-19 15:30:00,2.2,5.9,3
TKT007487,CU02630,AG026,Web Form,Refund,2025-08-16 12:15:00,74.0,9.0,5
TKT007488,CU03644,AG024,Web Form,Delivery,2025-06-29 11:44:00,27.7,4.9,4
TKT007489,CU00887,AG035,Phone,Delivery,2025-05-29 10:14:00,5.1,2.0,4
TKT007490,CU03148,AG034,Phone,Delivery,2025-06-28 09:24:00,2.9,11.3,4
TKT007491,CU02787,AG033,Chat,Technical Issue,2025-01-05 09:36:00,1.3,7.5,5
TKT007492,CU02332,AG004,Web Form,Product Inquiry,2025-07-31 17:02:00,43.6,2.4,2
TKT007493,CU00015,AG028,Phone,Billing,2025-03-10 10:57:00,3.0,0.8,5
TKT007494,CU02166,AG035,Social Media,Refund,2025-11-25 13:02:00,139.8,7.8,4
TKT007495,CU03434,AG040,Chat,Delivery,2025-11-05 09:53:00,2.0,5.5,4
TKT007496,CU02579,AG014,Phone,Billing,2025-06-30 09:39:00,14.3,7.7,4
TKT007497,CU00021,AG032,Email,Account Access,2025-08-14 14:30:00,104.3,3.5,4
TKT007498,CU01152,AG017,Chat,Product Inquiry,2025-01-14 14:29:00,2.6,10.0,5
TKT007499,CU02278,AG007,Web Form,Technical Issue,2025-07-31 13:22:00,50.6,2.8,4
TKT007500,CU03248,AG014,Chat,Billing,2025-11-07 15:43:00,1.0,6.4,5
TKT007501,CU01780,AG011,Phone,Delivery,2025-07-11 15:23:00,9.6,11.6,3
TKT007502,CU03428,AG037,Email,Billing,2025-11-11 09:31:00,149.5,31.3,3
TKT007503,CU03184,AG008,Phone,Billing,2025-01-29 05:48:00,2.6,1.7,4
TKT007504,CU01069,AG006,Social Media,Delivery,2025-12-22 09:39:00,112.1,11.1,5
TKT007505,CU00780,AG024,Email,Product Inquiry,2025-05-07 12:39:00,247.2,7.2,3
TKT007506,CU03612,AG023,Social Media,Account Access,2025-01-10 09:34:00,56.4,37.4,5
TKT007507,CU02357,AG023,Email,Product Inquiry,2025-08-14 13:02:00,143.9,1.8,3
TKT007508,CU03395,AG006,Chat,Technical Issue,2025-08-13 04:04:00,3.5,38.0,2
TKT007509,CU03689,AG020,Phone,Technical Issue,2025-02-15 13:04:00,4.4,2.0,4
TKT007510,CU01698,AG038,Web Form,Technical Issue,2025-05-07 11:16:00,74.6,8.9,2
TKT007511,CU00183,AG004,Chat,Billing,2025-12-03 21:28:00,1.7,50.2,2
TKT007512,CU03637,AG032,Web Form,Delivery,2025-03-11 19:14:00,23.2,69.3,4
TKT007513,CU02335,AG006,Chat,Technical Issue,2025-01-27 21:31:00,1.7,70.9,4
TKT007514,CU00482,AG010,Chat,Billing,2025-10-27 15:52:00,1.5,2.7,4
TKT007515,CU02120,AG036,Chat,Delivery,2025-09-06 21:57:00,1.9,3.5,4
TKT007516,CU00112,AG012,Web Form,Delivery,2025-07-02 08:39:00,40.7,4.9,4
TKT007517,CU01160,AG021,Chat,Delivery,2025-04-20 13:08:00,2.2,7.6,5
TKT007518,CU01392,AG016,Phone,Account Access,2025-11-14 16:44:00,3.3,3.3,4
TKT007519,CU01818,AG025,Phone,Product Inquiry,2025-11-12 13:48:00,6.2,5.5,5
TKT007520,CU02262,AG017,Phone,Delivery,2025-01-01 09:47:00,5.6,10.8,4
TKT007521,CU03358,AG018,Chat,Product Inquiry,2025-10-29 15:53:00,1.2,5.2,5
TKT007522,CU01406,AG033,Chat,Product Inquiry,2025-06-22 21:00:00,4.0,5.0,4
TKT007523,CU02942,AG023,Email,Refund,2025-05-02 13:22:00,94.1,11.4,4
TKT007524,CU03769,AG023,Phone,Technical Issue,2025-05-08 09:35:00,2.2,4.0,4
TKT007525,CU02995,AG033,Phone,Account Access,2025-06-18 04:09:00,7.1,3.8,4
TKT007526,CU01019,AG018,Phone,Billing,2025-07-29 07:23:00,2.9,12.0,4
TKT007527,CU02711,AG033,Email,Technical Issue,2025-12-17 17:14:00,147.7,7.0,1
TKT007528,CU01125,AG029,Email,Account Access,2025-01-10 13:13:00,68.9,4.8,4
TKT007529,CU01912,AG036,Email,Technical Issue,2025-08-10 09:39:00,114.5,65.1,2
TKT007530,CU02540,AG019,Email,Account Access,2025-01-24 18:39:00,131.4,31.5,4
TKT007531,CU01173,AG023,Phone,Refund,2025-01-03 12:04:00,3.2,31.5,3
TKT007532,CU00016,AG006,Chat,Billing,2025-04-21 17:40:00,1.5,47.8,3
TKT007533,CU03349,AG005,Chat,Product Inquiry,2025-10-11 17:53:00,2.0,61.9,4
TKT007534,CU02911,AG005,Email,Delivery,2025-05-07 16:02:00,241.3,11.1,3
TKT007535,CU00493,AG026,Web Form,Refund,2025-05-12 21:45:00,32.8,63.5,2
TKT007536,CU01510,AG014,Chat,Technical Issue,2025-11-26 19:42:00,1.0,30.8,2
TKT007537,CU01047,AG012,Chat,Product Inquiry,2025-04-11 07:47:00,4.0,5.7,4
TKT007538,CU03911,AG025,Chat,Technical Issue,2025-10-08 10:57:00,1.4,2.9,4
TKT007539,CU03768,AG016,Email,Refund,2025-10-31 21:44:00,102.1,2.3,5
TKT007540,CU02766,AG006,Chat,Technical Issue,2025-08-25 15:21:00,1.5,9.5,5
TKT007541,CU01764,AG023,Chat,Technical Issue,2025-12-20 12:07:00,1.0,64.2,4
TKT007542,CU00209,AG023,Web Form,Billing,2025-12-26 18:54:00,44.3,1.7,4
TKT007543,CU00988,AG006,Email,Delivery,2025-01-23 15:43:00,120.0,2.4,5
TKT007544,CU00371,AG011,Chat,Product Inquiry,2025-03-04 11:26:00,2.5,6.2,2
TKT007545,CU03158,AG010,Chat,Delivery,2025-05-23 10:35:00,1.5,10.8,2
TKT007546,CU00353,AG028,Web Form,Delivery,2025-09-01 18:31:00,14.4,3.5,3
TKT007547,CU02711,AG010,Chat,Billing,2025-04-13 18:03:00,1.0,44.8,3
TKT007548,CU03811,AG002,Chat,Product Inquiry,2025-08-21 20:15:00,3.7,28.1,5
TKT007549,CU01232,AG011,Social Media,Billing,2025-11-24 17:17:00,56.7,20.0,4
TKT007550,CU02737,AG019,Web Form,Product Inquiry,2025-01-03 08:37:00,74.3,4.4,5
TKT007551,CU03517,AG031,Web Form,Delivery,2025-11-13 11:25:00,37.1,4.0,5
TKT007552,CU01711,AG003,Social Media,Billing,2025-06-27 10:25:00,140.7,6.1,4
TKT007553,CU01796,AG036,Email,Billing,2025-11-25 09:32:00,147.8,6.1,4
TKT007554,CU00802,AG014,Phone,Delivery,2025-09-06 17:53:00,1.8,10.0,3
TKT007555,CU01711,AG014,Email,Product Inquiry,2025-01-16 07:10:00,73.5,43.8,3
TKT007556,CU03495,AG001,Web Form,Delivery,2025-11-26 13:06:00,24.2,3.8,4
TKT007557,CU02654,AG012,Web Form,Refund,2025-01-19 18:31:00,90.8,3.7,4
TKT007558,CU00807,AG019,Email,Product Inquiry,2025-04-02 17:51:00,70.1,4.6,3
TKT007559,CU02107,AG026,Phone,Billing,2025-07-21 09:57:00,3.3,8.0,5
TKT007560,CU02827,AG031,Chat,Account Access,2025-11-26 04:19:00,1.9,1.7,5
TKT007561,CU00310,AG021,Chat,Account Access,2025-03-02 11:21:00,2.3,8.7,2
TKT007562,CU03054,AG005,Email,Technical Issue,2025-07-16 14:49:00,108.6,1.6,4
TKT007563,CU00805,AG016,Phone,Refund,2025-02-11 18:09:00,1.7,2.4,3
TKT007564,CU01179,AG030,Phone,Technical Issue,2025-05-04 13:21:00,2.1,52.4,1
TKT007565,CU01666,AG026,Chat,Delivery,2025-04-06 09:28:00,1.1,13.7,4
TKT007566,CU02020,AG024,Chat,Account Access,2025-06-06 15:17:00,1.0,6.4,3
TKT007567,CU03665,AG021,Phone,Refund,2025-09-16 11:27:00,5.1,7.6,3
TKT007568,CU00892,AG021,Chat,Account Access,2025-09-21 18:59:00,2.6,2.1,5
TKT007569,CU01024,AG040,Chat,Account Access,2025-09-03 02:55:00,1.1,6.5,4
TKT007570,CU01516,AG024,Chat,Technical Issue,2025-01-11 12:22:00,4.1,6.4,4
TKT007571,CU03430,AG024,Web Form,Refund,2025-10-14 12:27:00,51.9,66.4,3
TKT007572,CU03861,AG014,Chat,Billing,2025-08-25 14:55:00,3.2,8.4,5
TKT007573,CU01818,AG020,Email,Account Access,2025-01-23 11:14:00,214.5,7.3,4
TKT007574,CU02773,AG029,Chat,Refund,2025-12-12 11:34:00,1.9,5.2,5
TKT007575,CU03670,AG035,Social Media,Account Access,2025-10-07 16:13:00,29.5,64.8,4
TKT007576,CU03387,AG032,Phone,Billing,2025-09-10 08:38:00,4.5,6.4,5
TKT007577,CU02726,AG027,Email,Technical Issue,2025-06-29 09:02:00,187.0,33.6,2
TKT007578,CU02163,AG032,Chat,Account Access,2025-10-18 07:12:00,1.4,2.2,5
TKT007579,CU03938,AG002,Phone,Billing,2025-04-25 09:44:00,4.4,47.5,5
TKT007580,CU00957,AG011,Email,Billing,2025-09-22 13:41:00,137.8,5.0,1
TKT007581,CU01452,AG010,Phone,Technical Issue,2025-08-11 08:16:00,2.4,6.1,5
TKT007582,CU02852,AG027,Chat,Billing,2025-08-11 06:12:00,1.9,1.8,4
TKT007583,CU00084,AG031,Web Form,Billing,2025-10-19 23:47:00,41.6,2.9,2
TKT007584,CU02003,AG006,Email,Account Access,2025-03-05 12:58:00,172.1,60.1,5
TKT007585,CU03418,AG008,Email,Account Access,2025-02-07 18:33:00,101.2,7.3,5
TKT007586,CU00708,AG020,Phone,Account Access,2025-07-22 16:43:00,2.7,10.2,5
TKT007587,CU03213,AG039,Email,Billing,2025-10-22 08:42:00,56.9,1.6,4
TKT007588,CU01650,AG001,Email,Product Inquiry,2025-04-03 13:54:00,471.2,3.4,5
TKT007589,CU03443,AG036,Phone,Account Access,2025-07-27 14:12:00,3.1,53.3,3
TKT007590,CU02540,AG008,Email,Refund,2025-12-16 08:34:00,75.2,35.6,4
TKT007591,CU00629,AG011,Chat,Account Access,2025-08-15 07:09:00,2.8,6.5,5
TKT007592,CU02942,AG026,Web Form,Billing,2025-01-29 09:19:00,61.0,8.9,4
TKT007593,CU00225,AG030,Phone,Delivery,2025-11-17 09:25:00,5.4,67.3,2
TKT007594,CU00973,AG035,Phone,Technical Issue,2025-12-23 10:55:00,5.7,4.1,4
TKT007595,CU03554,AG001,Email,Product Inquiry,2025-09-17 09:21:00,256.0,5.5,5
TKT007596,CU03504,AG002,Email,Account Access,2025-08-11 14:01:00,77.9,10.9,1
TKT007597,CU00186,AG020,Chat,Technical Issue,2025-08-01 10:30:00,2.2,4.4,5
TKT007598,CU01519,AG023,Phone,Billing,2025-08-16 17:25:00,1.7,41.6,3
TKT007599,CU00377,AG011,Chat,Delivery,2025-05-03 05:44:00,1.7,3.4,3
TKT007600,CU01085,AG026,Social Media,Technical Issue,2025-08-24 15:00:00,130.1,4.3,4
TKT007601,CU03870,AG011,Web Form,Technical Issue,2025-07-06 17:54:00,33.6,7.8,4
TKT007602,CU00781,AG038,Email,Product Inquiry,2025-10-17 12:44:00,477.5,9.1,5
TKT007603,CU02566,AG008,Chat,Billing,2025-11-02 10:35:00,2.0,5.5,5
TKT007604,CU03217,AG027,Chat,Technical Issue,2025-09-17 10:51:00,1.0,23.6,3
TKT007605,CU03524,AG022,Phone,Technical Issue,2025-12-30 10:13:00,5.9,7.2,5
TKT007606,CU01417,AG005,Chat,Delivery,2025-06-13 07:24:00,6.8,3.7,2
TKT007607,CU02788,AG025,Chat,Account Access,2025-10-03 14:17:00,1.0,5.3,5
TKT007608,CU01934,AG006,Phone,Delivery,2025-05-06 15:16:00,5.9,1.9,5
TKT007609,CU00430,AG022,Email,Product Inquiry,2025-10-16 11:54:00,81.2,3.1,4
TKT007610,CU00892,AG026,Web Form,Technical Issue,2025-04-08 21:54:00,53.4,3.0,4
TKT007611,CU02993,AG003,Email,Technical Issue,2025-09-13 19:12:00,68.1,5.2,5
TKT007612,CU02745,AG009,Chat,Technical Issue,2025-01-06 10:14:00,3.2,39.8,4
TKT007613,CU02085,AG012,Web Form,Billing,2025-10-07 16:05:00,46.2,8.9,5
TKT007614,CU03125,AG038,Chat,Technical Issue,2025-04-17 07:09:00,3.8,3.2,5
TKT007615,CU02766,AG009,Phone,Billing,2025-03-30 16:55:00,2.3,7.8,4
TKT007616,CU01358,AG037,Email,Refund,2025-05-02 16:11:00,125.0,55.6,2
TKT007617,CU01176,AG022,Chat,Technical Issue,2025-06-04 11:01:00,1.0,37.7,2
TKT007618,CU03781,AG038,Chat,Product Inquiry,2025-02-16 11:52:00,8.3,3.7,4
TKT007619,CU03888,AG034,Social Media,Product Inquiry,2025-07-22 14:44:00,258.7,13.8,4
TKT007620,CU00123,AG012,Chat,Account Access,2025-02-15 10:42:00,6.6,3.2,4
TKT007621,CU03164,AG023,Email,Refund,2025-07-20 14:08:00,325.3,9.0,1
TKT007622,CU00532,AG029,Social Media,Delivery,2025-05-15 19:01:00,65.0,29.2,2
TKT007623,CU03445,AG004,Social Media,Billing,2025-08-07 12:39:00,87.8,66.7,5
TKT007624,CU02356,AG027,Phone,Account Access,2025-02-25 09:33:00,4.7,28.1,3
TKT007625,CU02752,AG019,Email,Technical Issue,2025-12-22 14:11:00,172.0,9.1,4
TKT007626,CU02806,AG002,Phone,Account Access,2025-01-06 15:27:00,2.2,3.2,4
TKT007627,CU02420,AG035,Chat,Refund,2025-11-09 13:53:00,1.1,19.2,5
TKT007628,CU01003,AG011,Chat,Account Access,2025-05-09 02:54:00,1.0,7.0,5
TKT007629,CU03229,AG035,Chat,Billing,2025-10-30 15:02:00,1.6,44.0,3
TKT007630,CU02217,AG009,Chat,Delivery,2025-08-06 04:02:00,1.7,5.6,4
TKT007631,CU02181,AG022,Phone,Product Inquiry,2025-10-31 12:18:00,3.1,50.5,3
TKT007632,CU01274,AG015,Phone,Technical Issue,2025-07-22 11:44:00,4.6,13.9,4
TKT007633,CU00041,AG036,Phone,Billing,2025-10-17 18:46:00,1.9,6.3,5
TKT007634,CU02217,AG039,Chat,Technical Issue,2025-08-28 18:31:00,1.3,13.7,5
TKT007635,CU01381,AG031,Email,Product Inquiry,2025-09-05 17:34:00,92.2,30.1,2
TKT007636,CU02638,AG034,Chat,Account Access,2025-07-28 17:28:00,3.1,6.0,5
TKT007637,CU01459,AG031,Social Media,Technical Issue,2025-04-04 09:25:00,100.3,68.5,3
TKT007638,CU03892,AG012,Social Media,Delivery,2025-11-06 16:07:00,108.4,60.9,2
TKT007639,CU02724,AG037,Chat,Account Access,2025-11-09 16:26:00,1.2,6.1,3
TKT007640,CU01823,AG022,Chat,Technical Issue,2025-09-21 17:59:00,2.0,3.2,3
TKT007641,CU02833,AG014,Chat,Refund,2025-04-13 17:30:00,1.3,4.0,5
TKT007642,CU02593,AG008,Social Media,Delivery,2025-05-29 08:35:00,59.9,8.2,4
TKT007643,CU02483,AG029,Chat,Technical Issue,2025-09-22 09:59:00,2.5,25.5,2
TKT007644,CU02313,AG012,Email,Product Inquiry,2025-03-10 17:01:00,98.1,1.8,2
TKT007645,CU03728,AG027,Phone,Technical Issue,2025-02-10 08:40:00,3.8,9.8,5
TKT007646,CU01271,AG003,Phone,Technical Issue,2025-05-27 07:15:00,3.4,5.8,2
TKT007647,CU01730,AG026,Social Media,Billing,2025-07-19 22:29:00,47.2,16.4,4
TKT007648,CU01013,AG026,Chat,Technical Issue,2025-11-23 21:00:00,1.5,13.3,4
TKT007649,CU02279,AG021,Social Media,Account Access,2025-04-27 10:19:00,66.1,4.1,4
TKT007650,CU03952,AG027,Chat,Billing,2025-03-20 01:32:00,1.6,8.0,5
TKT007651,CU02434,AG040,Chat,Technical Issue,2025-09-15 11:30:00,1.0,36.9,3
TKT007652,CU00828,AG034,Chat,Product Inquiry,2025-11-16 03:23:00,1.3,3.2,3
TKT007653,CU03687,AG018,Web Form,Billing,2025-11-09 08:55:00,90.8,9.1,3
TKT007654,CU03162,AG035,Chat,Billing,2025-08-19 09:13:00,2.5,64.9,2
TKT007655,CU01761,AG039,Chat,Billing,2025-01-06 18:13:00,1.6,10.6,4
TKT007656,CU00587,AG007,Email,Refund,2025-08-27 11:34:00,73.2,47.6,3
TKT007657,CU01611,AG015,Social Media,Technical Issue,2025-02-11 00:20:00,95.1,58.9,4
TKT007658,CU03218,AG030,Chat,Technical Issue,2025-10-15 15:16:00,3.4,1.6,5
TKT007659,CU02309,AG021,Web Form,Refund,2025-12-04 06:03:00,126.7,41.0,2
TKT007660,CU00743,AG006,Email,Technical Issue,2025-08-11 19:31:00,104.9,6.3,2
TKT007661,CU00635,AG019,Email,Refund,2025-03-29 09:37:00,78.1,49.4,3
TKT007662,CU03869,AG015,Chat,Account Access,2025-04-20 09:34:00,2.6,5.1,5
TKT007663,CU01789,AG030,Chat,Refund,2025-09-24 11:46:00,2.4,4.5,5
TKT007664,CU02744,AG021,Chat,Technical Issue,2025-10-05 07:39:00,2.0,1.5,1
TKT007665,CU01443,AG006,Email,Product Inquiry,2025-10-24 02:37:00,98.7,8.2,4
TKT007666,CU00361,AG002,Phone,Billing,2025-02-07 19:18:00,1.9,4.1,2
TKT007667,CU01648,AG012,Phone,Technical Issue,2025-09-28 18:48:00,5.8,3.3,2
TKT007668,CU02773,AG007,Chat,Delivery,2025-12-17 20:53:00,3.3,2.8,5
TKT007669,CU01334,AG036,Email,Technical Issue,2025-01-12 15:46:00,114.9,1.0,5
TKT007670,CU02415,AG011,Chat,Billing,2025-06-07 01:06:00,5.1,2.9,5
TKT007671,CU01753,AG026,Chat,Account Access,2025-09-26 21:58:00,2.3,5.3,5
TKT007672,CU01351,AG006,Phone,Technical Issue,2025-07-13 16:33:00,3.6,3.6,4
TKT007673,CU01021,AG018,Social Media,Technical Issue,2025-12-17 11:27:00,47.0,2.0,5
TKT007674,CU01043,AG038,Web Form,Account Access,2025-09-04 16:13:00,21.6,2.6,4
TKT007675,CU01023,AG026,Chat,Billing,2025-05-15 14:05:00,1.5,6.4,5
TKT007676,CU02876,AG012,Social Media,Account Access,2025-08-16 15:50:00,110.2,2.4,3
TKT007677,CU01350,AG030,Web Form,Delivery,2025-09-17 18:32:00,198.5,1.6,1
TKT007678,CU02966,AG021,Phone,Billing,2025-10-13 20:54:00,4.2,17.2,4
TKT007679,CU01245,AG010,Chat,Billing,2025-04-11 17:46:00,2.8,3.5,5
TKT007680,CU01309,AG040,Web Form,Billing,2025-12-01 19:48:00,34.9,1.4,2
TKT007681,CU03697,AG038,Email,Billing,2025-12-31 14:24:00,157.0,3.0,4
TKT007682,CU03505,AG023,Web Form,Technical Issue,2025-03-20 10:22:00,57.4,10.6,5
TKT007683,CU01603,AG002,Chat,Account Access,2025-03-18 15:26:00,1.2,10.6,2
TKT007684,CU01076,AG017,Web Form,Technical Issue,2025-05-21 14:00:00,114.8,6.0,3
TKT007685,CU02863,AG021,Chat,Delivery,2025-04-22 05:44:00,1.9,7.9,4
TKT007686,CU00280,AG038,Chat,Technical Issue,2025-03-10 14:53:00,3.7,25.9,3
TKT007687,CU01826,AG030,Phone,Technical Issue,2025-03-03 12:01:00,4.0,5.7,3
TKT007688,CU02400,AG009,Chat,Billing,2025-09-17 11:53:00,1.7,1.4,3
TKT007689,CU02704,AG021,Phone,Billing,2025-12-15 16:39:00,2.6,44.7,2
TKT007690,CU00429,AG008,Email,Delivery,2025-02-04 19:33:00,115.5,2.2,4
TKT007691,CU00012,AG019,Chat,Delivery,2025-07-28 09:42:00,4.5,6.1,5
TKT007692,CU01107,AG022,Chat,Product Inquiry,2025-04-13 17:01:00,1.2,1.3,4
TKT007693,CU00477,AG021,Email,Billing,2025-04-01 08:58:00,202.0,13.2,4
TKT007694,CU02029,AG018,Email,Technical Issue,2025-07-28 14:52:00,118.0,31.0,3
TKT007695,CU03679,AG018,Chat,Refund,2025-02-19 18:43:00,2.8,9.7,3
TKT007696,CU01146,AG032,Email,Delivery,2025-01-31 19:19:00,156.9,9.1,2
TKT007697,CU01815,AG021,Email,Technical Issue,2025-11-16 10:07:00,67.2,12.8,3
TKT007698,CU00860,AG002,Chat,Technical Issue,2025-06-12 17:18:00,2.2,1.0,3
TKT007699,CU00176,AG030,Email,Account Access,2025-01-23 19:29:00,460.7,8.2,3
TKT007700,CU02813,AG025,Web Form,Billing,2025-11-16 08:59:00,65.1,4.7,3
TKT007701,CU01026,AG028,Phone,Account Access,2025-08-23 11:24:00,6.7,8.6,3
TKT007702,CU02188,AG029,Web Form,Technical Issue,2025-09-27 17:43:00,64.8,67.0,5
TKT007703,CU02733,AG007,Chat,Product Inquiry,2025-08-11 01:24:00,3.1,8.6,4
TKT007704,CU03360,AG039,Chat,Account Access,2025-06-22 15:03:00,1.3,7.2,2
TKT007705,CU00743,AG040,Chat,Delivery,2025-10-09 11:47:00,1.9,0.7,5
TKT007706,CU02325,AG006,Chat,Technical Issue,2025-05-06 13:20:00,3.2,6.0,5
TKT007707,CU03644,AG009,Phone,Delivery,2025-09-06 12:34:00,3.3,51.3,4
TKT007708,CU01934,AG010,Email,Refund,2025-11-19 09:20:00,252.5,5.1,4
TKT007709,CU00163,AG039,Chat,Technical Issue,2025-11-02 11:43:00,1.2,6.5,4
TKT007710,CU01046,AG038,Chat,Account Access,2025-07-22 18:48:00,2.1,13.9,4
TKT007711,CU03179,AG011,Chat,Technical Issue,2025-01-14 14:44:00,1.7,1.8,4
TKT007712,CU03169,AG026,Chat,Account Access,2025-01-06 13:53:00,8.5,5.6,4
TKT007713,CU01258,AG010,Email,Refund,2025-06-07 16:41:00,113.0,7.3,4
TKT007714,CU00788,AG002,Web Form,Delivery,2025-08-30 08:31:00,69.3,3.9,5
TKT007715,CU01168,AG010,Email,Delivery,2025-01-30 06:45:00,46.8,3.0,4
TKT007716,CU00969,AG004,Social Media,Technical Issue,2025-05-30 14:41:00,47.3,10.2,3
TKT007717,CU02964,AG034,Email,Refund,2025-05-28 01:13:00,165.6,29.2,5
TKT007718,CU03367,AG032,Email,Delivery,2025-06-17 08:17:00,121.1,12.4,5
TKT007719,CU00187,AG008,Email,Technical Issue,2025-07-24 16:05:00,122.4,2.8,4
TKT007720,CU02965,AG023,Phone,Refund,2025-04-12 19:45:00,3.3,8.7,3
TKT007721,CU03010,AG009,Email,Technical Issue,2025-08-05 10:09:00,126.5,5.7,4
TKT007722,CU02452,AG023,Web Form,Technical Issue,2025-06-15 11:05:00,21.5,6.0,5
TKT007723,CU03486,AG036,Email,Refund,2025-12-04 15:48:00,133.5,25.5,3
TKT007724,CU00156,AG036,Email,Technical Issue,2025-04-29 17:03:00,124.1,49.3,4
TKT007725,CU02800,AG034,Chat,Technical Issue,2025-12-03 09:57:00,3.6,0.9,4
TKT007726,CU00510,AG010,Email,Technical Issue,2025-12-18 18:13:00,221.6,9.7,4
TKT007727,CU03589,AG008,Web Form,Refund,2025-04-24 21:56:00,11.6,25.5,2
TKT007728,CU02000,AG007,Chat,Technical Issue,2025-05-29 07:39:00,1.3,3.8,5
TKT007729,CU00364,AG006,Phone,Billing,2025-09-13 09:00:00,10.8,2.4,3
TKT007730,CU02986,AG025,Chat,Technical Issue,2025-06-17 16:46:00,3.3,2.6,4
TKT007731,CU02997,AG027,Chat,Billing,2025-09-18 04:59:00,2.6,5.0,4
TKT007732,CU01857,AG036,Phone,Billing,2025-04-05 10:55:00,3.0,2.8,5
TKT007733,CU01242,AG004,Phone,Refund,2025-12-16 18:53:00,6.0,12.2,4
TKT007734,CU00070,AG011,Chat,Delivery,2025-09-12 15:14:00,1.0,8.0,4
TKT007735,CU03632,AG030,Web Form,Refund,2025-01-31 15:11:00,40.3,13.4,5
TKT007736,CU00738,AG028,Email,Delivery,2025-03-30 14:18:00,169.2,2.8,4
TKT007737,CU03371,AG018,Social Media,Billing,2025-08-14 13:33:00,125.7,15.2,3
TKT007738,CU02356,AG007,Social Media,Technical Issue,2025-04-17 17:46:00,101.4,3.5,5
TKT007739,CU02741,AG020,Email,Account Access,2025-05-29 18:59:00,173.8,3.8,4
TKT007740,CU02777,AG007,Chat,Billing,2025-08-24 17:28:00,2.2,10.0,4
TKT007741,CU03433,AG022,Email,Delivery,2025-05-07 13:28:00,117.7,6.8,4
TKT007742,CU00134,AG037,Phone,Technical Issue,2025-11-27 17:50:00,8.4,6.0,4
TKT007743,CU03965,AG008,Email,Delivery,2025-08-14 16:57:00,387.6,10.7,4
TKT007744,CU00174,AG005,Email,Billing,2025-06-03 12:25:00,136.1,56.5,5
TKT007745,CU03997,AG030,Email,Billing,2025-04-13 10:32:00,73.4,3.6,5
TKT007746,CU01046,AG001,Chat,Product Inquiry,2025-04-18 11:15:00,1.8,1.5,3
TKT007747,CU03384,AG040,Email,Technical Issue,2025-01-14 13:20:00,146.8,26.2,1
TKT007748,CU00335,AG031,Chat,Technical Issue,2025-02-01 08:45:00,1.0,14.8,4
TKT007749,CU01844,AG017,Chat,Technical Issue,2025-10-11 09:09:00,4.2,14.1,4
TKT007750,CU02168,AG015,Social Media,Billing,2025-10-08 07:17:00,63.4,2.0,4
TKT007751,CU03818,AG016,Phone,Account Access,2025-02-01 06:06:00,2.5,5.3,3
TKT007752,CU00495,AG016,Phone,Product Inquiry,2025-07-21 14:15:00,3.3,12.2,5
TKT007753,CU00146,AG034,Phone,Refund,2025-04-30 16:42:00,3.1,4.1,4
TKT007754,CU02593,AG032,Email,Delivery,2025-09-12 14:51:00,144.4,4.6,4
TKT007755,CU00197,AG009,Phone,Delivery,2025-08-06 16:19:00,6.2,2.2,5
TKT007756,CU03109,AG008,Web Form,Billing,2025-10-19 11:53:00,110.9,3.2,3
TKT007757,CU00154,AG022,Email,Product Inquiry,2025-08-16 17:24:00,216.3,4.5,5
TKT007758,CU03883,AG027,Phone,Account Access,2025-03-14 16:15:00,2.4,4.3,3
TKT007759,CU02131,AG030,Web Form,Technical Issue,2025-09-01 16:56:00,51.8,6.3,5
TKT007760,CU03794,AG013,Phone,Product Inquiry,2025-11-01 17:30:00,4.2,7.5,5
TKT007761,CU00507,AG020,Email,Account Access,2025-12-29 09:11:00,165.8,54.3,2
TKT007762,CU01094,AG005,Email,Technical Issue,2025-09-14 14:13:00,183.2,71.1,3
TKT007763,CU01820,AG019,Chat,Delivery,2025-05-27 17:22:00,2.1,6.2,5
TKT007764,CU00118,AG028,Chat,Technical Issue,2025-07-05 07:06:00,1.9,4.9,3
TKT007765,CU00412,AG013,Phone,Technical Issue,2025-02-20 09:54:00,6.6,62.8,2
TKT007766,CU01318,AG013,Social Media,Technical Issue,2025-08-21 13:37:00,83.7,4.5,4
TKT007767,CU02949,AG019,Social Media,Account Access,2025-02-20 11:56:00,152.3,8.7,5
TKT007768,CU02834,AG035,Social Media,Billing,2025-04-05 19:14:00,140.8,3.6,4
TKT007769,CU00348,AG025,Email,Technical Issue,2025-07-06 16:48:00,311.3,10.1,5
TKT007770,CU00240,AG037,Social Media,Billing,2025-06-24 04:40:00,101.5,8.6,4
TKT007771,CU02625,AG003,Chat,Technical Issue,2025-05-21 12:22:00,4.4,7.0,3
TKT007772,CU01439,AG034,Phone,Account Access,2025-08-25 16:20:00,3.4,5.8,4
TKT007773,CU03169,AG002,Web Form,Billing,2025-11-30 15:07:00,66.5,11.4,5
TKT007774,CU01193,AG013,Social Media,Technical Issue,2025-12-03 13:47:00,137.1,32.4,3
TKT007775,CU01452,AG018,Phone,Technical Issue,2025-07-06 07:47:00,2.3,14.5,3
TKT007776,CU00878,AG010,Chat,Billing,2025-07-21 19:33:00,1.6,6.2,3
TKT007777,CU01067,AG040,Phone,Account Access,2025-06-14 11:50:00,2.8,4.4,5
TKT007778,CU02825,AG036,Phone,Refund,2025-11-24 08:37:00,3.9,10.1,5
TKT007779,CU01885,AG023,Email,Technical Issue,2025-11-11 06:42:00,104.4,55.7,2
TKT007780,CU02637,AG019,Phone,Technical Issue,2025-01-20 17:59:00,4.2,16.3,3
TKT007781,CU00315,AG031,Email,Technical Issue,2025-10-18 14:20:00,134.1,2.4,3
TKT007782,CU02142,AG029,Email,Account Access,2025-01-11 09:39:00,120.1,35.3,5
TKT007783,CU01835,AG020,Social Media,Billing,2025-09-18 13:39:00,97.8,3.7,3
TKT007784,CU03644,AG034,Chat,Delivery,2025-05-04 20:54:00,1.4,10.3,5
TKT007785,CU01694,AG008,Email,Delivery,2025-07-12 13:42:00,87.1,6.2,4
TKT007786,CU00413,AG012,Chat,Technical Issue,2025-10-13 11:15:00,1.0,7.8,4
TKT007787,CU02789,AG001,Social Media,Billing,2025-03-27 10:53:00,33.7,2.2,4
TKT007788,CU00599,AG005,Chat,Product Inquiry,2025-02-18 08:48:00,1.4,10.0,5
TKT007789,CU03637,AG008,Phone,Billing,2025-07-27 19:08:00,5.4,60.9,3
TKT007790,CU01534,AG025,Chat,Account Access,2025-11-02 08:44:00,1.8,8.2,4
TKT007791,CU03139,AG035,Social Media,Account Access,2025-02-12 05:15:00,90.6,6.8,3
TKT007792,CU02624,AG024,Social Media,Technical Issue,2025-05-22 08:16:00,72.0,2.3,4
TKT007793,CU01860,AG018,Chat,Delivery,2025-07-15 08:24:00,5.8,5.3,4
TKT007794,CU02337,AG011,Chat,Technical Issue,2025-03-24 12:18:00,2.2,7.2,4
TKT007795,CU00731,AG005,Social Media,Technical Issue,2025-11-07 19:48:00,65.8,4.8,4
TKT007796,CU00297,AG024,Phone,Account Access,2025-08-07 08:11:00,2.2,7.1,4
TKT007797,CU03066,AG006,Web Form,Product Inquiry,2025-07-07 08:53:00,141.1,7.7,5
TKT007798,CU03834,AG032,Email,Technical Issue,2025-02-20 12:03:00,64.8,57.9,1
TKT007799,CU03448,AG017,Social Media,Account Access,2025-01-25 19:16:00,58.1,3.2,4
TKT007800,CU01221,AG015,Phone,Technical Issue,2025-03-02 20:27:00,2.6,57.3,1
TKT007801,CU01433,AG002,Email,Delivery,2025-01-12 21:30:00,137.4,12.0,4
TKT007802,CU01436,AG010,Phone,Billing,2025-07-15 07:53:00,4.9,7.8,4
TKT007803,CU02811,AG001,Phone,Billing,2025-11-11 16:36:00,4.2,45.2,1
TKT007804,CU02495,AG030,Email,Product Inquiry,2025-10-04 15:31:00,114.6,5.9,4
TKT007805,CU03186,AG020,Chat,Delivery,2025-03-23 03:09:00,1.0,69.3,5
TKT007806,CU03781,AG032,Email,Technical Issue,2025-03-13 15:02:00,388.7,2.7,5
TKT007807,CU01570,AG023,Email,Product Inquiry,2025-07-11 16:47:00,162.0,7.5,5
TKT007808,CU02651,AG039,Web Form,Technical Issue,2025-10-11 15:34:00,75.2,60.1,5
TKT007809,CU02002,AG032,Phone,Delivery,2025-10-11 09:28:00,2.8,1.3,3
TKT007810,CU03820,AG006,Email,Delivery,2025-07-10 10:30:00,118.9,2.5,5
TKT007811,CU01417,AG005,Chat,Refund,2025-04-03 14:53:00,3.8,33.5,3
TKT007812,CU00751,AG036,Social Media,Billing,2025-06-26 08:27:00,26.8,20.9,5
TKT007813,CU01516,AG011,Phone,Delivery,2025-09-27 08:32:00,6.1,30.9,4
TKT007814,CU02476,AG031,Social Media,Delivery,2025-11-18 16:30:00,78.6,4.5,4
TKT007815,CU03814,AG026,Phone,Billing,2025-01-28 08:49:00,5.0,32.0,3
TKT007816,CU03316,AG029,Email,Product Inquiry,2025-10-10 01:13:00,349.8,47.0,4
TKT007817,CU00074,AG011,Email,Technical Issue,2025-10-01 08:02:00,107.6,8.9,5
TKT007818,CU02037,AG013,Social Media,Technical Issue,2025-03-19 06:57:00,20.4,4.0,4
TKT007819,CU00637,AG023,Social Media,Delivery,2025-01-24 10:26:00,49.4,3.6,4
TKT007820,CU01449,AG001,Social Media,Technical Issue,2025-04-23 16:34:00,90.6,3.8,4
TKT007821,CU03776,AG013,Chat,Refund,2025-04-12 17:25:00,5.0,11.3,4
TKT007822,CU03940,AG021,Email,Billing,2025-02-11 06:17:00,113.1,3.6,4
TKT007823,CU00615,AG009,Social Media,Billing,2025-04-04 14:11:00,210.9,1.5,3
TKT007824,CU00564,AG012,Phone,Delivery,2025-03-13 07:40:00,1.1,7.2,5
TKT007825,CU02786,AG040,Social Media,Refund,2025-11-22 08:33:00,68.2,4.0,3
TKT007826,CU01644,AG012,Email,Delivery,2025-02-01 17:37:00,247.8,3.0,5
TKT007827,CU01732,AG037,Chat,Technical Issue,2025-07-15 21:45:00,3.4,64.6,3
TKT007828,CU03494,AG038,Chat,Billing,2025-04-30 10:17:00,1.0,5.7,5
TKT007829,CU03683,AG027,Chat,Delivery,2025-11-04 17:29:00,1.3,2.3,4
TKT007830,CU03602,AG007,Social Media,Product Inquiry,2025-06-23 10:36:00,83.4,9.5,5
TKT007831,CU03132,AG009,Web Form,Delivery,2025-08-01 17:49:00,38.2,9.5,4
TKT007832,CU03922,AG038,Email,Account Access,2025-05-25 14:05:00,266.3,25.0,4
TKT007833,CU02880,AG001,Social Media,Billing,2025-10-22 14:17:00,90.6,41.1,4
TKT007834,CU03540,AG021,Phone,Account Access,2025-09-01 17:11:00,1.8,8.3,4
TKT007835,CU02162,AG024,Email,Billing,2025-07-21 16:17:00,180.4,7.6,5
TKT007836,CU00204,AG034,Chat,Technical Issue,2025-05-25 21:56:00,2.7,6.6,5
TKT007837,CU03266,AG036,Chat,Technical Issue,2025-06-14 11:10:00,1.1,5.3,4
TKT007838,CU03720,AG012,Email,Delivery,2025-04-03 21:45:00,85.8,48.8,1
TKT007839,CU01250,AG021,Chat,Account Access,2025-08-29 18:47:00,1.4,3.7,2
TKT007840,CU01713,AG026,Chat,Technical Issue,2025-04-18 13:44:00,4.2,15.2,5
TKT007841,CU02289,AG039,Social Media,Product Inquiry,2025-04-15 13:08:00,85.7,8.8,4
TKT007842,CU02607,AG023,Chat,Technical Issue,2025-06-20 19:04:00,1.0,8.2,5
TKT007843,CU02700,AG005,Chat,Delivery,2025-12-02 14:08:00,1.0,3.5,5
TKT007844,CU01578,AG037,Chat,Refund,2025-06-10 10:50:00,3.0,2.7,5
TKT007845,CU03418,AG021,Email,Refund,2025-11-28 04:00:00,111.8,3.8,4
TKT007846,CU03255,AG008,Email,Refund,2025-07-12 10:43:00,71.3,13.8,2
TKT007847,CU03770,AG008,Chat,Refund,2025-01-27 09:23:00,1.6,4.3,5
TKT007848,CU02304,AG009,Web Form,Billing,2025-08-02 08:56:00,94.4,3.8,5
TKT007849,CU00310,AG029,Chat,Delivery,2025-12-01 15:26:00,6.6,56.2,2
TKT007850,CU03383,AG038,Phone,Refund,2025-11-18 11:27:00,3.9,10.0,4
TKT007851,CU00318,AG018,Social Media,Billing,2025-03-08 07:27:00,117.8,5.5,4
TKT007852,CU00776,AG004,Chat,Delivery,2025-04-08 10:48:00,1.9,4.9,3
TKT007853,CU01141,AG036,Phone,Technical Issue,2025-09-06 08:45:00,4.5,39.7,4
TKT007854,CU00740,AG026,Phone,Account Access,2025-06-09 14:57:00,2.4,15.0,5
TKT007855,CU02895,AG023,Social Media,Technical Issue,2025-10-28 12:24:00,199.3,5.0,5
TKT007856,CU01762,AG003,Email,Delivery,2025-07-09 20:50:00,108.8,3.0,3
TKT007857,CU00878,AG039,Email,Billing,2025-03-30 14:00:00,76.5,61.2,2
TKT007858,CU00020,AG004,Phone,Technical Issue,2025-05-02 17:37:00,2.6,4.5,3
TKT007859,CU00866,AG025,Web Form,Billing,2025-02-11 10:36:00,79.3,9.8,4
TKT007860,CU02772,AG024,Email,Delivery,2025-04-15 16:03:00,95.3,4.7,5
TKT007861,CU03178,AG021,Web Form,Product Inquiry,2025-10-04 16:10:00,126.7,4.0,3
TKT007862,CU01185,AG023,Chat,Technical Issue,2025-03-23 22:58:00,2.8,6.8,4
TKT007863,CU00293,AG016,Social Media,Technical Issue,2025-06-11 15:01:00,144.6,57.8,4
TKT007864,CU02230,AG023,Chat,Delivery,2025-03-07 20:30:00,1.6,2.2,1
TKT007865,CU03132,AG015,Phone,Account Access,2025-06-27 18:46:00,2.8,7.8,4
TKT007866,CU00281,AG019,Phone,Billing,2025-12-19 20:58:00,4.1,2.5,5
TKT007867,CU03183,AG028,Chat,Delivery,2025-10-06 14:14:00,1.0,0.5,5
TKT007868,CU00683,AG030,Email,Refund,2025-10-06 09:37:00,181.5,4.3,5
TKT007869,CU01032,AG007,Chat,Technical Issue,2025-04-03 14:45:00,3.3,8.5,1
TKT007870,CU02492,AG040,Chat,Account Access,2025-04-23 20:54:00,1.4,5.5,3
TKT007871,CU00206,AG004,Chat,Technical Issue,2025-02-05 21:38:00,2.9,8.9,4
TKT007872,CU01223,AG012,Phone,Product Inquiry,2025-12-03 20:13:00,4.6,43.3,3
TKT007873,CU00556,AG014,Email,Refund,2025-12-16 12:52:00,258.7,11.6,5
TKT007874,CU00859,AG013,Phone,Account Access,2025-05-04 17:56:00,9.9,6.4,4
TKT007875,CU03094,AG015,Chat,Product Inquiry,2025-09-13 13:21:00,3.1,9.2,5
TKT007876,CU00916,AG013,Email,Technical Issue,2025-03-19 15:29:00,135.7,58.0,4
TKT007877,CU00174,AG018,Web Form,Delivery,2025-08-27 12:39:00,106.8,37.6,3
TKT007878,CU00860,AG031,Chat,Delivery,2025-02-04 10:49:00,2.1,14.8,4
TKT007879,CU00348,AG034,Chat,Refund,2025-05-02 12:34:00,1.7,9.6,2
TKT007880,CU02492,AG014,Chat,Delivery,2025-05-24 10:44:00,1.4,5.7,4
TKT007881,CU03892,AG011,Chat,Technical Issue,2025-12-30 12:46:00,2.1,6.9,4
TKT007882,CU00671,AG028,Chat,Technical Issue,2025-06-20 15:12:00,3.5,4.3,5
TKT007883,CU02916,AG003,Email,Technical Issue,2025-03-23 09:19:00,79.4,10.3,5
TKT007884,CU01451,AG018,Phone,Refund,2025-01-18 15:50:00,2.0,9.1,5
TKT007885,CU00288,AG009,Email,Billing,2025-03-07 06:35:00,71.6,2.2,4
TKT007886,CU02752,AG025,Email,Account Access,2025-03-30 00:12:00,245.6,43.7,4
TKT007887,CU00840,AG004,Email,Technical Issue,2025-04-27 09:32:00,174.3,69.5,4
TKT007888,CU02055,AG034,Social Media,Account Access,2025-02-19 09:12:00,202.5,39.6,3
TKT007889,CU02029,AG011,Chat,Billing,2025-09-27 18:02:00,1.5,5.8,4
TKT007890,CU02390,AG021,Phone,Account Access,2025-05-22 16:27:00,2.0,6.0,3
TKT007891,CU00540,AG023,Chat,Billing,2025-03-28 15:02:00,4.7,4.4,4
TKT007892,CU01004,AG020,Phone,Technical Issue,2025-07-11 16:57:00,2.7,5.1,4
TKT007893,CU02950,AG018,Chat,Technical Issue,2025-04-25 15:54:00,2.9,26.4,5
TKT007894,CU03731,AG011,Web Form,Product Inquiry,2025-09-07 18:13:00,26.4,6.7,4
TKT007895,CU00047,AG031,Chat,Account Access,2025-07-13 13:38:00,2.2,16.7,5
TKT007896,CU01656,AG021,Chat,Delivery,2025-12-07 02:23:00,1.8,6.2,2
TKT007897,CU03526,AG009,Email,Product Inquiry,2025-08-26 18:36:00,64.0,59.2,3
TKT007898,CU01148,AG011,Web Form,Account Access,2025-05-14 12:31:00,155.7,11.3,5
TKT007899,CU01791,AG018,Email,Delivery,2025-02-24 20:44:00,85.9,29.6,5
TKT007900,CU03618,AG034,Chat,Account Access,2025-02-07 19:45:00,1.2,17.7,3
TKT007901,CU03876,AG039,Chat,Technical Issue,2025-08-27 11:00:00,1.4,13.7,5
TKT007902,CU02622,AG016,Web Form,Billing,2025-01-13 20:50:00,16.6,8.7,4
TKT007903,CU02777,AG016,Web Form,Refund,2025-05-20 05:13:00,45.9,51.8,4
TKT007904,CU02456,AG006,Social Media,Billing,2025-01-08 15:38:00,62.8,46.3,2
TKT007905,CU01135,AG022,Email,Technical Issue,2025-05-07 15:39:00,241.6,7.9,4
TKT007906,CU03547,AG010,Chat,Refund,2025-11-19 18:38:00,2.4,1.0,5
TKT007907,CU00137,AG033,Phone,Technical Issue,2025-01-29 12:43:00,2.0,59.6,3
TKT007908,CU00235,AG022,Web Form,Delivery,2025-12-22 09:07:00,38.4,1.6,4
TKT007909,CU02408,AG009,Phone,Delivery,2025-12-22 05:37:00,13.1,4.2,5
TKT007910,CU03351,AG037,Email,Billing,2025-11-12 12:22:00,84.8,6.8,4
TKT007911,CU03257,AG033,Phone,Technical Issue,2025-09-10 12:24:00,6.3,9.7,5
TKT007912,CU02712,AG013,Chat,Billing,2025-03-07 11:08:00,1.4,48.5,5
TKT007913,CU01506,AG005,Email,Delivery,2025-02-06 15:35:00,80.6,7.6,5
TKT007914,CU01440,AG011,Phone,Refund,2025-12-02 13:19:00,3.0,10.0,4
TKT007915,CU01703,AG016,Chat,Refund,2025-05-14 07:41:00,4.5,5.5,5
TKT007916,CU01026,AG017,Chat,Technical Issue,2025-06-14 05:28:00,1.0,3.3,4
TKT007917,CU01677,AG033,Chat,Technical Issue,2025-01-30 19:24:00,2.9,6.8,4
TKT007918,CU00420,AG039,Email,Delivery,2025-01-22 16:30:00,273.8,64.5,2
TKT007919,CU01280,AG030,Phone,Delivery,2025-07-17 12:33:00,3.0,33.1,5
TKT007920,CU03765,AG034,Email,Technical Issue,2025-05-29 13:40:00,242.3,4.0,5
TKT007921,CU02828,AG006,Email,Technical Issue,2025-09-13 07:04:00,222.4,0.7,4
TKT007922,CU00568,AG006,Email,Technical Issue,2025-11-01 09:48:00,89.8,0.7,3
TKT007923,CU01146,AG037,Web Form,Billing,2025-01-21 18:10:00,32.6,2.3,5
TKT007924,CU01038,AG025,Phone,Delivery,2025-12-21 07:13:00,3.7,13.7,4
TKT007925,CU01127,AG010,Phone,Product Inquiry,2025-12-03 07:46:00,4.2,6.2,5
TKT007926,CU02765,AG032,Chat,Technical Issue,2025-07-29 14:00:00,1.6,3.2,3
TKT007927,CU03581,AG007,Social Media,Account Access,2025-05-17 18:22:00,122.8,56.3,4
TKT007928,CU02841,AG031,Chat,Billing,2025-03-02 11:39:00,1.3,5.0,4
TKT007929,CU01954,AG036,Phone,Billing,2025-03-27 15:46:00,2.4,8.8,5
TKT007930,CU00644,AG020,Email,Technical Issue,2025-09-13 19:53:00,140.3,68.1,4
TKT007931,CU00572,AG027,Phone,Billing,2025-02-17 19:40:00,4.5,0.3,4
TKT007932,CU03257,AG030,Email,Technical Issue,2025-12-19 12:14:00,288.1,2.0,3
TKT007933,CU02711,AG036,Chat,Delivery,2025-02-23 10:21:00,2.6,4.7,4
TKT007934,CU02042,AG024,Phone,Delivery,2025-10-03 14:01:00,5.9,5.8,3
TKT007935,CU02309,AG012,Chat,Delivery,2025-11-07 20:46:00,1.7,40.5,3
TKT007936,CU03394,AG009,Email,Account Access,2025-04-18 15:00:00,116.2,64.9,1
TKT007937,CU03256,AG015,Chat,Billing,2025-06-25 21:07:00,1.4,52.4,4
TKT007938,CU00350,AG003,Web Form,Technical Issue,2025-07-30 14:58:00,60.8,17.8,5
TKT007939,CU01581,AG028,Chat,Technical Issue,2025-10-19 02:09:00,2.2,14.0,5
TKT007940,CU00172,AG015,Phone,Technical Issue,2025-01-19 12:17:00,4.2,6.2,4
TKT007941,CU01540,AG029,Chat,Technical Issue,2025-03-24 19:24:00,1.8,6.1,5
TKT007942,CU02548,AG003,Email,Product Inquiry,2025-02-24 03:08:00,136.8,57.2,3
TKT007943,CU00834,AG013,Phone,Product Inquiry,2025-04-27 14:39:00,9.9,1.8,3
TKT007944,CU00601,AG016,Email,Delivery,2025-09-03 11:18:00,162.8,9.0,5
TKT007945,CU01964,AG004,Phone,Delivery,2025-05-31 11:17:00,5.5,10.0,4
TKT007946,CU02100,AG034,Web Form,Delivery,2025-06-29 14:34:00,71.2,42.5,4
TKT007947,CU02857,AG024,Social Media,Account Access,2025-06-15 11:19:00,81.8,7.4,5
TKT007948,CU00057,AG034,Social Media,Delivery,2025-01-02 20:13:00,120.9,3.0,5
TKT007949,CU00992,AG033,Phone,Technical Issue,2025-02-05 10:51:00,4.0,4.6,4
TKT007950,CU03120,AG002,Phone,Product Inquiry,2025-03-24 16:34:00,2.0,9.3,4
TKT007951,CU02728,AG035,Email,Delivery,2025-01-17 07:53:00,101.7,55.4,2
TKT007952,CU03599,AG003,Phone,Technical Issue,2025-10-28 10:21:00,12.0,5.3,2
TKT007953,CU03260,AG035,Phone,Account Access,2025-12-30 08:54:00,7.6,0.8,4
TKT007954,CU03356,AG027,Chat,Refund,2025-06-26 09:53:00,1.7,3.6,5
TKT007955,CU02043,AG033,Email,Product Inquiry,2025-09-01 14:01:00,202.9,1.5,5
TKT007956,CU03834,AG020,Email,Billing,2025-01-21 10:07:00,157.9,4.9,4
TKT007957,CU01664,AG007,Email,Account Access,2025-01-20 05:47:00,365.1,9.5,4
TKT007958,CU03613,AG006,Email,Billing,2025-08-09 18:17:00,130.4,6.9,5
TKT007959,CU01568,AG005,Email,Billing,2025-10-09 15:45:00,158.4,6.0,4
TKT007960,CU01777,AG033,Chat,Technical Issue,2025-12-06 21:26:00,1.3,7.0,5
TKT007961,CU02743,AG022,Email,Technical Issue,2025-05-12 17:15:00,130.0,4.6,4
TKT007962,CU01594,AG009,Chat,Billing,2025-06-02 14:13:00,1.0,8.0,2
TKT007963,CU00589,AG005,Phone,Account Access,2025-10-18 12:13:00,4.6,2.2,5
TKT007964,CU03585,AG004,Phone,Delivery,2025-02-21 20:39:00,6.9,29.6,1
TKT007965,CU01812,AG011,Chat,Account Access,2025-12-13 12:02:00,5.1,1.8,4
TKT007966,CU03708,AG030,Chat,Billing,2025-04-19 14:11:00,2.6,2.9,4
TKT007967,CU01597,AG036,Email,Billing,2025-01-10 10:49:00,114.5,13.3,5
TKT007968,CU03892,AG025,Chat,Refund,2025-10-16 10:19:00,1.3,5.0,4
TKT007969,CU02412,AG040,Chat,Account Access,2025-12-18 18:36:00,1.5,9.2,3
TKT007970,CU03074,AG016,Chat,Account Access,2025-06-25 09:17:00,1.0,2.5,5
TKT007971,CU03023,AG014,Chat,Technical Issue,2025-03-02 08:00:00,1.7,9.6,5
TKT007972,CU00808,AG028,Chat,Technical Issue,2025-02-25 16:26:00,1.0,9.1,5
TKT007973,CU03262,AG006,Phone,Product Inquiry,2025-04-19 18:13:00,2.9,17.6,3
TKT007974,CU03780,AG037,Social Media,Technical Issue,2025-07-14 20:44:00,80.4,47.9,3
TKT007975,CU02645,AG032,Email,Billing,2025-08-17 15:49:00,167.8,61.4,2
TKT007976,CU03789,AG002,Email,Technical Issue,2025-09-12 11:52:00,56.5,2.9,5
TKT007977,CU03385,AG008,Phone,Account Access,2025-09-19 13:36:00,3.3,6.4,4
TKT007978,CU02665,AG026,Chat,Delivery,2025-03-29 08:04:00,2.9,7.0,5
TKT007979,CU01909,AG030,Email,Delivery,2025-03-04 09:51:00,302.3,4.6,4
TKT007980,CU03430,AG009,Email,Refund,2025-12-14 19:50:00,134.4,9.5,5
TKT007981,CU00742,AG030,Chat,Billing,2025-02-19 18:08:00,6.7,27.6,1
TKT007982,CU02245,AG019,Phone,Billing,2025-07-06 10:24:00,5.9,2.7,4
TKT007983,CU03263,AG028,Email,Product Inquiry,2025-04-15 11:57:00,144.8,7.3,5
TKT007984,CU03777,AG017,Social Media,Billing,2025-09-24 21:48:00,178.3,34.3,5
TKT007985,CU01069,AG019,Web Form,Refund,2025-04-29 11:12:00,41.6,35.4,3
TKT007986,CU00376,AG016,Email,Delivery,2025-02-06 10:37:00,78.7,7.5,4
TKT007987,CU01334,AG007,Phone,Technical Issue,2025-04-27 09:18:00,6.7,8.4,4
TKT007988,CU03456,AG008,Web Form,Product Inquiry,2025-02-06 11:52:00,73.6,9.8,5
TKT007989,CU02096,AG007,Chat,Billing,2025-03-04 11:55:00,3.6,31.6,4
TKT007990,CU00223,AG033,Phone,Delivery,2025-06-22 16:46:00,7.0,6.4,4
TKT007991,CU00478,AG017,Web Form,Technical Issue,2025-12-21 10:18:00,166.2,4.8,5
TKT007992,CU01357,AG016,Social Media,Account Access,2025-03-16 12:23:00,40.5,61.0,2
TKT007993,CU01371,AG035,Email,Account Access,2025-10-19 10:35:00,115.2,6.9,2
TKT007994,CU00542,AG036,Email,Technical Issue,2025-07-09 10:56:00,119.5,7.3,5
TKT007995,CU01977,AG010,Email,Product Inquiry,2025-12-24 09:20:00,266.0,8.0,4
TKT007996,CU01917,AG015,Social Media,Technical Issue,2025-07-09 13:33:00,110.5,2.9,4
TKT007997,CU00798,AG017,Chat,Billing,2025-02-07 12:44:00,3.8,14.6,5
TKT007998,CU00929,AG034,Chat,Technical Issue,2025-05-30 05:22:00,2.3,11.8,4
TKT007999,CU02658,AG027,Email,Delivery,2025-01-28 20:18:00,138.6,4.3,3
TKT008000,CU03809,AG022,Phone,Billing,2025-03-23 11:23:00,5.8,7.0,5
TKT008001,CU03986,AG010,Phone,Account Access,2025-07-15 16:26:00,4.6,15.0,5
TKT008002,CU02238,AG016,Web Form,Delivery,2025-11-25 19:05:00,68.1,7.9,5
TKT008003,CU00154,AG002,Social Media,Delivery,2025-08-13 01:05:00,128.8,5.1,4
TKT008004,CU03591,AG029,Chat,Product Inquiry,2025-05-14 07:41:00,2.5,12.3,5
TKT008005,CU03803,AG037,Chat,Refund,2025-08-20 08:55:00,3.4,6.0,4
TKT008006,CU01113,AG032,Chat,Billing,2025-03-31 19:48:00,2.1,3.8,4
TKT008007,CU01602,AG013,Email,Delivery,2025-02-04 14:54:00,153.7,44.5,2
TKT008008,CU00104,AG020,Email,Technical Issue,2025-09-25 10:50:00,80.7,4.5,3
TKT008009,CU03205,AG039,Phone,Technical Issue,2025-11-04 05:48:00,6.9,10.7,3
TKT008010,CU03103,AG018,Social Media,Billing,2025-08-12 04:03:00,230.7,3.3,4
TKT008011,CU00083,AG034,Chat,Billing,2025-06-28 14:52:00,1.0,10.3,4
TKT008012,CU02810,AG024,Social Media,Account Access,2025-06-17 16:26:00,128.0,7.4,4
TKT008013,CU01648,AG020,Phone,Account Access,2025-05-15 11:36:00,3.7,0.6,5
TKT008014,CU02182,AG024,Social Media,Delivery,2025-12-21 10:53:00,81.3,56.3,1
TKT008015,CU00874,AG009,Phone,Product Inquiry,2025-07-04 17:05:00,5.6,4.9,3
TKT008016,CU03262,AG018,Email,Technical Issue,2025-11-15 18:15:00,137.7,1.8,4
TKT008017,CU01618,AG013,Web Form,Billing,2025-01-15 11:04:00,68.3,2.4,5
TKT008018,CU03361,AG031,Phone,Technical Issue,2025-05-09 16:25:00,3.3,16.5,3
TKT008019,CU00594,AG025,Social Media,Technical Issue,2025-03-20 18:47:00,205.9,10.3,2
TKT008020,CU02352,AG016,Chat,Product Inquiry,2025-02-12 11:29:00,1.8,1.5,4
TKT008021,CU01241,AG033,Email,Technical Issue,2025-12-31 08:31:00,92.1,55.6,1
TKT008022,CU03864,AG019,Phone,Technical Issue,2025-01-19 11:14:00,4.8,38.6,3
TKT008023,CU02228,AG039,Email,Billing,2025-07-21 06:16:00,88.4,52.5,3
TKT008024,CU02879,AG025,Chat,Billing,2025-03-21 04:33:00,2.3,2.4,4
TKT008025,CU00345,AG036,Chat,Account Access,2025-01-29 18:02:00,4.9,8.3,4
TKT008026,CU02708,AG040,Chat,Product Inquiry,2025-12-25 18:26:00,2.0,3.1,5
TKT008027,CU00405,AG014,Chat,Delivery,2025-04-17 15:59:00,1.0,3.8,5
TKT008028,CU01446,AG011,Chat,Billing,2025-05-09 18:34:00,1.6,1.6,5
TKT008029,CU00890,AG034,Chat,Delivery,2025-03-09 20:05:00,3.1,2.9,4
TKT008030,CU00010,AG010,Email,Refund,2025-09-08 15:25:00,148.5,1.1,1
TKT008031,CU02346,AG031,Chat,Technical Issue,2025-12-04 19:21:00,2.9,10.6,3
TKT008032,CU00964,AG008,Email,Delivery,2025-05-04 20:41:00,98.9,3.5,4
TKT008033,CU02051,AG035,Social Media,Delivery,2025-10-22 10:40:00,71.8,15.7,4
TKT008034,CU03056,AG028,Chat,Delivery,2025-05-30 21:58:00,2.8,10.9,5
TKT008035,CU00713,AG021,Email,Technical Issue,2025-07-19 22:37:00,339.6,41.1,3
TKT008036,CU02840,AG018,Chat,Delivery,2025-10-20 10:14:00,1.6,16.0,5
TKT008037,CU01189,AG026,Email,Refund,2025-12-14 15:07:00,142.9,0.4,5
TKT008038,CU01325,AG016,Email,Delivery,2025-08-11 09:09:00,256.4,8.7,4
TKT008039,CU02308,AG016,Phone,Technical Issue,2025-05-17 11:37:00,4.3,12.8,3
TKT008040,CU02503,AG009,Phone,Technical Issue,2025-06-21 15:35:00,5.7,10.8,3
TKT008041,CU02622,AG007,Phone,Delivery,2025-11-12 04:20:00,2.7,7.6,4
TKT008042,CU00782,AG036,Phone,Delivery,2025-05-09 15:44:00,4.0,35.2,5
TKT008043,CU02319,AG030,Phone,Product Inquiry,2025-06-20 13:10:00,2.8,2.1,2
TKT008044,CU01055,AG018,Phone,Billing,2025-10-10 07:42:00,1.6,4.5,1
TKT008045,CU01108,AG034,Email,Technical Issue,2025-11-06 15:37:00,86.1,25.7,3
TKT008046,CU03790,AG025,Phone,Delivery,2025-06-13 20:10:00,5.1,3.4,4
TKT008047,CU00404,AG024,Web Form,Delivery,2025-11-25 00:54:00,74.5,20.1,5
TKT008048,CU01653,AG005,Phone,Account Access,2025-11-11 12:52:00,6.1,16.0,4
TKT008049,CU01758,AG022,Chat,Delivery,2025-06-18 07:45:00,2.6,4.0,3
TKT008050,CU00980,AG005,Web Form,Billing,2025-04-12 09:39:00,48.7,2.3,2
TKT008051,CU03142,AG028,Chat,Technical Issue,2025-03-06 13:09:00,1.0,8.7,5
TKT008052,CU01949,AG003,Email,Technical Issue,2025-02-14 10:58:00,74.6,5.5,5
TKT008053,CU02878,AG021,Chat,Billing,2025-03-12 15:10:00,3.7,9.7,3
TKT008054,CU01549,AG015,Chat,Delivery,2025-01-26 09:48:00,1.3,12.3,3
TKT008055,CU03588,AG006,Social Media,Technical Issue,2025-04-16 17:28:00,86.4,1.6,4
TKT008056,CU02919,AG019,Social Media,Refund,2025-12-28 08:40:00,93.2,5.2,1
TKT008057,CU01333,AG009,Phone,Technical Issue,2025-03-23 19:01:00,1.9,3.4,5
TKT008058,CU03849,AG010,Chat,Delivery,2025-05-21 11:19:00,2.4,63.2,5
TKT008059,CU03461,AG036,Phone,Account Access,2025-05-22 05:01:00,9.3,71.8,1
TKT008060,CU02367,AG014,Email,Technical Issue,2025-07-09 07:43:00,138.6,3.8,5
TKT008061,CU00066,AG017,Social Media,Account Access,2025-07-04 13:15:00,77.6,30.7,2
TKT008062,CU02365,AG001,Phone,Product Inquiry,2025-08-01 19:18:00,2.1,3.8,3
TKT008063,CU02764,AG013,Phone,Product Inquiry,2025-02-01 13:06:00,3.4,2.2,5
TKT008064,CU01460,AG015,Email,Billing,2025-04-28 12:07:00,188.5,16.3,3
TKT008065,CU00576,AG029,Chat,Account Access,2025-11-29 17:32:00,2.0,6.4,4
TKT008066,CU02259,AG005,Email,Technical Issue,2025-12-23 09:20:00,109.9,3.1,5
TKT008067,CU03207,AG038,Chat,Billing,2025-01-01 15:02:00,3.5,2.0,5
TKT008068,CU01278,AG006,Web Form,Billing,2025-08-19 09:50:00,47.6,2.9,3
TKT008069,CU01826,AG027,Email,Product Inquiry,2025-02-20 18:14:00,110.6,30.0,2
TKT008070,CU00005,AG001,Email,Delivery,2025-07-15 19:02:00,151.3,5.3,4
TKT008071,CU02816,AG033,Email,Technical Issue,2025-01-04 08:03:00,287.3,12.1,5
TKT008072,CU03465,AG028,Phone,Product Inquiry,2025-10-03 08:24:00,3.7,8.0,4
TKT008073,CU03106,AG034,Chat,Delivery,2025-12-27 16:31:00,1.2,12.1,3
TKT008074,CU01718,AG038,Social Media,Technical Issue,2025-02-14 15:07:00,121.5,44.1,3
TKT008075,CU00181,AG034,Chat,Refund,2025-05-30 15:21:00,1.7,7.2,4
TKT008076,CU01969,AG025,Chat,Account Access,2025-03-12 13:20:00,2.7,2.2,5
TKT008077,CU03762,AG034,Chat,Billing,2025-03-13 08:04:00,1.0,10.5,4
TKT008078,CU00335,AG004,Web Form,Technical Issue,2025-10-17 16:39:00,56.1,2.9,4
TKT008079,CU00856,AG026,Phone,Billing,2025-02-13 08:21:00,3.5,10.8,4
TKT008080,CU03349,AG040,Email,Technical Issue,2025-02-15 14:42:00,82.6,70.7,5
TKT008081,CU02273,AG016,Email,Refund,2025-05-16 10:00:00,71.8,32.4,2
TKT008082,CU00682,AG040,Email,Billing,2025-04-23 10:02:00,120.0,4.0,5
TKT008083,CU00098,AG021,Phone,Billing,2025-12-23 18:49:00,2.2,1.5,5
TKT008084,CU01643,AG019,Web Form,Product Inquiry,2025-05-24 12:19:00,10.8,9.0,4
TKT008085,CU02380,AG013,Email,Product Inquiry,2025-07-20 13:21:00,73.3,42.3,4
TKT008086,CU03362,AG005,Email,Refund,2025-02-07 19:25:00,71.6,1.5,2
TKT008087,CU03536,AG036,Phone,Refund,2025-05-10 14:39:00,4.1,6.7,5
TKT008088,CU01832,AG029,Chat,Product Inquiry,2025-03-17 17:42:00,1.0,22.1,4
TKT008089,CU01690,AG017,Phone,Refund,2025-05-14 18:42:00,4.0,3.1,4
TKT008090,CU03725,AG039,Phone,Billing,2025-04-21 16:52:00,2.4,53.1,3
TKT008091,CU03108,AG008,Phone,Technical Issue,2025-02-12 08:33:00,6.2,11.4,4
TKT008092,CU00838,AG032,Chat,Technical Issue,2025-07-22 07:15:00,2.5,6.4,3
TKT008093,CU02726,AG019,Email,Billing,2025-07-08 12:35:00,118.7,2.6,1
TKT008094,CU02861,AG025,Phone,Technical Issue,2025-07-09 06:17:00,4.3,3.0,4
TKT008095,CU00936,AG002,Chat,Billing,2025-06-04 10:25:00,2.7,7.3,2
TKT008096,CU03912,AG025,Email,Technical Issue,2025-07-11 09:01:00,144.8,63.3,3
TKT008097,CU01188,AG028,Chat,Account Access,2025-09-24 04:24:00,2.2,8.0,5
TKT008098,CU02199,AG040,Social Media,Billing,2025-04-06 11:35:00,28.2,0.9,3
TKT008099,CU01975,AG014,Email,Technical Issue,2025-03-12 09:18:00,105.3,7.2,5
TKT008100,CU02769,AG003,Phone,Delivery,2025-09-05 07:06:00,2.6,56.0,1
TKT008101,CU03607,AG003,Chat,Billing,2025-02-20 16:04:00,3.6,27.8,2
TKT008102,CU01573,AG006,Chat,Account Access,2025-05-09 19:07:00,1.6,3.6,4
TKT008103,CU01539,AG012,Chat,Technical Issue,2025-08-01 15:20:00,1.4,6.0,2
TKT008104,CU03006,AG034,Chat,Delivery,2025-08-02 20:59:00,2.8,1.9,5
TKT008105,CU03810,AG008,Web Form,Refund,2025-09-28 08:27:00,23.9,7.4,5
TKT008106,CU03636,AG006,Chat,Technical Issue,2025-06-22 17:54:00,1.9,18.1,3
TKT008107,CU03012,AG002,Chat,Refund,2025-07-01 11:08:00,1.0,4.1,4
TKT008108,CU02813,AG016,Phone,Refund,2025-01-17 13:58:00,2.7,4.0,3
TKT008109,CU03075,AG025,Email,Product Inquiry,2025-10-16 15:54:00,108.5,6.1,5
TKT008110,CU03744,AG012,Chat,Refund,2025-03-28 17:05:00,4.5,26.0,4
TKT008111,CU00043,AG020,Web Form,Account Access,2025-11-03 06:00:00,50.7,8.5,4
TKT008112,CU02355,AG010,Email,Technical Issue,2025-08-24 11:38:00,85.8,2.4,3
TKT008113,CU00137,AG033,Social Media,Technical Issue,2025-12-01 17:13:00,83.6,8.1,5
TKT008114,CU02309,AG002,Email,Technical Issue,2025-11-16 13:38:00,309.2,1.2,3
TKT008115,CU01579,AG009,Web Form,Billing,2025-05-19 10:40:00,17.8,39.7,3
TKT008116,CU01219,AG023,Email,Product Inquiry,2025-05-24 04:03:00,214.1,3.3,2
TKT008117,CU03564,AG034,Chat,Technical Issue,2025-11-27 00:49:00,2.5,5.3,5
TKT008118,CU02839,AG017,Email,Account Access,2025-11-19 12:51:00,131.3,6.9,4
TKT008119,CU02270,AG003,Web Form,Product Inquiry,2025-09-16 13:28:00,46.4,9.2,4
TKT008120,CU03528,AG023,Phone,Technical Issue,2025-12-04 09:55:00,8.8,4.5,4
TKT008121,CU00392,AG011,Chat,Technical Issue,2025-08-17 17:35:00,3.0,71.0,3
TKT008122,CU02586,AG013,Email,Technical Issue,2025-01-10 16:43:00,79.1,60.0,3
TKT008123,CU00625,AG037,Email,Technical Issue,2025-07-22 08:16:00,141.7,27.9,1
TKT008124,CU00933,AG038,Email,Account Access,2025-05-16 08:37:00,277.7,3.1,2
TKT008125,CU00741,AG011,Chat,Billing,2025-01-08 18:57:00,2.7,8.7,4
TKT008126,CU02177,AG024,Email,Account Access,2025-07-22 20:46:00,161.7,9.7,5
TKT008127,CU02517,AG022,Phone,Technical Issue,2025-07-24 22:38:00,2.0,10.4,5
TKT008128,CU03024,AG039,Chat,Delivery,2025-09-25 15:24:00,7.1,5.9,5
TKT008129,CU01763,AG038,Chat,Technical Issue,2025-10-12 20:07:00,3.0,20.1,2
TKT008130,CU03758,AG015,Chat,Billing,2025-04-28 08:20:00,5.3,2.7,4
TKT008131,CU01495,AG002,Chat,Technical Issue,2025-12-27 08:44:00,2.4,4.6,5
TKT008132,CU00627,AG001,Chat,Refund,2025-06-11 04:31:00,2.0,4.7,3
TKT008133,CU00147,AG001,Chat,Delivery,2025-06-08 13:07:00,1.4,37.8,2
TKT008134,CU00510,AG032,Phone,Technical Issue,2025-03-07 09:14:00,6.8,0.5,4
TKT008135,CU01781,AG030,Web Form,Account Access,2025-12-28 14:24:00,125.3,69.4,2
TKT008136,CU01652,AG034,Social Media,Billing,2025-05-24 00:02:00,159.6,6.3,1
TKT008137,CU03417,AG006,Web Form,Refund,2025-03-04 13:29:00,190.2,3.9,2
TKT008138,CU00503,AG003,Phone,Product Inquiry,2025-11-05 19:54:00,4.3,10.4,3
TKT008139,CU01050,AG007,Chat,Technical Issue,2025-12-16 16:43:00,1.4,53.8,1
TKT008140,CU03922,AG026,Phone,Account Access,2025-03-20 11:56:00,4.6,12.9,5
TKT008141,CU00115,AG001,Phone,Technical Issue,2025-08-04 06:59:00,6.2,53.1,3
TKT008142,CU01698,AG027,Email,Delivery,2025-11-27 09:03:00,121.2,6.4,4
TKT008143,CU00793,AG036,Email,Technical Issue,2025-08-30 13:22:00,136.7,5.5,4
TKT008144,CU02135,AG006,Chat,Account Access,2025-06-09 09:12:00,2.2,8.0,5
TKT008145,CU03895,AG030,Web Form,Refund,2025-07-29 17:40:00,72.2,65.2,5
TKT008146,CU00909,AG023,Chat,Billing,2025-02-07 20:02:00,2.2,4.2,4
TKT008147,CU01482,AG038,Phone,Refund,2025-12-25 08:40:00,4.5,28.2,3
TKT008148,CU01797,AG010,Email,Technical Issue,2025-07-07 00:23:00,198.6,4.1,5
TKT008149,CU03194,AG010,Phone,Product Inquiry,2025-01-17 06:11:00,6.1,7.0,4
TKT008150,CU03939,AG001,Email,Refund,2025-05-04 17:12:00,106.6,1.8,5
TKT008151,CU00387,AG029,Chat,Billing,2025-05-30 05:38:00,1.0,24.9,2
TKT008152,CU01955,AG035,Chat,Technical Issue,2025-12-30 16:28:00,1.1,1.5,5
TKT008153,CU03011,AG001,Chat,Account Access,2025-11-16 11:52:00,2.6,9.2,5
TKT008154,CU00036,AG020,Phone,Delivery,2025-04-21 12:58:00,2.7,4.5,4
TKT008155,CU03225,AG029,Email,Technical Issue,2025-03-02 16:33:00,162.0,3.6,5
TKT008156,CU00971,AG032,Web Form,Product Inquiry,2025-01-16 10:41:00,53.3,4.3,3
TKT008157,CU02074,AG038,Chat,Delivery,2025-07-27 17:28:00,2.1,10.2,3
TKT008158,CU03914,AG029,Phone,Product Inquiry,2025-06-12 07:23:00,5.2,1.0,3
TKT008159,CU02541,AG037,Email,Billing,2025-07-11 16:38:00,269.4,10.2,5
TKT008160,CU03957,AG040,Social Media,Billing,2025-04-10 19:00:00,89.2,2.5,4
TKT008161,CU02414,AG038,Web Form,Technical Issue,2025-10-22 08:48:00,31.0,11.1,5
TKT008162,CU00842,AG018,Social Media,Billing,2025-07-08 14:41:00,106.8,43.8,2
TKT008163,CU02771,AG017,Phone,Technical Issue,2025-12-02 15:13:00,5.9,4.7,5
TKT008164,CU02462,AG018,Email,Technical Issue,2025-03-29 08:00:00,40.5,3.6,1
TKT008165,CU01243,AG039,Chat,Delivery,2025-04-05 14:09:00,1.3,71.3,4
TKT008166,CU00308,AG012,Phone,Technical Issue,2025-08-02 09:42:00,4.1,25.8,3
TKT008167,CU02593,AG031,Social Media,Technical Issue,2025-09-10 16:39:00,69.1,5.1,4
TKT008168,CU02310,AG026,Web Form,Account Access,2025-04-18 14:39:00,59.2,4.0,4
TKT008169,CU03095,AG003,Phone,Delivery,2025-07-19 11:02:00,2.8,6.0,4
TKT008170,CU00504,AG020,Phone,Delivery,2025-07-06 16:00:00,6.7,2.6,3
TKT008171,CU02155,AG008,Chat,Account Access,2025-08-30 16:49:00,2.1,8.4,3
TKT008172,CU03275,AG030,Email,Technical Issue,2025-08-21 09:27:00,52.0,6.1,3
TKT008173,CU03565,AG018,Email,Account Access,2025-03-15 03:18:00,209.3,6.0,4
TKT008174,CU03759,AG015,Chat,Delivery,2025-02-11 09:04:00,3.1,6.8,3
TKT008175,CU00848,AG003,Email,Technical Issue,2025-04-10 19:06:00,137.2,2.4,3
TKT008176,CU00692,AG006,Email,Technical Issue,2025-02-16 11:44:00,50.9,70.8,4
TKT008177,CU02305,AG031,Phone,Product Inquiry,2025-07-20 09:45:00,6.6,38.9,4
TKT008178,CU01851,AG035,Chat,Technical Issue,2025-07-06 11:16:00,1.1,68.5,2
TKT008179,CU00938,AG012,Email,Billing,2025-01-02 11:13:00,114.8,12.9,4
TKT008180,CU00409,AG034,Chat,Technical Issue,2025-10-29 12:18:00,1.5,2.1,4
TKT008181,CU00575,AG023,Chat,Product Inquiry,2025-09-19 12:24:00,1.0,3.8,2
TKT008182,CU01357,AG015,Phone,Account Access,2025-06-20 10:50:00,4.0,4.6,5
TKT008183,CU02958,AG019,Phone,Product Inquiry,2025-02-28 10:24:00,4.5,61.8,5
TKT008184,CU00261,AG028,Email,Refund,2025-02-28 17:46:00,149.0,4.2,3
TKT008185,CU00421,AG037,Phone,Delivery,2025-12-06 15:49:00,3.6,10.4,5
TKT008186,CU01059,AG020,Email,Technical Issue,2025-03-28 15:35:00,92.9,1.2,3
TKT008187,CU03495,AG014,Chat,Billing,2025-11-11 08:15:00,4.5,11.8,5
TKT008188,CU03961,AG031,Chat,Refund,2025-08-31 23:59:00,2.2,36.0,3
TKT008189,CU01761,AG022,Email,Product Inquiry,2025-08-16 07:37:00,83.7,9.0,4
TKT008190,CU00179,AG016,Chat,Refund,2025-11-02 15:41:00,2.5,8.7,4
TKT008191,CU00048,AG019,Web Form,Product Inquiry,2025-11-22 16:59:00,67.2,4.3,3
TKT008192,CU03436,AG022,Email,Delivery,2025-04-09 09:36:00,196.4,3.4,2
TKT008193,CU01780,AG006,Chat,Account Access,2025-12-27 06:35:00,2.0,16.7,5
TKT008194,CU00310,AG003,Email,Account Access,2025-02-16 16:49:00,99.4,16.4,4
TKT008195,CU03334,AG027,Phone,Billing,2025-10-10 14:08:00,1.9,5.9,3
TKT008196,CU02116,AG007,Email,Technical Issue,2025-05-21 21:57:00,104.6,10.3,5
TKT008197,CU01400,AG022,Chat,Billing,2025-08-17 16:16:00,1.0,5.0,3
TKT008198,CU01809,AG032,Chat,Technical Issue,2025-11-01 20:58:00,2.4,4.2,3
TKT008199,CU00901,AG009,Chat,Technical Issue,2025-06-13 15:32:00,1.0,6.4,4
TKT008200,CU03727,AG016,Email,Billing,2025-01-30 13:52:00,115.1,2.7,4
TKT008201,CU03152,AG040,Social Media,Delivery,2025-10-24 20:19:00,134.4,2.5,4
TKT008202,CU00797,AG002,Chat,Delivery,2025-02-18 17:45:00,1.8,13.4,4
TKT008203,CU02940,AG031,Chat,Account Access,2025-09-15 04:30:00,1.9,8.3,5
TKT008204,CU00719,AG007,Chat,Delivery,2025-06-10 14:38:00,2.6,3.1,4
TKT008205,CU01814,AG037,Phone,Billing,2025-06-22 08:32:00,5.3,8.7,3
TKT008206,CU02995,AG017,Phone,Billing,2025-04-06 20:59:00,7.1,49.9,5
TKT008207,CU00146,AG001,Chat,Account Access,2025-07-02 15:44:00,2.7,4.8,4
TKT008208,CU02903,AG029,Web Form,Technical Issue,2025-03-10 12:15:00,67.0,3.5,5
TKT008209,CU00904,AG006,Chat,Account Access,2025-03-25 21:37:00,1.0,6.7,4
TKT008210,CU02797,AG015,Email,Delivery,2025-06-22 10:21:00,159.9,7.6,4
TKT008211,CU01997,AG021,Phone,Technical Issue,2025-10-15 12:41:00,10.0,4.9,5
TKT008212,CU00105,AG030,Email,Refund,2025-07-07 11:28:00,199.9,2.5,5
TKT008213,CU03048,AG017,Email,Technical Issue,2025-11-17 08:13:00,238.6,51.2,3
TKT008214,CU01040,AG035,Chat,Account Access,2025-04-11 08:13:00,1.4,3.5,5
TKT008215,CU03810,AG020,Web Form,Refund,2025-01-07 14:25:00,53.0,7.9,4
TKT008216,CU03360,AG014,Social Media,Delivery,2025-04-23 06:28:00,122.8,13.5,5
TKT008217,CU00772,AG014,Chat,Account Access,2025-02-10 20:49:00,2.6,13.5,5
TKT008218,CU02404,AG033,Email,Delivery,2025-07-10 10:38:00,216.2,2.1,3
TKT008219,CU01449,AG027,Chat,Technical Issue,2025-12-28 10:45:00,1.1,3.9,4
TKT008220,CU02409,AG006,Email,Delivery,2025-06-28 08:08:00,90.5,7.1,4
TKT008221,CU02229,AG031,Email,Delivery,2025-03-07 11:10:00,68.7,10.6,4
TKT008222,CU01184,AG017,Phone,Technical Issue,2025-08-02 15:02:00,4.6,51.0,4
TKT008223,CU02606,AG014,Chat,Technical Issue,2025-09-26 21:03:00,1.8,11.4,4
TKT008224,CU01041,AG004,Email,Product Inquiry,2025-11-14 08:08:00,125.8,53.6,3
TKT008225,CU03630,AG040,Chat,Technical Issue,2025-06-25 08:39:00,1.4,51.2,3
TKT008226,CU03787,AG003,Web Form,Product Inquiry,2025-06-04 08:27:00,34.6,51.6,5
TKT008227,CU00664,AG040,Email,Billing,2025-07-10 14:26:00,140.1,4.4,4
TKT008228,CU02912,AG003,Chat,Billing,2025-03-20 07:44:00,3.7,7.5,4
TKT008229,CU03718,AG021,Chat,Account Access,2025-02-09 07:24:00,4.7,5.4,4
TKT008230,CU00508,AG005,Email,Delivery,2025-10-09 16:00:00,332.2,4.9,3
TKT008231,CU02959,AG020,Chat,Account Access,2025-02-20 17:01:00,1.5,1.4,5
TKT008232,CU03751,AG034,Web Form,Billing,2025-09-09 10:10:00,28.7,4.6,5
TKT008233,CU00901,AG024,Web Form,Account Access,2025-07-30 14:22:00,89.4,2.2,4
TKT008234,CU02330,AG022,Email,Delivery,2025-06-22 16:52:00,282.2,49.2,3
TKT008235,CU03192,AG005,Chat,Billing,2025-05-18 05:10:00,2.5,7.7,4
TKT008236,CU01334,AG038,Chat,Account Access,2025-12-26 15:44:00,2.0,23.9,5
TKT008237,CU00952,AG016,Chat,Billing,2025-10-19 10:02:00,1.4,3.9,4
TKT008238,CU01589,AG022,Phone,Billing,2025-03-01 11:06:00,5.6,5.3,5
TKT008239,CU01342,AG036,Web Form,Billing,2025-12-21 11:23:00,75.5,28.0,2
TKT008240,CU02902,AG026,Chat,Technical Issue,2025-02-17 16:38:00,2.3,5.1,5
TKT008241,CU01484,AG030,Phone,Delivery,2025-10-24 12:49:00,2.2,14.7,4
TKT008242,CU01506,AG008,Phone,Product Inquiry,2025-06-05 16:44:00,2.3,17.2,4
TKT008243,CU03779,AG019,Chat,Technical Issue,2025-05-29 10:53:00,1.9,6.3,4
TKT008244,CU02315,AG022,Chat,Technical Issue,2025-07-04 13:26:00,3.5,12.9,4
TKT008245,CU03718,AG008,Phone,Product Inquiry,2025-06-25 19:14:00,6.6,10.0,1
TKT008246,CU02842,AG016,Chat,Billing,2025-02-16 12:25:00,1.6,1.2,4
TKT008247,CU03541,AG034,Web Form,Billing,2025-02-27 14:16:00,20.1,14.7,4
TKT008248,CU00782,AG038,Phone,Delivery,2025-09-26 15:21:00,8.3,8.9,3
TKT008249,CU03753,AG033,Email,Billing,2025-09-11 19:05:00,277.0,33.8,5
TKT008250,CU03777,AG038,Phone,Account Access,2025-05-24 15:46:00,4.3,45.1,2
TKT008251,CU00164,AG040,Social Media,Product Inquiry,2025-06-13 14:54:00,71.0,18.5,3
TKT008252,CU01425,AG008,Phone,Account Access,2025-05-20 18:05:00,3.4,5.8,5
TKT008253,CU01654,AG035,Email,Delivery,2025-11-09 23:03:00,233.6,63.4,2
TKT008254,CU01678,AG025,Phone,Technical Issue,2025-01-26 19:48:00,5.4,41.4,4
TKT008255,CU03114,AG035,Chat,Technical Issue,2025-08-26 07:56:00,1.6,37.2,2
TKT008256,CU02795,AG026,Chat,Product Inquiry,2025-04-23 15:00:00,6.7,5.4,2
TKT008257,CU00852,AG005,Phone,Product Inquiry,2025-03-04 10:38:00,1.7,19.6,5
TKT008258,CU02436,AG023,Web Form,Refund,2025-02-27 11:24:00,39.5,2.3,4
TKT008259,CU03899,AG031,Email,Technical Issue,2025-05-31 15:47:00,101.8,56.3,2
TKT008260,CU01761,AG005,Social Media,Refund,2025-02-22 08:30:00,95.4,4.4,4
TKT008261,CU03713,AG021,Phone,Technical Issue,2025-09-05 15:13:00,7.5,7.3,5
TKT008262,CU02599,AG027,Email,Account Access,2025-04-30 10:17:00,220.8,6.9,4
TKT008263,CU03700,AG019,Phone,Delivery,2025-11-10 17:36:00,4.3,4.5,3
TKT008264,CU03612,AG032,Email,Billing,2025-02-23 11:15:00,67.5,30.0,4
TKT008265,CU00067,AG006,Chat,Account Access,2025-05-09 05:06:00,3.4,11.3,5
TKT008266,CU03202,AG014,Social Media,Delivery,2025-05-20 14:31:00,48.2,3.2,4
TKT008267,CU00757,AG039,Social Media,Product Inquiry,2025-09-02 16:39:00,72.2,20.3,4
TKT008268,CU03298,AG021,Email,Technical Issue,2025-04-19 14:47:00,134.3,5.4,4
TKT008269,CU03233,AG008,Phone,Technical Issue,2025-03-05 17:36:00,2.6,62.6,4
TKT008270,CU01034,AG005,Web Form,Delivery,2025-05-29 17:24:00,34.9,2.0,3
TKT008271,CU00265,AG024,Chat,Technical Issue,2025-11-27 04:49:00,3.3,6.5,4
TKT008272,CU01678,AG038,Email,Technical Issue,2025-10-25 00:27:00,311.5,10.7,4
TKT008273,CU01212,AG002,Chat,Technical Issue,2025-07-29 09:38:00,1.9,64.4,2
TKT008274,CU02216,AG005,Web Form,Technical Issue,2025-12-30 09:54:00,20.7,6.4,5
TKT008275,CU00329,AG016,Email,Account Access,2025-10-08 14:58:00,163.4,7.5,3
TKT008276,CU00177,AG009,Email,Product Inquiry,2025-10-07 09:26:00,95.5,32.5,1
TKT008277,CU01749,AG005,Phone,Refund,2025-05-25 11:29:00,4.9,0.8,5
TKT008278,CU03080,AG012,Email,Account Access,2025-06-30 12:52:00,164.7,70.4,2
TKT008279,CU01260,AG026,Web Form,Technical Issue,2025-12-10 14:33:00,19.5,7.5,4
TKT008280,CU01294,AG034,Chat,Delivery,2025-12-05 23:45:00,1.6,9.1,5
TKT008281,CU00657,AG013,Chat,Billing,2025-09-20 15:04:00,2.8,5.6,5
TKT008282,CU01131,AG029,Phone,Delivery,2025-02-05 09:49:00,3.8,33.8,3
TKT008283,CU01196,AG033,Phone,Account Access,2025-02-26 11:06:00,2.2,30.1,2
TKT008284,CU01038,AG001,Phone,Delivery,2025-06-16 05:23:00,5.7,6.2,3
TKT008285,CU01375,AG035,Chat,Technical Issue,2025-07-20 12:10:00,1.0,44.3,5
TKT008286,CU01134,AG008,Chat,Refund,2025-08-16 14:55:00,2.3,6.7,5
TKT008287,CU02724,AG028,Chat,Delivery,2025-04-10 21:07:00,1.5,2.5,3
TKT008288,CU01353,AG031,Phone,Billing,2025-10-12 09:32:00,5.1,6.4,5
TKT008289,CU03020,AG034,Chat,Product Inquiry,2025-11-01 09:08:00,1.8,4.4,5
TKT008290,CU02420,AG017,Chat,Technical Issue,2025-03-18 02:01:00,2.6,6.9,4
TKT008291,CU02562,AG027,Chat,Technical Issue,2025-10-13 14:15:00,4.2,4.5,5
TKT008292,CU02335,AG002,Social Media,Delivery,2025-02-25 23:04:00,131.8,26.4,2
TKT008293,CU03692,AG018,Phone,Account Access,2025-06-30 11:16:00,5.8,6.2,5
TKT008294,CU01023,AG039,Web Form,Technical Issue,2025-11-17 13:09:00,75.8,3.5,4
TKT008295,CU03930,AG007,Phone,Technical Issue,2025-04-21 05:41:00,1.6,59.9,1
TKT008296,CU00826,AG007,Email,Technical Issue,2025-09-08 14:10:00,146.3,52.2,1
TKT008297,CU00553,AG029,Phone,Technical Issue,2025-11-08 09:29:00,4.6,9.0,4
TKT008298,CU03306,AG021,Chat,Billing,2025-06-29 01:00:00,2.7,13.6,4
TKT008299,CU03584,AG019,Phone,Technical Issue,2025-11-07 15:55:00,3.8,5.1,4
TKT008300,CU00371,AG010,Chat,Account Access,2025-08-21 08:26:00,3.0,33.9,1
TKT008301,CU02400,AG007,Chat,Account Access,2025-07-04 07:20:00,1.2,11.0,3
TKT008302,CU02052,AG030,Chat,Delivery,2025-02-13 09:19:00,6.0,3.1,4
TKT008303,CU00881,AG015,Email,Product Inquiry,2025-09-19 08:03:00,190.3,7.3,5
TKT008304,CU02083,AG032,Email,Technical Issue,2025-04-24 15:15:00,84.4,27.3,2
TKT008305,CU02744,AG018,Email,Technical Issue,2025-04-15 09:50:00,295.1,7.0,2
TKT008306,CU02297,AG016,Email,Technical Issue,2025-12-02 15:23:00,75.8,12.8,5
TKT008307,CU02080,AG010,Chat,Billing,2025-05-08 14:50:00,2.0,8.3,5
TKT008308,CU03543,AG027,Web Form,Account Access,2025-05-12 11:10:00,58.6,13.1,4
TKT008309,CU00903,AG012,Chat,Technical Issue,2025-12-11 08:21:00,1.6,12.6,4
TKT008310,CU02496,AG037,Chat,Delivery,2025-04-16 15:37:00,1.9,12.1,5
TKT008311,CU01267,AG017,Chat,Product Inquiry,2025-09-26 13:04:00,2.1,7.4,5
TKT008312,CU03895,AG033,Social Media,Technical Issue,2025-07-09 16:21:00,49.9,9.0,5
TKT008313,CU01007,AG019,Chat,Technical Issue,2025-01-27 13:52:00,2.3,7.4,3
TKT008314,CU03486,AG017,Email,Delivery,2025-08-01 17:29:00,140.2,2.8,4
TKT008315,CU02529,AG019,Chat,Delivery,2025-06-17 14:56:00,5.8,2.9,5
TKT008316,CU00859,AG018,Chat,Technical Issue,2025-09-22 17:08:00,4.5,10.2,5
TKT008317,CU03035,AG020,Chat,Delivery,2025-05-25 14:59:00,1.3,22.8,4
TKT008318,CU00965,AG036,Chat,Technical Issue,2025-03-29 21:52:00,1.9,4.0,2
TKT008319,CU01050,AG029,Web Form,Delivery,2025-03-26 18:23:00,37.6,6.6,4
TKT008320,CU01380,AG002,Chat,Delivery,2025-07-12 09:33:00,1.7,7.0,5
TKT008321,CU02727,AG003,Chat,Technical Issue,2025-12-30 16:07:00,3.2,38.3,2
TKT008322,CU01567,AG001,Chat,Technical Issue,2025-06-14 08:09:00,1.9,7.8,2
TKT008323,CU02277,AG028,Web Form,Delivery,2025-02-19 19:22:00,41.8,8.6,4
TKT008324,CU02212,AG009,Web Form,Account Access,2025-10-28 10:19:00,76.7,10.7,5
TKT008325,CU00787,AG016,Chat,Refund,2025-04-25 13:35:00,1.0,7.5,5
TKT008326,CU00931,AG034,Email,Account Access,2025-06-04 02:54:00,113.2,67.2,3
TKT008327,CU01228,AG006,Chat,Refund,2025-11-06 18:02:00,4.2,16.0,1
TKT008328,CU00890,AG007,Email,Delivery,2025-02-10 20:50:00,305.3,7.0,4
TKT008329,CU03675,AG004,Phone,Delivery,2025-02-18 12:16:00,8.2,5.0,2
TKT008330,CU01526,AG012,Chat,Technical Issue,2025-03-15 08:39:00,1.0,4.7,5
TKT008331,CU01620,AG004,Social Media,Billing,2025-05-18 15:56:00,45.5,47.0,3
TKT008332,CU02689,AG026,Chat,Account Access,2025-11-10 10:44:00,1.5,5.9,1
TKT008333,CU03153,AG030,Phone,Technical Issue,2025-08-20 21:02:00,4.0,70.9,1
TKT008334,CU02753,AG008,Phone,Technical Issue,2025-10-11 10:35:00,2.7,37.1,5
TKT008335,CU02205,AG021,Social Media,Technical Issue,2025-05-03 14:09:00,35.7,3.3,3
TKT008336,CU03905,AG013,Web Form,Product Inquiry,2025-05-31 05:15:00,91.6,3.9,4
TKT008337,CU03600,AG004,Phone,Delivery,2025-05-30 22:34:00,6.1,8.5,3
TKT008338,CU00810,AG019,Chat,Refund,2025-02-11 14:34:00,1.4,5.4,5
TKT008339,CU00641,AG028,Web Form,Product Inquiry,2025-07-20 22:57:00,81.4,16.2,5
TKT008340,CU01572,AG010,Social Media,Delivery,2025-05-02 10:17:00,151.2,51.5,4
TKT008341,CU03342,AG032,Email,Account Access,2025-12-14 13:56:00,37.8,9.5,1
TKT008342,CU03859,AG040,Social Media,Account Access,2025-09-10 02:26:00,128.2,10.1,4
TKT008343,CU02811,AG003,Email,Delivery,2025-11-14 17:15:00,135.4,2.2,4
TKT008344,CU02761,AG007,Email,Refund,2025-03-13 08:37:00,35.1,6.1,5
TKT008345,CU00935,AG012,Web Form,Refund,2025-02-10 12:36:00,96.3,2.4,3
TKT008346,CU02370,AG034,Phone,Account Access,2025-06-09 15:53:00,4.2,4.7,5
TKT008347,CU00738,AG006,Phone,Delivery,2025-07-27 06:57:00,1.7,1.1,5
TKT008348,CU02159,AG019,Chat,Account Access,2025-07-24 17:39:00,2.5,3.9,5
TKT008349,CU00776,AG022,Web Form,Billing,2025-08-27 17:37:00,60.8,7.5,3
TKT008350,CU00303,AG006,Chat,Billing,2025-10-31 13:17:00,2.7,69.9,3
TKT008351,CU03870,AG002,Chat,Technical Issue,2025-04-29 14:13:00,1.0,7.3,3
TKT008352,CU03574,AG005,Chat,Technical Issue,2025-04-17 07:35:00,1.7,19.6,4
TKT008353,CU02742,AG003,Email,Delivery,2025-04-07 12:41:00,81.6,71.2,3
TKT008354,CU02503,AG021,Email,Technical Issue,2025-05-13 18:22:00,128.0,11.9,5
TKT008355,CU00960,AG038,Email,Product Inquiry,2025-08-07 07:30:00,55.0,1.8,5
TKT008356,CU02287,AG015,Phone,Technical Issue,2025-10-21 22:34:00,2.2,29.9,3
TKT008357,CU02993,AG011,Email,Technical Issue,2025-06-01 13:29:00,326.5,4.0,1
TKT008358,CU02159,AG010,Email,Account Access,2025-06-02 01:02:00,265.2,2.0,5
TKT008359,CU01128,AG040,Chat,Technical Issue,2025-11-27 10:29:00,3.4,0.9,5
TKT008360,CU01568,AG039,Chat,Technical Issue,2025-05-06 13:12:00,4.5,4.3,3
TKT008361,CU03364,AG026,Social Media,Technical Issue,2025-03-01 21:06:00,32.2,34.2,2
TKT008362,CU01019,AG019,Email,Account Access,2025-05-06 16:28:00,135.7,3.6,4
TKT008363,CU03846,AG007,Chat,Technical Issue,2025-01-15 14:47:00,2.3,4.9,5
TKT008364,CU03022,AG038,Chat,Account Access,2025-05-14 21:47:00,1.6,5.4,5
TKT008365,CU03561,AG001,Phone,Technical Issue,2025-11-25 10:20:00,1.4,3.8,3
TKT008366,CU02039,AG007,Email,Technical Issue,2025-10-23 11:34:00,227.6,2.6,2
TKT008367,CU00895,AG028,Phone,Technical Issue,2025-11-24 17:11:00,5.6,7.3,4
TKT008368,CU00136,AG008,Phone,Technical Issue,2025-04-20 14:16:00,2.8,4.6,5
TKT008369,CU02140,AG005,Chat,Refund,2025-06-02 09:26:00,3.2,3.0,4
TKT008370,CU01597,AG024,Phone,Billing,2025-11-06 16:23:00,4.3,16.2,4
TKT008371,CU00455,AG002,Email,Delivery,2025-10-03 09:38:00,198.4,6.1,5
TKT008372,CU03715,AG011,Email,Refund,2025-03-09 14:44:00,84.7,1.9,5
TKT008373,CU03882,AG026,Email,Technical Issue,2025-11-05 18:33:00,159.6,4.5,3
TKT008374,CU01496,AG008,Email,Refund,2025-02-07 10:01:00,160.6,9.6,5
TKT008375,CU02673,AG031,Phone,Delivery,2025-04-04 16:49:00,3.5,47.9,3
TKT008376,CU01653,AG004,Email,Delivery,2025-07-14 18:27:00,32.2,4.4,4
TKT008377,CU01988,AG025,Email,Refund,2025-08-27 10:50:00,153.9,5.9,4
TKT008378,CU02496,AG004,Email,Technical Issue,2025-10-19 09:16:00,159.7,55.8,2
TKT008379,CU01666,AG030,Chat,Account Access,2025-09-27 18:37:00,1.2,1.2,4
TKT008380,CU03207,AG031,Social Media,Account Access,2025-04-14 12:14:00,123.3,12.1,5
TKT008381,CU00758,AG032,Phone,Delivery,2025-05-11 10:33:00,4.6,7.2,4
TKT008382,CU02674,AG012,Phone,Technical Issue,2025-09-21 01:50:00,5.0,6.3,5
TKT008383,CU03933,AG010,Phone,Technical Issue,2025-12-12 08:34:00,3.3,25.8,2
TKT008384,CU03401,AG040,Email,Product Inquiry,2025-11-13 13:59:00,54.7,63.4,1
TKT008385,CU00183,AG030,Email,Billing,2025-12-20 18:23:00,55.4,17.8,5
TKT008386,CU00456,AG008,Email,Technical Issue,2025-09-04 13:07:00,204.3,60.2,4
TKT008387,CU02515,AG002,Phone,Technical Issue,2025-06-27 10:28:00,2.2,42.3,1
TKT008388,CU03699,AG015,Email,Account Access,2025-10-07 20:49:00,90.3,12.0,5
TKT008389,CU03377,AG027,Chat,Technical Issue,2025-01-28 11:31:00,3.2,7.9,4
TKT008390,CU03616,AG015,Email,Technical Issue,2025-12-08 08:36:00,43.2,11.8,4
TKT008391,CU00599,AG033,Web Form,Product Inquiry,2025-12-02 20:48:00,22.7,6.8,5
TKT008392,CU02077,AG021,Social Media,Technical Issue,2025-07-04 11:15:00,138.9,4.3,5
TKT008393,CU02904,AG040,Email,Technical Issue,2025-07-10 13:44:00,146.6,7.6,4
TKT008394,CU02499,AG035,Web Form,Delivery,2025-07-13 18:57:00,18.4,23.9,4
TKT008395,CU03109,AG019,Email,Technical Issue,2025-02-20 10:11:00,109.9,36.8,4
TKT008396,CU00852,AG034,Email,Technical Issue,2025-03-17 13:11:00,154.2,7.9,3
TKT008397,CU01829,AG018,Chat,Account Access,2025-09-25 18:58:00,1.1,1.5,5
TKT008398,CU01792,AG001,Chat,Delivery,2025-01-12 09:58:00,1.0,2.4,5
TKT008399,CU03760,AG013,Chat,Billing,2025-09-08 19:57:00,1.0,4.3,5
TKT008400,CU00811,AG017,Email,Refund,2025-04-22 08:51:00,223.0,55.7,3
TKT008401,CU01306,AG040,Web Form,Refund,2025-02-21 18:16:00,97.6,39.4,3
TKT008402,CU00088,AG034,Chat,Delivery,2025-08-06 11:33:00,3.0,15.8,3
TKT008403,CU00608,AG006,Email,Account Access,2025-04-11 14:59:00,275.7,35.6,3
TKT008404,CU03924,AG001,Chat,Refund,2025-06-13 14:42:00,4.0,5.7,2
TKT008405,CU03391,AG022,Chat,Technical Issue,2025-11-12 09:31:00,1.0,9.8,5
TKT008406,CU01037,AG022,Chat,Account Access,2025-09-12 08:36:00,3.5,3.4,3
TKT008407,CU02809,AG030,Chat,Technical Issue,2025-12-20 16:13:00,2.1,63.1,1
TKT008408,CU02373,AG011,Social Media,Technical Issue,2025-05-25 18:21:00,255.8,6.3,4
TKT008409,CU03627,AG033,Chat,Product Inquiry,2025-05-28 08:43:00,12.9,4.4,4
TKT008410,CU01202,AG017,Phone,Technical Issue,2025-09-08 16:57:00,3.6,5.2,4
TKT008411,CU03978,AG014,Phone,Billing,2025-02-19 10:02:00,3.4,42.0,2
TKT008412,CU01483,AG017,Email,Technical Issue,2025-11-09 14:24:00,113.4,13.9,5
TKT008413,CU02868,AG038,Chat,Account Access,2025-05-09 13:41:00,2.1,6.8,5
TKT008414,CU01592,AG016,Email,Refund,2025-06-21 16:27:00,159.1,15.0,5
TKT008415,CU02687,AG023,Social Media,Billing,2025-07-05 13:50:00,384.0,44.2,3
TKT008416,CU01341,AG036,Chat,Refund,2025-01-25 07:38:00,2.2,19.4,5
TKT008417,CU03374,AG001,Email,Billing,2025-04-20 10:21:00,110.5,2.3,5
TKT008418,CU02550,AG022,Chat,Product Inquiry,2025-02-20 11:45:00,2.0,10.4,4
TKT008419,CU01156,AG029,Phone,Refund,2025-08-12 14:20:00,2.5,4.4,5
TKT008420,CU03844,AG037,Chat,Technical Issue,2025-09-15 08:24:00,1.0,50.8,4
TKT008421,CU02837,AG003,Chat,Refund,2025-01-03 10:16:00,1.8,4.6,5
TKT008422,CU01715,AG030,Email,Technical Issue,2025-01-03 06:59:00,505.2,42.0,5
TKT008423,CU00544,AG033,Social Media,Account Access,2025-10-26 10:24:00,146.7,2.5,2
TKT008424,CU03894,AG015,Chat,Technical Issue,2025-05-03 13:57:00,1.5,2.9,3
TKT008425,CU03020,AG030,Social Media,Billing,2025-11-05 20:34:00,109.2,3.1,4
TKT008426,CU02672,AG020,Phone,Product Inquiry,2025-08-29 08:07:00,15.9,2.4,4
TKT008427,CU03333,AG027,Phone,Delivery,2025-10-13 03:45:00,4.5,11.3,2
TKT008428,CU02429,AG016,Email,Account Access,2025-05-21 11:11:00,85.8,71.3,2
TKT008429,CU00929,AG008,Chat,Product Inquiry,2025-04-21 14:53:00,2.1,33.3,3
TKT008430,CU00949,AG034,Chat,Billing,2025-09-21 14:57:00,2.8,5.6,5
TKT008431,CU00317,AG009,Email,Technical Issue,2025-08-19 10:32:00,176.1,24.6,3
TKT008432,CU00252,AG008,Email,Refund,2025-07-28 04:23:00,311.3,7.7,4
TKT008433,CU02915,AG036,Phone,Technical Issue,2025-05-14 20:28:00,4.2,4.3,4
TKT008434,CU03408,AG038,Email,Refund,2025-08-13 13:46:00,38.6,3.5,4
TKT008435,CU00656,AG025,Chat,Technical Issue,2025-05-23 17:22:00,2.6,14.8,2
TKT008436,CU02296,AG024,Email,Billing,2025-11-21 11:03:00,174.8,3.7,3
TKT008437,CU00496,AG015,Email,Billing,2025-09-16 18:35:00,168.7,1.0,5
TKT008438,CU01658,AG025,Chat,Billing,2025-05-25 17:44:00,1.3,10.4,4
TKT008439,CU03163,AG025,Email,Technical Issue,2025-11-04 07:08:00,419.0,2.1,5
TKT008440,CU03248,AG021,Chat,Technical Issue,2025-01-26 05:21:00,1.1,10.5,4
TKT008441,CU03796,AG027,Phone,Technical Issue,2025-10-31 08:28:00,2.3,3.3,5
TKT008442,CU01243,AG023,Phone,Delivery,2025-06-01 18:36:00,3.5,2.8,5
TKT008443,CU03795,AG036,Chat,Billing,2025-03-26 09:30:00,4.1,1.2,1
TKT008444,CU03135,AG027,Chat,Technical Issue,2025-10-31 11:45:00,4.2,7.1,5
TKT008445,CU01355,AG016,Phone,Technical Issue,2025-08-29 14:37:00,5.7,9.5,5
TKT008446,CU01312,AG027,Chat,Billing,2025-01-28 15:42:00,3.3,6.2,4
TKT008447,CU00431,AG010,Email,Billing,2025-04-08 12:04:00,68.4,4.8,4
TKT008448,CU03684,AG009,Phone,Billing,2025-06-14 12:55:00,1.6,3.6,3
TKT008449,CU00814,AG034,Phone,Technical Issue,2025-08-18 10:25:00,3.3,4.3,5
TKT008450,CU01072,AG024,Web Form,Product Inquiry,2025-10-22 07:25:00,89.5,6.0,4
TKT008451,CU01652,AG003,Social Media,Technical Issue,2025-05-15 08:45:00,148.6,4.9,5
TKT008452,CU00551,AG015,Chat,Billing,2025-10-23 19:24:00,1.2,4.4,5
TKT008453,CU03224,AG040,Web Form,Delivery,2025-10-16 22:47:00,32.1,4.2,3
TKT008454,CU02793,AG026,Chat,Billing,2025-05-19 18:49:00,3.8,12.1,3
TKT008455,CU00627,AG035,Web Form,Technical Issue,2025-12-09 10:32:00,61.1,1.9,1
TKT008456,CU00652,AG022,Web Form,Billing,2025-12-11 08:33:00,17.6,23.9,5
TKT008457,CU00088,AG002,Phone,Account Access,2025-04-16 13:52:00,2.2,18.8,5
TKT008458,CU03798,AG008,Chat,Refund,2025-07-23 07:44:00,2.6,2.7,5
TKT008459,CU01744,AG004,Phone,Billing,2025-11-14 19:45:00,2.1,25.7,3
TKT008460,CU02623,AG030,Social Media,Refund,2025-07-16 17:41:00,52.4,5.0,4
TKT008461,CU00600,AG031,Email,Account Access,2025-09-28 21:47:00,83.1,1.4,5
TKT008462,CU00924,AG019,Email,Delivery,2025-10-19 18:46:00,226.5,7.9,5
TKT008463,CU02166,AG029,Web Form,Technical Issue,2025-07-26 11:47:00,54.7,4.3,3
TKT008464,CU00836,AG023,Phone,Product Inquiry,2025-05-12 10:24:00,10.1,12.9,3
TKT008465,CU02452,AG030,Email,Technical Issue,2025-07-11 18:43:00,110.6,20.1,3
TKT008466,CU03696,AG027,Email,Billing,2025-10-31 14:30:00,124.7,2.2,3
TKT008467,CU01221,AG019,Email,Account Access,2025-04-27 19:51:00,168.3,3.3,3
TKT008468,CU02432,AG027,Email,Product Inquiry,2025-11-05 10:29:00,99.3,5.3,5
TKT008469,CU03663,AG013,Phone,Billing,2025-03-16 14:05:00,1.7,7.3,4
TKT008470,CU03575,AG030,Chat,Technical Issue,2025-06-18 12:48:00,1.6,2.9,3
TKT008471,CU00031,AG037,Chat,Product Inquiry,2025-01-31 08:30:00,1.3,8.7,5
TKT008472,CU00441,AG009,Phone,Refund,2025-11-08 13:02:00,3.7,2.0,4
TKT008473,CU03945,AG027,Phone,Delivery,2025-09-18 06:49:00,2.9,2.3,5
TKT008474,CU03702,AG005,Email,Billing,2025-02-13 11:03:00,179.4,11.0,2
TKT008475,CU01288,AG016,Phone,Billing,2025-03-23 13:06:00,3.3,5.3,2
TKT008476,CU02081,AG027,Email,Product Inquiry,2025-07-12 08:42:00,57.6,37.4,1
TKT008477,CU02292,AG012,Email,Technical Issue,2025-06-30 16:09:00,99.4,9.9,5
TKT008478,CU02674,AG010,Phone,Delivery,2025-02-11 08:16:00,2.1,47.6,3
TKT008479,CU03002,AG016,Email,Account Access,2025-11-21 16:24:00,402.8,68.8,3
TKT008480,CU01492,AG005,Chat,Product Inquiry,2025-06-18 02:58:00,2.1,6.2,4
TKT008481,CU03560,AG026,Chat,Account Access,2025-09-02 15:33:00,2.9,2.1,4
TKT008482,CU00237,AG006,Web Form,Billing,2025-10-02 11:58:00,52.2,5.5,4
TKT008483,CU00130,AG014,Chat,Delivery,2025-03-03 17:43:00,5.5,12.0,4
TKT008484,CU03832,AG013,Phone,Product Inquiry,2025-05-02 14:17:00,2.0,25.7,5
TKT008485,CU00709,AG039,Chat,Product Inquiry,2025-09-26 11:33:00,1.3,0.7,2
TKT008486,CU03979,AG040,Email,Billing,2025-10-10 15:20:00,258.2,5.4,4
TKT008487,CU01144,AG004,Chat,Billing,2025-03-20 11:12:00,1.5,12.2,4
TKT008488,CU01459,AG007,Email,Delivery,2025-04-27 11:32:00,92.8,9.3,5
TKT008489,CU00112,AG030,Chat,Account Access,2025-10-12 12:50:00,1.5,4.7,3
TKT008490,CU03776,AG012,Email,Technical Issue,2025-05-06 16:47:00,405.1,10.5,1
TKT008491,CU01438,AG026,Chat,Technical Issue,2025-01-29 14:15:00,6.2,11.5,5
TKT008492,CU00671,AG037,Chat,Technical Issue,2025-07-01 20:15:00,2.5,3.7,4
TKT008493,CU01934,AG007,Email,Technical Issue,2025-02-21 00:51:00,156.0,10.0,4
TKT008494,CU00619,AG039,Chat,Billing,2025-08-05 08:37:00,3.1,3.7,5
TKT008495,CU03160,AG003,Web Form,Product Inquiry,2025-12-07 13:29:00,68.3,3.3,4
TKT008496,CU00293,AG010,Phone,Delivery,2025-02-06 15:49:00,4.4,7.0,5
TKT008497,CU01997,AG021,Social Media,Technical Issue,2025-04-13 07:02:00,70.2,2.5,4
TKT008498,CU01566,AG036,Phone,Account Access,2025-07-26 10:45:00,2.9,44.2,3
TKT008499,CU00149,AG023,Chat,Billing,2025-02-24 22:28:00,2.6,3.3,5
TKT008500,CU00210,AG006,Chat,Delivery,2025-07-15 10:29:00,2.2,4.9,5
TKT008501,CU02075,AG010,Web Form,Refund,2025-03-20 11:39:00,123.3,16.3,5
TKT008502,CU01579,AG031,Web Form,Technical Issue,2025-08-21 09:13:00,47.7,21.4,5
TKT008503,CU00519,AG023,Chat,Product Inquiry,2025-05-12 02:52:00,1.2,37.9,3
TKT008504,CU00554,AG001,Email,Technical Issue,2025-12-04 10:05:00,62.7,25.9,2
TKT008505,CU03220,AG021,Chat,Delivery,2025-11-02 08:34:00,1.3,45.8,1
TKT008506,CU02923,AG017,Email,Product Inquiry,2025-12-29 11:28:00,63.5,60.7,3
TKT008507,CU02432,AG001,Email,Delivery,2025-02-25 09:59:00,263.2,3.1,3
TKT008508,CU03334,AG010,Email,Technical Issue,2025-12-13 11:39:00,110.8,7.3,4
TKT008509,CU00278,AG038,Chat,Technical Issue,2025-01-06 09:22:00,1.3,8.9,4
TKT008510,CU02752,AG029,Phone,Technical Issue,2025-03-21 20:25:00,5.2,10.9,2
TKT008511,CU03011,AG003,Email,Technical Issue,2025-11-12 10:14:00,409.0,35.0,3
TKT008512,CU00802,AG001,Chat,Technical Issue,2025-11-11 08:03:00,1.6,4.3,4
TKT008513,CU02146,AG014,Chat,Technical Issue,2025-04-20 16:26:00,1.1,9.3,5
TKT008514,CU03068,AG019,Social Media,Account Access,2025-11-04 17:01:00,72.4,7.1,3
TKT008515,CU02414,AG019,Chat,Technical Issue,2025-01-29 14:39:00,1.0,35.6,2
TKT008516,CU00999,AG028,Email,Billing,2025-05-03 10:54:00,185.8,12.5,4
TKT008517,CU02660,AG007,Social Media,Delivery,2025-01-11 18:05:00,123.6,49.3,4
TKT008518,CU03038,AG002,Email,Technical Issue,2025-07-08 15:58:00,109.9,1.0,4
TKT008519,CU00039,AG027,Email,Delivery,2025-11-25 11:05:00,75.6,67.6,4
TKT008520,CU02270,AG036,Web Form,Delivery,2025-08-12 11:28:00,205.9,1.8,4
TKT008521,CU02019,AG007,Phone,Account Access,2025-07-10 00:37:00,2.0,2.2,4
TKT008522,CU01467,AG015,Social Media,Account Access,2025-03-14 05:38:00,59.6,4.4,4
TKT008523,CU00177,AG026,Chat,Delivery,2025-08-11 08:23:00,2.0,6.3,4
TKT008524,CU00334,AG007,Web Form,Account Access,2025-04-29 09:02:00,88.3,9.4,4
TKT008525,CU03001,AG035,Email,Account Access,2025-08-13 20:46:00,128.9,9.3,4
TKT008526,CU03311,AG010,Chat,Refund,2025-02-17 17:27:00,2.0,37.2,1
TKT008527,CU01678,AG022,Email,Refund,2025-07-10 04:15:00,196.0,10.6,4
TKT008528,CU03759,AG014,Chat,Billing,2025-07-01 01:27:00,11.7,23.9,5
TKT008529,CU03711,AG027,Email,Billing,2025-10-08 14:26:00,101.8,16.4,2
TKT008530,CU02664,AG008,Chat,Refund,2025-11-28 11:35:00,1.5,4.4,4
TKT008531,CU02324,AG004,Email,Account Access,2025-11-27 17:30:00,132.0,32.6,4
TKT008532,CU03859,AG021,Web Form,Delivery,2025-05-05 21:35:00,79.9,3.3,4
TKT008533,CU02440,AG035,Social Media,Technical Issue,2025-08-22 13:56:00,360.9,9.0,4
TKT008534,CU03737,AG026,Email,Technical Issue,2025-08-27 08:55:00,131.7,2.6,4
TKT008535,CU03916,AG031,Chat,Account Access,2025-11-05 19:00:00,2.7,3.0,5
TKT008536,CU00779,AG018,Phone,Refund,2025-10-22 12:38:00,1.2,6.2,4
TKT008537,CU02643,AG006,Web Form,Billing,2025-01-04 12:13:00,57.0,6.7,5
TKT008538,CU02925,AG018,Email,Product Inquiry,2025-10-20 16:04:00,138.9,49.3,5
TKT008539,CU03281,AG040,Email,Delivery,2025-06-25 11:05:00,245.2,1.1,1
TKT008540,CU01398,AG032,Web Form,Refund,2025-12-13 09:38:00,41.4,3.1,5
TKT008541,CU03447,AG029,Social Media,Refund,2025-08-09 16:59:00,45.9,6.6,3
TKT008542,CU01951,AG013,Email,Technical Issue,2025-05-22 08:46:00,158.9,13.8,5
TKT008543,CU01548,AG024,Phone,Billing,2025-03-15 04:07:00,1.7,4.7,5
TKT008544,CU00628,AG025,Email,Technical Issue,2025-12-13 13:12:00,90.0,65.3,3
TKT008545,CU01285,AG027,Chat,Billing,2025-02-28 04:49:00,2.1,12.5,5
TKT008546,CU03900,AG036,Phone,Technical Issue,2025-02-02 17:36:00,1.1,1.4,4
TKT008547,CU02865,AG028,Phone,Delivery,2025-02-19 22:31:00,3.5,11.3,4
TKT008548,CU02905,AG009,Email,Refund,2025-07-21 20:10:00,333.9,3.2,5
TKT008549,CU03583,AG009,Social Media,Technical Issue,2025-04-14 08:46:00,37.1,8.0,4
TKT008550,CU01068,AG025,Chat,Account Access,2025-08-01 20:50:00,1.4,3.0,5
TKT008551,CU02647,AG035,Phone,Delivery,2025-10-28 07:18:00,5.5,1.9,2
TKT008552,CU01486,AG038,Chat,Delivery,2025-04-17 11:59:00,3.1,30.2,3
TKT008553,CU03392,AG025,Social Media,Product Inquiry,2025-01-11 06:28:00,92.9,7.7,2
TKT008554,CU01690,AG022,Chat,Technical Issue,2025-05-12 18:02:00,1.8,9.1,5
TKT008555,CU03420,AG033,Chat,Technical Issue,2025-08-08 09:58:00,5.0,1.8,2
TKT008556,CU02991,AG040,Phone,Refund,2025-09-23 15:11:00,4.5,2.8,4
TKT008557,CU03088,AG002,Chat,Technical Issue,2025-01-25 16:05:00,1.1,3.1,2
TKT008558,CU03703,AG013,Chat,Refund,2025-11-17 11:27:00,2.1,1.6,5
TKT008559,CU03163,AG014,Phone,Technical Issue,2025-08-05 17:37:00,3.7,26.0,2
TKT008560,CU01286,AG023,Email,Billing,2025-06-25 10:37:00,110.0,20.0,4
TKT008561,CU02087,AG012,Email,Account Access,2025-04-03 08:57:00,55.5,7.1,4
TKT008562,CU01891,AG013,Social Media,Delivery,2025-12-16 12:27:00,89.6,5.3,5
TKT008563,CU00259,AG001,Phone,Technical Issue,2025-02-27 16:07:00,5.5,9.7,2
TKT008564,CU02373,AG001,Chat,Refund,2025-06-13 04:27:00,3.0,11.2,4
TKT008565,CU01750,AG018,Email,Refund,2025-06-20 17:50:00,140.9,3.3,5
TKT008566,CU01574,AG040,Web Form,Refund,2025-07-19 09:00:00,56.1,3.3,3
TKT008567,CU00439,AG012,Chat,Product Inquiry,2025-03-26 15:16:00,1.5,4.4,5
TKT008568,CU02017,AG010,Social Media,Refund,2025-12-11 07:40:00,153.3,44.6,3
TKT008569,CU02317,AG011,Email,Delivery,2025-05-19 11:12:00,72.8,2.5,5
TKT008570,CU00423,AG039,Email,Account Access,2025-09-17 12:29:00,105.1,9.4,5
TKT008571,CU02540,AG027,Phone,Refund,2025-08-20 12:09:00,2.6,44.0,2
TKT008572,CU00671,AG027,Chat,Product Inquiry,2025-03-16 10:07:00,1.9,68.9,3
TKT008573,CU00581,AG008,Chat,Delivery,2025-12-08 13:44:00,4.1,15.1,5
TKT008574,CU01605,AG037,Chat,Technical Issue,2025-06-17 10:46:00,1.0,21.1,5
TKT008575,CU01557,AG008,Chat,Technical Issue,2025-08-14 08:02:00,2.3,55.7,4
TKT008576,CU03660,AG039,Email,Refund,2025-08-24 08:32:00,165.3,8.3,3
TKT008577,CU00271,AG039,Web Form,Product Inquiry,2025-07-05 19:25:00,32.4,7.2,2
TKT008578,CU01398,AG023,Chat,Technical Issue,2025-08-21 08:22:00,1.8,4.9,4
TKT008579,CU02939,AG035,Phone,Product Inquiry,2025-07-23 11:41:00,2.4,11.3,5
TKT008580,CU01000,AG040,Email,Technical Issue,2025-09-28 09:38:00,148.0,56.9,1
TKT008581,CU03927,AG024,Chat,Billing,2025-06-22 14:08:00,1.9,4.9,3
TKT008582,CU02972,AG031,Chat,Product Inquiry,2025-10-24 10:58:00,4.6,5.6,4
TKT008583,CU03785,AG024,Phone,Product Inquiry,2025-07-25 10:13:00,2.6,1.7,4
TKT008584,CU03797,AG021,Email,Account Access,2025-12-31 21:32:00,127.4,52.3,3
TKT008585,CU00437,AG014,Chat,Product Inquiry,2025-07-28 23:09:00,1.6,2.7,4
TKT008586,CU01837,AG027,Phone,Refund,2025-08-04 08:36:00,8.4,7.1,5
TKT008587,CU02979,AG011,Email,Refund,2025-06-29 15:01:00,106.8,45.5,2
TKT008588,CU00035,AG008,Chat,Refund,2025-05-26 19:16:00,1.2,9.6,3
TKT008589,CU01809,AG012,Chat,Billing,2025-10-15 21:27:00,1.3,6.0,1
TKT008590,CU02753,AG001,Web Form,Technical Issue,2025-08-20 10:05:00,35.6,26.7,2
TKT008591,CU03172,AG038,Social Media,Technical Issue,2025-05-23 17:29:00,65.4,9.6,4
TKT008592,CU01661,AG011,Web Form,Technical Issue,2025-10-22 10:34:00,34.4,23.8,5
TKT008593,CU03453,AG032,Email,Technical Issue,2025-02-09 15:56:00,141.2,1.9,5
TKT008594,CU02695,AG018,Email,Technical Issue,2025-01-23 13:22:00,68.5,17.6,4
TKT008595,CU00182,AG014,Chat,Billing,2025-08-23 16:43:00,2.7,1.0,1
TKT008596,CU01111,AG010,Chat,Account Access,2025-06-17 19:15:00,2.0,3.1,5
TKT008597,CU03752,AG033,Social Media,Technical Issue,2025-10-18 07:58:00,219.6,70.4,1
TKT008598,CU00010,AG021,Email,Billing,2025-08-31 09:57:00,181.0,3.2,4
TKT008599,CU00433,AG018,Email,Technical Issue,2025-10-12 14:45:00,171.2,25.3,3
TKT008600,CU01378,AG027,Chat,Technical Issue,2025-04-07 11:12:00,6.0,54.7,5
TKT008601,CU03976,AG033,Web Form,Delivery,2025-04-03 14:58:00,69.8,1.8,4
TKT008602,CU02820,AG027,Social Media,Product Inquiry,2025-04-02 17:23:00,80.0,11.7,5
TKT008603,CU00591,AG019,Web Form,Delivery,2025-08-25 16:14:00,34.1,41.8,3
TKT008604,CU01573,AG036,Chat,Delivery,2025-09-04 17:24:00,4.4,13.5,4
TKT008605,CU03759,AG036,Email,Product Inquiry,2025-12-31 08:10:00,80.4,42.8,4
TKT008606,CU00877,AG039,Phone,Delivery,2025-03-21 03:21:00,2.1,4.8,5
TKT008607,CU02302,AG004,Phone,Technical Issue,2025-02-08 18:23:00,2.1,1.5,5
TKT008608,CU01857,AG036,Chat,Technical Issue,2025-12-16 12:59:00,1.3,3.0,4
TKT008609,CU03042,AG008,Phone,Delivery,2025-07-10 15:29:00,4.1,6.5,4
TKT008610,CU03010,AG025,Chat,Delivery,2025-05-14 06:44:00,1.7,9.2,4
TKT008611,CU03334,AG027,Email,Refund,2025-04-22 16:49:00,186.9,3.7,4
TKT008612,CU00478,AG009,Web Form,Technical Issue,2025-11-19 07:56:00,30.2,10.9,4
TKT008613,CU01816,AG001,Email,Product Inquiry,2025-10-16 17:32:00,86.7,40.9,2
TKT008614,CU02768,AG038,Phone,Account Access,2025-03-05 06:35:00,4.4,7.9,4
TKT008615,CU01676,AG036,Web Form,Product Inquiry,2025-04-29 06:57:00,32.4,43.0,5
TKT008616,CU02670,AG007,Chat,Account Access,2025-11-14 10:40:00,1.0,3.0,5
TKT008617,CU02544,AG025,Chat,Technical Issue,2025-09-25 09:17:00,1.0,56.0,2
TKT008618,CU01483,AG007,Social Media,Billing,2025-10-25 22:35:00,87.6,3.0,4
TKT008619,CU00401,AG023,Email,Technical Issue,2025-02-28 12:34:00,134.8,6.9,3
TKT008620,CU03882,AG013,Phone,Technical Issue,2025-07-31 12:35:00,3.8,50.4,5
TKT008621,CU03304,AG031,Phone,Product Inquiry,2025-01-25 05:39:00,7.8,6.9,5
TKT008622,CU03579,AG023,Chat,Billing,2025-06-14 13:25:00,2.4,46.9,4
TKT008623,CU01200,AG020,Chat,Technical Issue,2025-02-07 06:09:00,2.0,7.5,4
TKT008624,CU01265,AG028,Chat,Billing,2025-04-08 15:21:00,4.2,8.8,4
TKT008625,CU01294,AG020,Email,Delivery,2025-04-06 22:47:00,239.3,2.3,5
TKT008626,CU00125,AG001,Chat,Technical Issue,2025-03-10 10:59:00,1.3,1.4,4
TKT008627,CU00679,AG024,Chat,Technical Issue,2025-11-07 17:38:00,3.2,55.5,4
TKT008628,CU01234,AG032,Email,Refund,2025-05-16 21:46:00,371.2,3.5,4
TKT008629,CU03950,AG020,Phone,Technical Issue,2025-02-24 21:11:00,10.6,60.9,5
TKT008630,CU00819,AG008,Social Media,Product Inquiry,2025-12-27 16:47:00,154.0,9.3,5
TKT008631,CU02032,AG001,Web Form,Technical Issue,2025-01-13 18:24:00,68.1,36.0,4
TKT008632,CU02190,AG012,Email,Delivery,2025-02-24 11:42:00,164.2,39.0,5
TKT008633,CU01440,AG031,Email,Delivery,2025-11-08 14:38:00,312.0,1.6,4
TKT008634,CU03675,AG013,Chat,Technical Issue,2025-06-14 15:45:00,1.0,7.0,5
TKT008635,CU00373,AG039,Chat,Delivery,2025-05-17 09:44:00,4.0,3.2,4
TKT008636,CU03482,AG014,Email,Billing,2025-04-22 10:38:00,150.4,3.0,4
TKT008637,CU02975,AG018,Web Form,Billing,2025-08-03 11:25:00,33.1,1.8,4
TKT008638,CU01224,AG031,Web Form,Refund,2025-05-11 06:48:00,28.7,9.5,4
TKT008639,CU03071,AG025,Web Form,Product Inquiry,2025-01-31 12:43:00,21.5,4.4,5
TKT008640,CU01715,AG002,Phone,Technical Issue,2025-12-18 17:08:00,5.5,3.8,5
TKT008641,CU03883,AG004,Email,Delivery,2025-11-28 15:15:00,403.0,6.8,1
TKT008642,CU00147,AG008,Chat,Technical Issue,2025-03-06 15:16:00,1.5,8.4,5
TKT008643,CU00119,AG035,Phone,Technical Issue,2025-07-04 14:18:00,2.5,10.0,4
TKT008644,CU02177,AG001,Email,Technical Issue,2025-06-15 02:42:00,272.1,6.3,5
TKT008645,CU03726,AG003,Email,Delivery,2025-02-02 00:00:00,149.0,7.3,4
TKT008646,CU00254,AG032,Chat,Delivery,2025-05-26 08:15:00,4.0,5.8,3
TKT008647,CU03112,AG025,Chat,Account Access,2025-08-20 19:29:00,1.2,2.9,4
TKT008648,CU03755,AG040,Chat,Product Inquiry,2025-02-07 18:10:00,2.9,12.0,4
TKT008649,CU01946,AG009,Email,Delivery,2025-05-14 14:11:00,379.9,5.2,4
TKT008650,CU03468,AG027,Email,Technical Issue,2025-04-02 11:25:00,78.6,17.4,5
TKT008651,CU03028,AG006,Email,Technical Issue,2025-05-09 21:36:00,117.4,44.1,3
TKT008652,CU00857,AG024,Web Form,Account Access,2025-08-18 06:20:00,45.1,70.7,2
TKT008653,CU03417,AG005,Social Media,Billing,2025-05-29 07:57:00,135.9,12.3,3
TKT008654,CU02798,AG037,Social Media,Technical Issue,2025-10-08 15:25:00,180.0,6.7,4
TKT008655,CU00051,AG017,Chat,Technical Issue,2025-07-05 14:59:00,1.4,4.4,5
TKT008656,CU02273,AG011,Email,Billing,2025-09-10 22:33:00,553.1,2.0,5
TKT008657,CU02618,AG040,Chat,Account Access,2025-08-15 17:22:00,2.1,5.8,5
TKT008658,CU03206,AG003,Chat,Delivery,2025-10-26 20:06:00,1.5,4.1,5
TKT008659,CU03086,AG032,Social Media,Delivery,2025-02-23 16:44:00,197.4,9.8,3
TKT008660,CU01903,AG021,Chat,Product Inquiry,2025-12-28 20:32:00,2.2,8.5,4
TKT008661,CU01196,AG028,Chat,Refund,2025-10-03 15:57:00,1.6,44.9,4
TKT008662,CU00768,AG011,Email,Billing,2025-03-14 13:58:00,103.9,48.8,3
TKT008663,CU00357,AG036,Email,Account Access,2025-01-10 14:31:00,444.9,5.4,4
TKT008664,CU02560,AG019,Email,Technical Issue,2025-01-10 19:14:00,81.0,49.6,1
TKT008665,CU03840,AG017,Chat,Product Inquiry,2025-09-13 07:20:00,3.7,5.2,5
TKT008666,CU00322,AG019,Chat,Account Access,2025-06-04 14:04:00,1.3,3.9,1
TKT008667,CU02811,AG012,Chat,Technical Issue,2025-03-08 11:09:00,1.4,14.2,5
TKT008668,CU02339,AG013,Email,Delivery,2025-04-26 15:24:00,133.8,2.0,4
TKT008669,CU00688,AG006,Web Form,Account Access,2025-06-13 14:10:00,71.0,3.7,4
TKT008670,CU00851,AG020,Web Form,Product Inquiry,2025-01-16 11:51:00,22.3,8.3,2
TKT008671,CU01138,AG019,Email,Technical Issue,2025-07-24 15:51:00,103.8,11.3,4
TKT008672,CU02740,AG016,Phone,Billing,2025-01-14 13:10:00,7.0,16.3,4
TKT008673,CU01195,AG040,Chat,Product Inquiry,2025-08-25 08:15:00,3.5,9.2,4
TKT008674,CU03313,AG005,Email,Billing,2025-01-23 15:49:00,119.3,9.0,4
TKT008675,CU01480,AG037,Email,Billing,2025-10-16 03:16:00,73.3,44.6,4
TKT008676,CU00439,AG035,Phone,Account Access,2025-04-03 18:15:00,4.5,14.4,2
TKT008677,CU00382,AG001,Chat,Delivery,2025-07-08 19:44:00,3.2,17.7,4
TKT008678,CU01602,AG029,Social Media,Technical Issue,2025-05-21 06:24:00,99.5,17.1,3
TKT008679,CU01632,AG009,Chat,Technical Issue,2025-11-18 09:50:00,4.3,8.1,3
TKT008680,CU02935,AG002,Social Media,Billing,2025-10-17 07:31:00,77.6,2.8,5
TKT008681,CU01915,AG035,Email,Technical Issue,2025-12-15 17:12:00,67.8,10.3,5
TKT008682,CU00655,AG005,Chat,Billing,2025-09-19 06:09:00,1.4,13.5,2
TKT008683,CU00854,AG012,Phone,Billing,2025-12-23 13:41:00,4.0,7.9,5
TKT008684,CU02267,AG004,Email,Delivery,2025-03-24 11:26:00,95.1,8.5,5
TKT008685,CU01337,AG006,Email,Account Access,2025-04-27 16:26:00,105.2,2.1,4
TKT008686,CU02688,AG003,Email,Billing,2025-10-23 15:40:00,237.6,5.7,4
TKT008687,CU03693,AG034,Email,Technical Issue,2025-01-12 14:16:00,89.6,3.8,4
TKT008688,CU01420,AG003,Email,Billing,2025-03-07 13:59:00,67.3,2.7,3
TKT008689,CU02208,AG031,Email,Technical Issue,2025-09-19 17:31:00,218.6,4.2,5
TKT008690,CU03328,AG007,Chat,Product Inquiry,2025-05-26 13:51:00,2.9,9.7,5
TKT008691,CU00842,AG037,Chat,Technical Issue,2025-04-02 12:46:00,1.1,5.9,2
TKT008692,CU02043,AG034,Social Media,Refund,2025-04-21 02:36:00,132.8,2.9,4
TKT008693,CU01221,AG026,Email,Delivery,2025-10-08 09:05:00,75.2,5.0,2
TKT008694,CU02508,AG034,Email,Refund,2025-06-25 11:44:00,94.0,11.5,4
TKT008695,CU02973,AG012,Web Form,Refund,2025-01-02 14:04:00,30.0,12.0,4
TKT008696,CU00564,AG032,Chat,Refund,2025-07-08 15:44:00,1.6,4.3,3
TKT008697,CU00750,AG009,Web Form,Account Access,2025-10-11 21:54:00,75.0,10.5,1
TKT008698,CU00093,AG025,Email,Technical Issue,2025-03-02 10:31:00,162.4,11.6,4
TKT008699,CU00049,AG037,Chat,Delivery,2025-01-26 14:57:00,1.3,14.1,4
TKT008700,CU00203,AG029,Email,Technical Issue,2025-08-18 16:37:00,155.4,5.8,4
TKT008701,CU02828,AG011,Email,Billing,2025-11-17 10:31:00,172.7,37.3,1
TKT008702,CU03616,AG030,Web Form,Refund,2025-01-26 14:31:00,93.0,4.6,4
TKT008703,CU01639,AG036,Email,Account Access,2025-08-26 12:08:00,170.6,12.8,2
TKT008704,CU03531,AG036,Email,Technical Issue,2025-10-12 11:03:00,210.1,68.7,2
TKT008705,CU02919,AG030,Chat,Product Inquiry,2025-03-01 06:04:00,2.1,6.6,5
TKT008706,CU03231,AG030,Social Media,Technical Issue,2025-04-06 02:53:00,57.5,1.9,4
TKT008707,CU02960,AG032,Social Media,Refund,2025-07-05 10:09:00,98.4,43.4,2
TKT008708,CU00799,AG030,Email,Delivery,2025-08-11 19:38:00,273.2,41.0,2
TKT008709,CU02094,AG006,Email,Technical Issue,2025-07-04 08:16:00,281.2,8.0,3
TKT008710,CU02102,AG033,Email,Technical Issue,2025-03-09 06:22:00,33.8,5.2,5
TKT008711,CU02567,AG008,Email,Product Inquiry,2025-11-17 15:41:00,197.9,38.2,1
TKT008712,CU03185,AG023,Chat,Technical Issue,2025-06-03 21:52:00,1.5,43.3,5
TKT008713,CU00451,AG014,Email,Product Inquiry,2025-07-14 05:06:00,174.5,6.8,4
TKT008714,CU02699,AG009,Chat,Billing,2025-07-15 16:31:00,1.0,2.5,4
TKT008715,CU03333,AG012,Social Media,Billing,2025-07-20 07:08:00,71.0,3.0,5
TKT008716,CU00463,AG004,Social Media,Delivery,2025-04-16 08:12:00,37.2,3.6,4
TKT008717,CU01660,AG018,Social Media,Account Access,2025-04-27 20:42:00,70.9,1.1,3
TKT008718,CU03583,AG017,Chat,Billing,2025-02-20 16:01:00,2.8,55.3,3
TKT008719,CU00098,AG017,Phone,Delivery,2025-09-23 14:15:00,5.1,9.3,5
TKT008720,CU00643,AG004,Chat,Billing,2025-04-25 08:33:00,6.5,2.5,5
TKT008721,CU03216,AG025,Phone,Technical Issue,2025-01-19 14:12:00,3.0,26.7,1
TKT008722,CU00688,AG007,Email,Refund,2025-01-17 06:23:00,86.4,0.4,5
TKT008723,CU02808,AG035,Social Media,Account Access,2025-12-20 11:34:00,192.9,22.3,4
TKT008724,CU03605,AG001,Email,Delivery,2025-06-06 16:54:00,54.5,3.8,4
TKT008725,CU01995,AG003,Chat,Account Access,2025-08-10 14:04:00,2.2,5.7,4
TKT008726,CU01939,AG013,Email,Delivery,2025-07-14 15:30:00,184.6,70.0,2
TKT008727,CU01715,AG017,Chat,Technical Issue,2025-11-05 07:37:00,1.0,6.6,2
TKT008728,CU01492,AG039,Email,Product Inquiry,2025-11-21 16:28:00,76.9,4.5,4
TKT008729,CU01521,AG022,Chat,Billing,2025-10-13 21:01:00,1.0,5.3,5
TKT008730,CU02215,AG016,Social Media,Product Inquiry,2025-12-25 19:45:00,142.3,3.6,4
TKT008731,CU03583,AG034,Phone,Refund,2025-03-21 07:13:00,2.8,1.9,3
TKT008732,CU03926,AG010,Phone,Delivery,2025-06-14 07:05:00,3.5,3.4,5
TKT008733,CU03464,AG036,Phone,Billing,2025-04-16 13:27:00,1.6,9.5,4
TKT008734,CU00479,AG017,Chat,Technical Issue,2025-11-01 13:11:00,1.3,10.3,3
TKT008735,CU01228,AG013,Chat,Billing,2025-04-12 18:37:00,1.3,9.5,4
TKT008736,CU03028,AG013,Chat,Delivery,2025-10-17 11:32:00,1.8,68.1,1
TKT008737,CU02183,AG001,Web Form,Billing,2025-03-24 13:12:00,46.5,39.9,4
TKT008738,CU01338,AG027,Email,Technical Issue,2025-09-10 09:55:00,314.3,2.7,4
TKT008739,CU01245,AG024,Chat,Account Access,2025-01-06 20:52:00,2.9,2.5,4
TKT008740,CU00469,AG026,Chat,Technical Issue,2025-10-15 07:18:00,1.0,0.3,5
TKT008741,CU01330,AG027,Email,Billing,2025-10-29 19:55:00,245.0,6.5,4
TKT008742,CU01688,AG002,Social Media,Account Access,2025-07-25 19:19:00,146.0,11.6,5
TKT008743,CU01664,AG036,Phone,Technical Issue,2025-07-16 05:28:00,4.2,45.2,3
TKT008744,CU02196,AG021,Phone,Technical Issue,2025-06-17 17:33:00,6.9,71.2,3
TKT008745,CU01092,AG028,Chat,Technical Issue,2025-08-04 10:16:00,3.9,8.2,5
TKT008746,CU00824,AG002,Email,Account Access,2025-07-26 09:36:00,107.2,54.7,4
TKT008747,CU03551,AG031,Web Form,Product Inquiry,2025-06-29 11:06:00,28.1,9.6,5
TKT008748,CU01622,AG028,Chat,Technical Issue,2025-07-10 20:36:00,2.7,4.9,4
TKT008749,CU01020,AG015,Chat,Delivery,2025-02-15 11:56:00,1.3,57.3,2
TKT008750,CU02543,AG038,Email,Technical Issue,2025-06-20 09:19:00,161.9,6.9,3
TKT008751,CU02170,AG027,Web Form,Delivery,2025-06-09 13:08:00,31.1,8.8,5
TKT008752,CU02306,AG037,Chat,Technical Issue,2025-11-23 11:34:00,3.4,2.6,5
TKT008753,CU00887,AG033,Social Media,Refund,2025-04-18 02:17:00,59.3,6.1,5
TKT008754,CU02893,AG009,Web Form,Delivery,2025-12-20 08:44:00,49.0,9.2,2
TKT008755,CU00770,AG040,Chat,Delivery,2025-11-22 02:19:00,1.7,7.9,3
TKT008756,CU03346,AG030,Email,Technical Issue,2025-10-13 13:03:00,64.2,33.6,2
TKT008757,CU01697,AG008,Phone,Refund,2025-09-13 15:16:00,7.2,19.8,2
TKT008758,CU01637,AG032,Email,Technical Issue,2025-04-26 16:49:00,283.9,62.1,4
TKT008759,CU01554,AG018,Chat,Account Access,2025-03-01 09:00:00,1.8,7.8,3
TKT008760,CU01692,AG035,Email,Delivery,2025-10-16 17:53:00,92.2,26.9,1
TKT008761,CU02662,AG007,Email,Delivery,2025-09-14 11:12:00,123.1,13.6,3
TKT008762,CU01987,AG011,Email,Refund,2025-10-31 05:16:00,106.0,29.6,4
TKT008763,CU00508,AG014,Email,Delivery,2025-07-20 20:44:00,138.3,48.1,3
TKT008764,CU02266,AG019,Phone,Delivery,2025-11-24 15:55:00,3.4,7.1,5
TKT008765,CU01069,AG026,Chat,Billing,2025-01-30 14:12:00,1.2,4.2,4
TKT008766,CU00434,AG009,Chat,Billing,2025-02-10 04:54:00,3.7,6.9,4
TKT008767,CU03360,AG029,Email,Account Access,2025-01-26 01:45:00,124.4,12.7,5
TKT008768,CU01251,AG001,Email,Account Access,2025-04-28 14:01:00,405.1,8.8,5
TKT008769,CU02381,AG014,Chat,Delivery,2025-02-23 19:24:00,2.1,5.1,1
TKT008770,CU00688,AG027,Email,Account Access,2025-01-15 15:15:00,112.1,9.6,5
TKT008771,CU01358,AG011,Phone,Delivery,2025-10-23 00:04:00,3.4,8.7,4
TKT008772,CU01544,AG018,Chat,Technical Issue,2025-02-26 15:55:00,1.6,4.6,3
TKT008773,CU00536,AG025,Email,Billing,2025-10-30 11:49:00,132.1,3.7,3
TKT008774,CU03894,AG010,Social Media,Product Inquiry,2025-08-23 07:52:00,101.8,14.1,5
TKT008775,CU01247,AG039,Chat,Technical Issue,2025-08-10 17:38:00,1.1,26.4,3
TKT008776,CU02331,AG034,Chat,Technical Issue,2025-02-12 14:43:00,1.1,20.6,5
TKT008777,CU02263,AG039,Email,Delivery,2025-01-06 16:36:00,215.0,8.2,5
TKT008778,CU01718,AG020,Phone,Technical Issue,2025-02-20 08:02:00,5.3,0.6,5
TKT008779,CU02343,AG014,Chat,Billing,2025-04-26 07:09:00,1.0,3.5,3
TKT008780,CU02264,AG040,Social Media,Delivery,2025-12-16 13:53:00,120.0,27.3,1
TKT008781,CU00321,AG030,Chat,Account Access,2025-05-27 13:37:00,3.2,31.5,1
TKT008782,CU02677,AG032,Phone,Product Inquiry,2025-03-27 14:19:00,4.6,10.8,2
TKT008783,CU00457,AG008,Chat,Refund,2025-04-14 16:47:00,1.0,2.7,4
TKT008784,CU01740,AG035,Phone,Account Access,2025-05-03 15:31:00,1.9,8.1,5
TKT008785,CU01459,AG022,Web Form,Product Inquiry,2025-08-01 15:59:00,53.6,62.2,3
TKT008786,CU01791,AG031,Email,Billing,2025-10-22 08:29:00,394.2,5.2,4
TKT008787,CU00288,AG034,Chat,Technical Issue,2025-01-23 12:40:00,1.5,11.8,4
TKT008788,CU02806,AG005,Email,Delivery,2025-10-10 14:58:00,195.3,2.1,4
TKT008789,CU01675,AG004,Web Form,Account Access,2025-01-08 13:25:00,38.6,2.1,4
TKT008790,CU00244,AG003,Web Form,Technical Issue,2025-04-28 10:55:00,140.1,1.7,5
TKT008791,CU00015,AG026,Phone,Billing,2025-08-03 20:49:00,4.1,39.9,3
TKT008792,CU02161,AG037,Chat,Technical Issue,2025-02-08 08:02:00,1.0,6.2,3
TKT008793,CU02666,AG002,Email,Technical Issue,2025-04-07 22:03:00,89.4,5.6,5
TKT008794,CU02190,AG006,Chat,Billing,2025-08-22 17:05:00,1.2,6.4,5
TKT008795,CU02882,AG020,Email,Product Inquiry,2025-09-08 14:25:00,149.3,13.6,5
TKT008796,CU03028,AG016,Web Form,Refund,2025-01-31 08:48:00,37.5,64.2,2
TKT008797,CU03488,AG005,Social Media,Account Access,2025-10-11 14:43:00,68.5,53.5,5
TKT008798,CU03931,AG025,Email,Account Access,2025-05-29 07:44:00,408.3,4.5,5
TKT008799,CU03540,AG037,Email,Technical Issue,2025-08-12 20:21:00,101.4,12.3,4
TKT008800,CU03184,AG009,Chat,Billing,2025-03-19 10:02:00,2.2,1.8,5
TKT008801,CU01724,AG001,Social Media,Delivery,2025-12-28 11:03:00,77.5,3.6,3
TKT008802,CU02016,AG010,Phone,Delivery,2025-10-05 15:08:00,3.9,6.0,4
TKT008803,CU02465,AG008,Web Form,Billing,2025-08-23 02:06:00,79.4,7.4,5
TKT008804,CU00678,AG019,Chat,Product Inquiry,2025-03-09 13:56:00,1.0,5.1,4
TKT008805,CU02711,AG005,Email,Refund,2025-10-10 16:10:00,152.1,56.3,5
TKT008806,CU02354,AG015,Chat,Technical Issue,2025-05-18 09:19:00,1.6,9.2,5
TKT008807,CU02081,AG005,Chat,Product Inquiry,2025-08-22 08:49:00,2.2,3.9,4
TKT008808,CU03338,AG028,Chat,Technical Issue,2025-08-26 13:12:00,1.8,3.2,2
TKT008809,CU02749,AG019,Chat,Product Inquiry,2025-10-21 13:43:00,1.8,7.1,5
TKT008810,CU03730,AG004,Chat,Delivery,2025-11-02 12:27:00,2.4,5.2,3
TKT008811,CU03907,AG002,Email,Billing,2025-05-23 10:45:00,103.4,10.5,3
TKT008812,CU03302,AG020,Chat,Billing,2025-01-30 11:18:00,5.9,17.6,5
TKT008813,CU01192,AG024,Chat,Account Access,2025-06-08 10:54:00,1.2,7.2,4
TKT008814,CU00756,AG007,Email,Refund,2025-05-27 09:43:00,308.9,26.2,4
TKT008815,CU01198,AG013,Phone,Refund,2025-05-03 12:18:00,2.0,12.8,4
TKT008816,CU02851,AG025,Email,Billing,2025-06-28 11:39:00,121.1,4.1,4
TKT008817,CU03458,AG019,Chat,Refund,2025-07-30 12:44:00,2.4,23.9,5
TKT008818,CU03521,AG005,Chat,Account Access,2025-08-16 00:59:00,1.2,1.6,4
TKT008819,CU02736,AG016,Email,Billing,2025-05-17 15:21:00,80.7,7.1,3
TKT008820,CU02725,AG008,Email,Technical Issue,2025-08-13 05:58:00,120.0,6.8,5
TKT008821,CU03808,AG038,Chat,Refund,2025-12-27 09:47:00,3.3,3.2,5
TKT008822,CU02744,AG033,Chat,Delivery,2025-08-26 17:26:00,2.1,11.0,3
TKT008823,CU00564,AG013,Email,Billing,2025-08-09 22:41:00,396.9,15.0,4
TKT008824,CU02001,AG010,Social Media,Delivery,2025-04-15 22:33:00,122.8,7.5,5
TKT008825,CU01435,AG006,Chat,Refund,2025-05-03 14:59:00,1.6,49.6,3
TKT008826,CU02548,AG030,Email,Technical Issue,2025-01-19 09:03:00,31.8,38.1,5
TKT008827,CU02544,AG037,Chat,Billing,2025-07-05 18:45:00,1.0,2.1,5
TKT008828,CU01178,AG011,Phone,Billing,2025-01-28 15:49:00,3.5,15.2,4
TKT008829,CU01199,AG026,Phone,Technical Issue,2025-10-12 22:00:00,1.7,3.5,4
TKT008830,CU00356,AG010,Chat,Billing,2025-12-16 14:30:00,1.8,52.3,3
TKT008831,CU01174,AG037,Email,Delivery,2025-10-22 13:41:00,158.3,69.3,3
TKT008832,CU03311,AG012,Chat,Technical Issue,2025-02-27 05:50:00,1.7,65.5,1
TKT008833,CU02621,AG004,Chat,Refund,2025-08-21 08:06:00,1.7,12.5,5
TKT008834,CU03773,AG036,Phone,Product Inquiry,2025-06-07 15:16:00,11.7,65.9,2
TKT008835,CU03706,AG038,Web Form,Technical Issue,2025-01-01 23:32:00,57.0,5.4,4
TKT008836,CU03428,AG016,Phone,Billing,2025-09-19 13:38:00,3.7,1.4,5
TKT008837,CU00719,AG037,Chat,Technical Issue,2025-11-14 03:09:00,1.2,0.8,2
TKT008838,CU01336,AG010,Chat,Delivery,2025-06-18 11:49:00,2.0,8.0,3
TKT008839,CU00230,AG011,Phone,Account Access,2025-11-29 07:29:00,3.1,7.1,4
TKT008840,CU00375,AG022,Chat,Account Access,2025-01-21 21:24:00,5.4,8.1,2
TKT008841,CU00925,AG025,Chat,Delivery,2025-11-15 08:47:00,2.7,32.6,4
TKT008842,CU01121,AG016,Web Form,Delivery,2025-09-06 07:30:00,120.1,1.8,5
TKT008843,CU00062,AG032,Chat,Account Access,2025-09-02 12:17:00,2.2,10.2,4
TKT008844,CU03372,AG032,Web Form,Refund,2025-07-03 13:26:00,109.1,4.1,5
TKT008845,CU02109,AG005,Web Form,Product Inquiry,2025-01-10 16:09:00,31.7,1.8,3
TKT008846,CU02624,AG040,Email,Delivery,2025-06-15 11:50:00,160.6,8.0,5
TKT008847,CU02615,AG007,Phone,Technical Issue,2025-12-14 19:18:00,2.5,4.6,5
TKT008848,CU03867,AG022,Phone,Delivery,2025-06-18 14:20:00,3.1,8.1,5
TKT008849,CU00590,AG017,Email,Product Inquiry,2025-01-25 05:10:00,143.2,12.8,5
TKT008850,CU01371,AG019,Chat,Account Access,2025-06-30 04:22:00,1.2,2.7,3
TKT008851,CU01234,AG006,Chat,Delivery,2025-02-24 12:11:00,1.0,12.9,4
TKT008852,CU02206,AG014,Phone,Billing,2025-06-03 12:02:00,6.9,6.0,3
TKT008853,CU02105,AG002,Web Form,Account Access,2025-08-18 12:41:00,21.8,3.1,3
TKT008854,CU03161,AG039,Chat,Refund,2025-01-25 05:22:00,5.1,6.5,4
TKT008855,CU02243,AG006,Email,Refund,2025-06-18 05:42:00,89.4,50.3,5
TKT008856,CU00936,AG020,Web Form,Technical Issue,2025-07-04 06:13:00,75.1,66.8,2
TKT008857,CU02259,AG009,Web Form,Technical Issue,2025-10-03 16:31:00,77.6,16.7,4
TKT008858,CU03857,AG008,Email,Billing,2025-01-25 14:12:00,76.2,2.1,5
TKT008859,CU02316,AG016,Email,Billing,2025-08-20 08:15:00,180.3,30.5,3
TKT008860,CU02370,AG039,Web Form,Delivery,2025-08-15 12:58:00,60.4,3.5,4
TKT008861,CU00704,AG020,Email,Technical Issue,2025-01-02 20:31:00,198.1,41.0,4
TKT008862,CU00032,AG039,Chat,Delivery,2025-02-13 06:00:00,3.9,32.4,3
TKT008863,CU00839,AG034,Social Media,Account Access,2025-08-23 08:56:00,140.8,4.9,4
TKT008864,CU00101,AG018,Email,Delivery,2025-11-10 11:49:00,86.8,7.2,4
TKT008865,CU01810,AG037,Email,Account Access,2025-11-10 09:23:00,129.9,18.6,5
TKT008866,CU03529,AG014,Email,Refund,2025-10-08 08:14:00,89.0,58.8,1
TKT008867,CU01787,AG021,Email,Billing,2025-11-08 21:25:00,102.0,14.6,3
TKT008868,CU02582,AG028,Chat,Billing,2025-08-10 17:46:00,2.6,10.2,4
TKT008869,CU03423,AG024,Web Form,Delivery,2025-02-27 16:29:00,76.7,29.5,1
TKT008870,CU03053,AG034,Chat,Billing,2025-07-13 20:10:00,2.8,3.6,5
TKT008871,CU02603,AG007,Email,Billing,2025-05-07 08:10:00,164.0,4.2,4
TKT008872,CU03137,AG020,Email,Product Inquiry,2025-04-04 19:59:00,178.4,31.7,2
TKT008873,CU01123,AG027,Chat,Delivery,2025-02-13 22:14:00,1.6,7.7,5
TKT008874,CU01682,AG014,Social Media,Technical Issue,2025-01-08 14:34:00,189.2,8.8,4
TKT008875,CU01596,AG035,Web Form,Delivery,2025-10-02 19:41:00,79.4,2.6,2
TKT008876,CU03195,AG013,Email,Technical Issue,2025-03-04 17:09:00,138.4,42.1,2
TKT008877,CU01636,AG013,Social Media,Billing,2025-08-18 10:09:00,167.2,55.8,3
TKT008878,CU03751,AG014,Chat,Technical Issue,2025-04-21 10:18:00,1.5,65.8,2
TKT008879,CU00747,AG028,Email,Technical Issue,2025-06-26 15:36:00,149.5,10.9,3
TKT008880,CU00689,AG005,Web Form,Billing,2025-05-26 14:50:00,90.0,9.3,5
TKT008881,CU02865,AG006,Social Media,Account Access,2025-04-20 11:23:00,46.1,44.7,3
TKT008882,CU03057,AG032,Chat,Billing,2025-06-25 05:17:00,6.8,3.1,4
TKT008883,CU02717,AG009,Web Form,Technical Issue,2025-10-15 02:18:00,39.8,12.0,3
TKT008884,CU01232,AG005,Chat,Technical Issue,2025-07-03 07:46:00,1.6,1.0,5
TKT008885,CU00037,AG011,Phone,Technical Issue,2025-10-16 11:32:00,4.0,23.9,5
TKT008886,CU01286,AG016,Web Form,Account Access,2025-11-29 03:37:00,82.6,2.0,5
TKT008887,CU01867,AG002,Chat,Billing,2025-06-29 08:13:00,3.2,7.5,5
TKT008888,CU01652,AG034,Email,Account Access,2025-10-20 21:38:00,319.3,44.1,1
TKT008889,CU03689,AG005,Social Media,Account Access,2025-02-15 12:18:00,86.9,9.9,5
TKT008890,CU03455,AG017,Social Media,Technical Issue,2025-07-26 20:53:00,107.9,59.9,3
TKT008891,CU03101,AG009,Email,Delivery,2025-06-19 08:31:00,60.1,45.2,5
TKT008892,CU00089,AG012,Web Form,Delivery,2025-01-03 11:09:00,30.5,17.8,5
TKT008893,CU00510,AG002,Social Media,Delivery,2025-11-24 15:39:00,85.6,3.3,2
TKT008894,CU01736,AG038,Chat,Billing,2025-09-28 22:01:00,2.4,13.1,3
TKT008895,CU02487,AG038,Web Form,Billing,2025-08-02 16:50:00,53.6,2.3,3
TKT008896,CU02721,AG006,Email,Account Access,2025-09-11 19:24:00,186.8,45.9,5
TKT008897,CU01186,AG008,Web Form,Product Inquiry,2025-10-03 05:49:00,53.3,31.0,4
TKT008898,CU00442,AG036,Email,Billing,2025-10-11 10:56:00,123.1,4.8,4
TKT008899,CU01313,AG017,Web Form,Delivery,2025-04-18 19:29:00,205.9,41.6,3
TKT008900,CU03170,AG003,Email,Billing,2025-06-02 13:06:00,121.1,6.2,4
TKT008901,CU03947,AG006,Phone,Product Inquiry,2025-05-06 08:04:00,7.0,3.7,4
TKT008902,CU03768,AG017,Email,Technical Issue,2025-11-29 08:19:00,68.3,7.5,4
TKT008903,CU02373,AG023,Social Media,Billing,2025-02-12 16:11:00,96.3,0.8,4
TKT008904,CU00364,AG026,Chat,Account Access,2025-11-28 08:42:00,1.4,4.2,5
TKT008905,CU03871,AG007,Chat,Delivery,2025-05-06 13:00:00,5.9,3.0,4
TKT008906,CU00612,AG015,Chat,Delivery,2025-10-12 08:42:00,1.5,5.5,5
TKT008907,CU01074,AG011,Email,Delivery,2025-03-03 09:11:00,137.6,14.0,5
TKT008908,CU03897,AG022,Web Form,Delivery,2025-11-04 11:07:00,35.0,38.6,2
TKT008909,CU02016,AG013,Chat,Billing,2025-07-16 07:01:00,1.2,7.0,5
TKT008910,CU00792,AG009,Chat,Technical Issue,2025-12-26 15:48:00,1.9,56.8,3
TKT008911,CU02009,AG033,Chat,Refund,2025-05-24 08:42:00,2.4,8.4,4
TKT008912,CU00316,AG023,Web Form,Billing,2025-12-29 16:53:00,98.4,69.7,3
TKT008913,CU01263,AG019,Email,Technical Issue,2025-11-02 13:32:00,101.8,10.4,4
TKT008914,CU03809,AG006,Social Media,Technical Issue,2025-01-03 10:35:00,64.9,9.2,5
TKT008915,CU01195,AG003,Phone,Account Access,2025-05-20 14:02:00,8.1,4.1,4
TKT008916,CU03571,AG032,Chat,Billing,2025-05-29 11:01:00,4.8,1.1,5
TKT008917,CU02172,AG039,Phone,Delivery,2025-03-19 06:37:00,3.8,10.6,5
TKT008918,CU02623,AG024,Chat,Delivery,2025-11-17 10:30:00,2.6,17.8,5
TKT008919,CU02812,AG002,Email,Technical Issue,2025-01-31 13:48:00,350.7,2.6,5
TKT008920,CU02206,AG020,Email,Billing,2025-04-05 07:33:00,600.9,58.2,3
TKT008921,CU00138,AG012,Chat,Product Inquiry,2025-04-03 16:01:00,2.5,2.0,5
TKT008922,CU03677,AG003,Chat,Delivery,2025-06-02 11:38:00,3.0,7.0,5
TKT008923,CU01901,AG006,Email,Refund,2025-09-12 09:07:00,150.6,16.9,5
TKT008924,CU02623,AG020,Phone,Technical Issue,2025-01-03 00:53:00,1.8,8.7,5
TKT008925,CU02216,AG018,Phone,Product Inquiry,2025-08-17 07:28:00,4.8,2.4,3
TKT008926,CU02634,AG023,Chat,Refund,2025-05-28 09:26:00,4.3,43.4,5
TKT008927,CU01419,AG028,Chat,Billing,2025-08-15 11:02:00,1.3,10.9,5
TKT008928,CU03375,AG011,Chat,Delivery,2025-01-23 08:18:00,1.0,5.0,5
TKT008929,CU00898,AG012,Phone,Billing,2025-11-10 14:01:00,5.5,7.6,4
TKT008930,CU02613,AG028,Chat,Delivery,2025-07-30 08:06:00,1.0,2.8,4
TKT008931,CU02312,AG008,Web Form,Refund,2025-04-03 21:34:00,23.2,47.7,2
TKT008932,CU02015,AG004,Chat,Account Access,2025-10-16 14:29:00,1.0,14.9,4
TKT008933,CU00088,AG035,Email,Technical Issue,2025-06-21 17:33:00,46.5,26.0,4
TKT008934,CU01559,AG009,Web Form,Billing,2025-05-23 12:48:00,98.4,42.3,3
TKT008935,CU00191,AG005,Chat,Delivery,2025-03-03 09:48:00,2.2,8.5,4
TKT008936,CU02013,AG030,Social Media,Delivery,2025-06-29 12:52:00,278.9,13.9,4
TKT008937,CU02752,AG022,Chat,Account Access,2025-03-21 11:04:00,3.0,9.3,4
TKT008938,CU02090,AG006,Social Media,Product Inquiry,2025-09-25 15:04:00,279.7,9.6,5
TKT008939,CU03029,AG035,Phone,Technical Issue,2025-05-16 19:53:00,2.8,1.3,4
TKT008940,CU01444,AG010,Email,Technical Issue,2025-02-13 09:52:00,170.9,10.8,5
TKT008941,CU01225,AG028,Chat,Technical Issue,2025-09-16 07:01:00,1.0,4.4,4
TKT008942,CU01793,AG027,Chat,Refund,2025-11-05 16:01:00,1.7,7.1,5
TKT008943,CU00917,AG034,Chat,Delivery,2025-11-01 00:18:00,4.4,59.4,3
TKT008944,CU03208,AG030,Web Form,Delivery,2025-06-26 17:32:00,53.8,5.5,4
TKT008945,CU03239,AG029,Chat,Refund,2025-04-23 16:02:00,1.8,13.4,4
TKT008946,CU01667,AG003,Social Media,Billing,2025-03-22 18:26:00,88.9,12.6,3
TKT008947,CU03171,AG038,Web Form,Billing,2025-05-26 07:14:00,59.5,3.4,5
TKT008948,CU00103,AG006,Chat,Account Access,2025-02-07 09:55:00,2.2,3.1,5
TKT008949,CU00620,AG011,Email,Billing,2025-11-20 14:48:00,291.4,4.4,5
TKT008950,CU01133,AG018,Phone,Account Access,2025-04-01 10:31:00,2.7,7.2,5
TKT008951,CU01552,AG012,Email,Technical Issue,2025-10-12 18:07:00,125.0,31.6,5
TKT008952,CU00927,AG024,Phone,Billing,2025-05-21 12:15:00,4.2,3.6,4
TKT008953,CU02049,AG003,Chat,Account Access,2025-09-09 12:12:00,1.2,33.0,3
TKT008954,CU03175,AG019,Social Media,Technical Issue,2025-11-29 08:51:00,70.4,29.6,2
TKT008955,CU01825,AG014,Email,Product Inquiry,2025-05-29 14:36:00,213.4,8.2,4
TKT008956,CU01798,AG026,Email,Technical Issue,2025-12-19 10:20:00,89.0,65.3,5
TKT008957,CU00240,AG021,Email,Product Inquiry,2025-05-05 12:01:00,643.7,5.5,5
TKT008958,CU01122,AG031,Email,Technical Issue,2025-04-03 10:49:00,344.4,48.5,2
TKT008959,CU03230,AG007,Chat,Refund,2025-09-22 14:36:00,2.2,1.7,3
TKT008960,CU03243,AG038,Email,Account Access,2025-02-21 18:14:00,192.1,2.9,4
TKT008961,CU00418,AG016,Email,Technical Issue,2025-02-04 02:53:00,213.9,1.9,5
TKT008962,CU00077,AG014,Email,Technical Issue,2025-05-15 09:45:00,190.5,9.1,4
TKT008963,CU03325,AG022,Chat,Billing,2025-07-18 15:04:00,2.1,7.1,5
TKT008964,CU00698,AG007,Chat,Refund,2025-06-20 16:00:00,9.1,0.9,5
TKT008965,CU02299,AG033,Chat,Technical Issue,2025-01-23 10:00:00,1.3,14.7,3
TKT008966,CU03308,AG011,Chat,Technical Issue,2025-07-20 10:16:00,1.6,69.4,2
TKT008967,CU03150,AG038,Phone,Delivery,2025-08-16 16:24:00,4.2,0.7,4
TKT008968,CU02203,AG006,Chat,Delivery,2025-04-14 14:55:00,2.9,8.4,4
TKT008969,CU01507,AG035,Social Media,Billing,2025-07-27 11:50:00,272.1,1.7,4
TKT008970,CU03095,AG016,Email,Technical Issue,2025-05-10 05:59:00,139.9,3.6,5
TKT008971,CU02779,AG025,Email,Account Access,2025-01-22 15:56:00,192.5,3.4,5
TKT008972,CU03353,AG035,Social Media,Technical Issue,2025-09-29 10:00:00,111.3,36.8,2
TKT008973,CU02056,AG006,Email,Delivery,2025-06-03 14:48:00,133.8,13.2,4
TKT008974,CU03768,AG014,Email,Billing,2025-12-26 16:55:00,277.2,5.0,4
TKT008975,CU03079,AG038,Phone,Product Inquiry,2025-03-12 12:38:00,5.1,3.6,5
TKT008976,CU00254,AG006,Web Form,Account Access,2025-01-03 09:57:00,94.7,54.1,1
TKT008977,CU01176,AG005,Chat,Account Access,2025-10-19 09:25:00,1.7,8.5,4
TKT008978,CU03197,AG021,Chat,Refund,2025-11-11 16:47:00,1.5,3.1,5
TKT008979,CU00465,AG001,Chat,Product Inquiry,2025-11-30 19:47:00,1.7,6.3,5
TKT008980,CU02836,AG040,Email,Delivery,2025-12-28 22:13:00,165.0,8.1,4
TKT008981,CU01363,AG037,Web Form,Account Access,2025-04-25 17:45:00,101.7,16.7,4
TKT008982,CU00829,AG008,Email,Refund,2025-09-05 14:28:00,443.6,59.3,5
TKT008983,CU02160,AG007,Email,Technical Issue,2025-01-11 18:11:00,154.1,56.7,2
TKT008984,CU03727,AG032,Email,Delivery,2025-06-02 11:06:00,390.1,12.9,3
TKT008985,CU03591,AG021,Chat,Delivery,2025-11-24 19:42:00,2.8,12.6,4
TKT008986,CU01617,AG033,Social Media,Account Access,2025-08-20 12:48:00,62.3,35.4,1
TKT008987,CU00015,AG039,Phone,Refund,2025-11-05 14:47:00,4.3,66.5,5
TKT008988,CU03551,AG017,Chat,Delivery,2025-12-12 08:58:00,3.1,7.0,4
TKT008989,CU03590,AG011,Chat,Delivery,2025-10-18 13:54:00,3.2,8.2,4
TKT008990,CU02421,AG025,Phone,Product Inquiry,2025-09-08 10:11:00,3.1,16.9,5
TKT008991,CU02515,AG026,Chat,Delivery,2025-05-11 11:43:00,1.6,3.8,5
TKT008992,CU02107,AG018,Web Form,Technical Issue,2025-07-14 14:13:00,45.7,38.7,4
TKT008993,CU00050,AG012,Chat,Technical Issue,2025-01-30 19:43:00,1.8,28.7,1
TKT008994,CU00639,AG011,Chat,Account Access,2025-07-30 18:25:00,2.4,13.7,5
TKT008995,CU00574,AG021,Chat,Technical Issue,2025-12-22 11:54:00,5.6,9.5,4
TKT008996,CU03658,AG018,Chat,Delivery,2025-02-23 16:07:00,1.6,7.1,4
TKT008997,CU00200,AG019,Phone,Refund,2025-06-30 14:11:00,1.6,48.3,5
TKT008998,CU02227,AG004,Email,Billing,2025-11-25 11:37:00,54.8,6.7,4
TKT008999,CU01452,AG036,Social Media,Product Inquiry,2025-05-11 19:33:00,141.0,15.3,5
TKT009000,CU00025,AG029,Chat,Delivery,2025-08-04 08:51:00,1.5,2.5,2
TKT009001,CU03677,AG037,Email,Product Inquiry,2025-10-11 17:53:00,162.4,6.4,4
TKT009002,CU00074,AG034,Phone,Technical Issue,2025-10-15 09:15:00,2.7,2.4,3
TKT009003,CU03424,AG025,Chat,Billing,2025-09-02 19:37:00,1.8,2.2,3
TKT009004,CU03111,AG013,Web Form,Delivery,2025-01-23 16:45:00,46.0,3.2,4
TKT009005,CU03175,AG027,Chat,Delivery,2025-01-16 12:55:00,1.4,5.0,4
TKT009006,CU00648,AG023,Phone,Product Inquiry,2025-10-03 06:21:00,7.9,32.5,4
TKT009007,CU03525,AG037,Email,Product Inquiry,2025-12-16 08:03:00,287.7,53.6,3
TKT009008,CU02395,AG010,Phone,Technical Issue,2025-04-08 08:21:00,5.7,4.8,5
TKT009009,CU01608,AG002,Chat,Billing,2025-07-22 16:12:00,6.2,5.7,3
TKT009010,CU02725,AG006,Email,Delivery,2025-01-27 15:02:00,67.9,5.3,2
TKT009011,CU01366,AG008,Chat,Technical Issue,2025-03-10 09:13:00,1.8,5.1,4
TKT009012,CU01118,AG027,Chat,Product Inquiry,2025-06-26 11:11:00,1.7,3.7,4
TKT009013,CU01153,AG006,Chat,Delivery,2025-01-06 10:04:00,3.0,4.0,2
TKT009014,CU02278,AG006,Email,Refund,2025-08-03 15:46:00,70.0,56.6,3
TKT009015,CU02405,AG016,Chat,Product Inquiry,2025-07-21 10:37:00,2.9,2.1,4
TKT009016,CU00962,AG032,Phone,Technical Issue,2025-02-03 17:09:00,1.8,7.8,3
TKT009017,CU00983,AG017,Email,Billing,2025-08-05 16:24:00,211.2,3.5,4
TKT009018,CU03786,AG011,Chat,Delivery,2025-06-16 09:50:00,3.8,3.0,5
TKT009019,CU02060,AG012,Chat,Refund,2025-02-06 10:14:00,1.1,5.7,4
TKT009020,CU03441,AG033,Email,Delivery,2025-03-21 14:14:00,114.4,8.4,5
TKT009021,CU01321,AG018,Phone,Technical Issue,2025-07-18 19:43:00,7.7,46.6,2
TKT009022,CU01153,AG015,Chat,Delivery,2025-10-23 07:23:00,4.3,5.0,4
TKT009023,CU01131,AG031,Chat,Billing,2025-06-07 11:40:00,1.0,8.8,5
TKT009024,CU02116,AG015,Email,Billing,2025-08-19 14:11:00,172.2,10.8,4
TKT009025,CU03117,AG015,Email,Product Inquiry,2025-06-09 10:02:00,200.6,12.1,2
TKT009026,CU02003,AG031,Chat,Technical Issue,2025-11-11 10:32:00,2.0,9.3,4
TKT009027,CU01180,AG014,Web Form,Technical Issue,2025-12-22 12:26:00,121.2,6.4,5
TKT009028,CU03841,AG021,Email,Billing,2025-06-04 08:50:00,103.6,2.9,4
TKT009029,CU02290,AG027,Email,Refund,2025-04-18 14:43:00,111.4,66.3,4
TKT009030,CU01577,AG009,Web Form,Technical Issue,2025-07-30 19:20:00,38.3,8.2,2
TKT009031,CU00039,AG006,Email,Technical Issue,2025-11-19 19:06:00,160.2,39.5,1
TKT009032,CU02249,AG035,Web Form,Billing,2025-08-07 12:32:00,47.4,5.1,4
TKT009033,CU02485,AG012,Phone,Delivery,2025-05-06 10:47:00,6.5,7.5,4
TKT009034,CU03715,AG014,Chat,Technical Issue,2025-10-11 11:18:00,1.7,5.4,3
TKT009035,CU00923,AG024,Chat,Refund,2025-03-07 09:36:00,1.8,5.0,4
TKT009036,CU00652,AG005,Phone,Refund,2025-04-10 14:01:00,4.6,3.2,4
TKT009037,CU03998,AG002,Email,Account Access,2025-02-25 08:43:00,91.3,4.0,2
TKT009038,CU02202,AG017,Chat,Technical Issue,2025-11-30 10:50:00,3.6,50.2,5
TKT009039,CU00108,AG039,Chat,Account Access,2025-12-10 08:15:00,3.0,50.7,1
TKT009040,CU00423,AG023,Chat,Technical Issue,2025-12-16 09:40:00,2.9,2.4,3
TKT009041,CU01902,AG024,Email,Billing,2025-01-09 15:44:00,82.2,25.6,2
TKT009042,CU02470,AG025,Web Form,Delivery,2025-11-25 23:14:00,132.5,5.8,4
TKT009043,CU00975,AG035,Email,Technical Issue,2025-03-21 15:10:00,52.1,3.2,5
TKT009044,CU01463,AG034,Social Media,Technical Issue,2025-12-14 09:23:00,139.3,6.8,4
TKT009045,CU02945,AG001,Web Form,Technical Issue,2025-05-05 11:51:00,61.2,7.8,5
TKT009046,CU03871,AG022,Social Media,Technical Issue,2025-04-22 15:22:00,133.9,2.1,2
TKT009047,CU01965,AG022,Email,Technical Issue,2025-08-28 18:12:00,128.2,2.7,4
TKT009048,CU01662,AG009,Chat,Billing,2025-10-16 16:17:00,2.2,35.6,4
TKT009049,CU01445,AG040,Social Media,Delivery,2025-05-18 08:16:00,136.3,3.1,5
TKT009050,CU00545,AG011,Social Media,Technical Issue,2025-10-28 14:31:00,92.7,10.3,4
TKT009051,CU00212,AG034,Chat,Billing,2025-01-08 09:40:00,2.3,15.1,5
TKT009052,CU03336,AG005,Chat,Product Inquiry,2025-11-24 11:16:00,2.4,22.1,5
TKT009053,CU00149,AG025,Chat,Account Access,2025-07-08 21:20:00,6.9,15.7,4
TKT009054,CU03284,AG030,Email,Refund,2025-07-15 19:29:00,60.0,4.6,5
TKT009055,CU00990,AG021,Web Form,Account Access,2025-11-19 09:18:00,115.7,49.4,3
TKT009056,CU02780,AG005,Email,Technical Issue,2025-01-21 16:27:00,185.2,5.2,4
TKT009057,CU03807,AG005,Web Form,Technical Issue,2025-11-20 10:03:00,68.0,9.9,4
TKT009058,CU02996,AG025,Email,Delivery,2025-03-16 00:22:00,71.7,35.4,2
TKT009059,CU02919,AG035,Email,Refund,2025-12-28 18:49:00,272.2,38.7,2
TKT009060,CU01059,AG024,Social Media,Billing,2025-09-20 18:26:00,49.8,8.3,4
TKT009061,CU02393,AG005,Chat,Account Access,2025-05-05 10:27:00,4.6,13.2,4
TKT009062,CU02569,AG032,Chat,Billing,2025-01-25 17:36:00,1.5,5.4,4
TKT009063,CU01702,AG019,Email,Technical Issue,2025-02-14 03:23:00,324.6,57.6,3
TKT009064,CU00153,AG003,Chat,Technical Issue,2025-02-14 13:25:00,1.4,10.9,4
TKT009065,CU03650,AG015,Email,Product Inquiry,2025-01-26 22:14:00,86.4,16.7,4
TKT009066,CU00788,AG009,Chat,Technical Issue,2025-08-13 17:45:00,2.0,3.6,4
TKT009067,CU03894,AG040,Chat,Billing,2025-11-13 14:33:00,1.4,3.0,4
TKT009068,CU03730,AG037,Chat,Delivery,2025-10-19 11:00:00,1.8,6.5,5
TKT009069,CU00076,AG005,Email,Billing,2025-10-01 16:33:00,364.5,16.3,5
TKT009070,CU02957,AG023,Web Form,Product Inquiry,2025-12-24 22:21:00,41.8,10.1,4
TKT009071,CU02537,AG001,Email,Technical Issue,2025-08-18 08:00:00,158.7,4.3,5
TKT009072,CU00923,AG019,Phone,Refund,2025-02-04 05:30:00,9.9,7.9,5
TKT009073,CU03252,AG007,Chat,Technical Issue,2025-07-01 11:05:00,2.3,1.9,5
TKT009074,CU00446,AG030,Phone,Technical Issue,2025-10-04 13:11:00,7.7,15.9,3
TKT009075,CU00995,AG003,Chat,Account Access,2025-06-16 09:36:00,2.8,7.5,3
TKT009076,CU03796,AG037,Phone,Refund,2025-04-23 14:30:00,7.1,2.6,5
TKT009077,CU02972,AG010,Email,Billing,2025-06-30 10:17:00,138.9,2.2,3
TKT009078,CU00449,AG011,Email,Billing,2025-10-13 22:52:00,198.5,16.6,4
TKT009079,CU00577,AG036,Chat,Billing,2025-05-13 09:59:00,5.6,12.1,4
TKT009080,CU01029,AG037,Web Form,Technical Issue,2025-05-09 17:05:00,47.2,5.4,5
TKT009081,CU00283,AG004,Chat,Refund,2025-06-23 21:14:00,2.6,3.7,5
TKT009082,CU00731,AG005,Chat,Product Inquiry,2025-06-03 13:00:00,1.4,6.5,5
TKT009083,CU02288,AG035,Social Media,Delivery,2025-03-18 09:09:00,163.8,7.0,5
TKT009084,CU00030,AG040,Chat,Billing,2025-04-13 19:21:00,1.0,60.7,3
TKT009085,CU01150,AG020,Chat,Delivery,2025-02-12 11:02:00,1.7,1.6,5
TKT009086,CU01257,AG007,Web Form,Account Access,2025-10-02 14:55:00,98.4,15.4,5
TKT009087,CU03884,AG007,Social Media,Technical Issue,2025-03-19 05:41:00,85.2,61.5,1
TKT009088,CU03897,AG011,Chat,Billing,2025-12-24 11:04:00,1.0,29.4,4
TKT009089,CU03382,AG028,Web Form,Delivery,2025-12-21 14:17:00,37.0,3.4,3
TKT009090,CU01368,AG004,Chat,Refund,2025-09-03 15:42:00,1.4,8.9,4
TKT009091,CU02110,AG026,Chat,Billing,2025-12-28 21:16:00,4.9,62.8,1
TKT009092,CU02018,AG033,Web Form,Refund,2025-11-12 14:28:00,87.4,62.4,4
TKT009093,CU03441,AG006,Chat,Delivery,2025-10-02 10:06:00,3.4,4.5,5
TKT009094,CU02984,AG040,Phone,Product Inquiry,2025-05-10 14:51:00,2.1,6.3,4
TKT009095,CU03627,AG040,Web Form,Product Inquiry,2025-11-02 06:03:00,56.7,5.1,5
TKT009096,CU02205,AG012,Email,Technical Issue,2025-05-05 08:05:00,338.6,44.0,4
TKT009097,CU03677,AG005,Email,Billing,2025-02-07 11:13:00,235.5,17.3,4
TKT009098,CU02975,AG014,Phone,Delivery,2025-07-26 02:21:00,3.1,5.1,3
TKT009099,CU02956,AG011,Phone,Refund,2025-02-14 06:23:00,6.3,6.4,4
TKT009100,CU02647,AG012,Phone,Technical Issue,2025-02-03 00:41:00,2.0,14.4,3
TKT009101,CU01343,AG037,Phone,Account Access,2025-02-03 08:39:00,2.6,4.0,5
TKT009102,CU02435,AG007,Phone,Product Inquiry,2025-11-29 18:00:00,1.5,11.4,2
TKT009103,CU01427,AG013,Chat,Technical Issue,2025-01-24 11:06:00,1.9,8.7,5
TKT009104,CU02599,AG032,Web Form,Billing,2025-05-25 19:19:00,80.1,4.5,4
TKT009105,CU01020,AG003,Chat,Billing,2025-09-30 19:21:00,1.2,1.5,5
TKT009106,CU03197,AG003,Email,Billing,2025-10-20 18:46:00,136.7,62.6,2
TKT009107,CU02286,AG013,Email,Account Access,2025-01-21 09:59:00,90.6,5.8,5
TKT009108,CU02841,AG039,Chat,Technical Issue,2025-11-23 10:15:00,1.5,2.0,5
TKT009109,CU00888,AG034,Social Media,Delivery,2025-12-13 12:40:00,52.0,2.8,4
TKT009110,CU03168,AG038,Chat,Technical Issue,2025-12-21 12:16:00,4.1,5.1,2
TKT009111,CU03211,AG035,Phone,Refund,2025-08-27 06:59:00,2.8,63.8,2
TKT009112,CU00583,AG005,Chat,Technical Issue,2025-07-06 09:37:00,1.8,71.0,3
TKT009113,CU01401,AG017,Chat,Refund,2025-03-04 15:04:00,1.5,3.6,5
TKT009114,CU02711,AG022,Web Form,Billing,2025-02-15 15:05:00,67.2,49.8,3
TKT009115,CU03495,AG007,Email,Delivery,2025-10-26 11:24:00,565.8,13.8,4
TKT009116,CU02949,AG040,Chat,Technical Issue,2025-11-07 10:26:00,9.5,61.4,3
TKT009117,CU01887,AG025,Email,Account Access,2025-10-28 14:13:00,127.5,25.5,4
TKT009118,CU01200,AG035,Web Form,Billing,2025-08-14 15:04:00,71.1,23.9,3
TKT009119,CU03640,AG011,Email,Technical Issue,2025-07-25 16:56:00,244.2,69.1,1
TKT009120,CU03499,AG029,Chat,Delivery,2025-03-12 17:41:00,4.1,3.2,4
TKT009121,CU03588,AG005,Phone,Technical Issue,2025-02-03 14:54:00,5.8,9.3,5
TKT009122,CU01219,AG001,Email,Product Inquiry,2025-03-15 11:17:00,264.5,8.3,4
TKT009123,CU01746,AG026,Phone,Account Access,2025-05-27 11:34:00,5.2,10.6,4
TKT009124,CU00976,AG003,Web Form,Technical Issue,2025-04-21 04:38:00,40.0,58.1,3
TKT009125,CU03819,AG012,Email,Product Inquiry,2025-07-20 12:18:00,263.6,9.7,5
TKT009126,CU03469,AG032,Chat,Technical Issue,2025-10-13 18:38:00,2.2,7.9,4
TKT009127,CU00694,AG020,Email,Refund,2025-09-29 15:32:00,173.2,37.1,2
TKT009128,CU00989,AG016,Chat,Billing,2025-10-30 14:51:00,1.0,64.8,2
TKT009129,CU02209,AG012,Social Media,Account Access,2025-04-19 09:52:00,60.7,8.8,4
TKT009130,CU01663,AG027,Email,Refund,2025-12-08 14:55:00,116.6,3.5,5
TKT009131,CU01840,AG039,Email,Technical Issue,2025-11-15 08:34:00,192.6,3.7,3
TKT009132,CU01472,AG030,Phone,Delivery,2025-05-08 10:03:00,11.1,2.9,5
TKT009133,CU02696,AG015,Chat,Technical Issue,2025-04-02 14:45:00,3.2,58.8,2
TKT009134,CU03593,AG017,Phone,Delivery,2025-11-21 05:24:00,3.7,19.2,4
TKT009135,CU03669,AG005,Chat,Technical Issue,2025-12-31 10:41:00,1.2,11.1,2
TKT009136,CU01821,AG006,Chat,Technical Issue,2025-06-19 07:40:00,4.1,5.4,4
TKT009137,CU03312,AG011,Phone,Technical Issue,2025-02-11 08:05:00,4.9,11.4,5
TKT009138,CU02778,AG016,Email,Delivery,2025-08-10 11:11:00,24.8,11.0,4
TKT009139,CU00788,AG040,Chat,Product Inquiry,2025-11-01 15:45:00,3.7,3.5,4
TKT009140,CU03177,AG035,Email,Product Inquiry,2025-06-21 09:33:00,177.0,2.3,5
TKT009141,CU01402,AG005,Email,Delivery,2025-02-18 02:12:00,44.2,1.7,5
TKT009142,CU02512,AG014,Chat,Refund,2025-09-26 11:51:00,2.9,57.3,4
TKT009143,CU02883,AG003,Chat,Refund,2025-10-05 09:52:00,2.2,6.4,2
TKT009144,CU03775,AG003,Chat,Account Access,2025-11-16 17:13:00,1.0,10.2,3
TKT009145,CU03794,AG015,Web Form,Technical Issue,2025-11-11 17:18:00,173.7,6.1,3
TKT009146,CU03211,AG039,Email,Delivery,2025-06-24 15:11:00,183.3,10.7,2
TKT009147,CU02024,AG008,Web Form,Technical Issue,2025-04-25 14:33:00,43.3,3.9,3
TKT009148,CU01601,AG028,Email,Refund,2025-03-02 16:46:00,93.6,8.2,1
TKT009149,CU01765,AG016,Email,Billing,2025-02-06 11:17:00,129.5,7.9,4
TKT009150,CU03804,AG022,Social Media,Technical Issue,2025-10-29 15:01:00,84.8,21.0,4
TKT009151,CU00821,AG035,Chat,Refund,2025-12-31 12:00:00,2.8,2.7,4
TKT009152,CU02099,AG034,Chat,Technical Issue,2025-08-23 12:15:00,1.8,20.9,4
TKT009153,CU02719,AG034,Email,Product Inquiry,2025-12-21 17:46:00,114.6,18.2,4
TKT009154,CU00091,AG017,Phone,Product Inquiry,2025-04-23 17:21:00,4.5,37.4,5
TKT009155,CU02540,AG002,Web Form,Account Access,2025-10-04 11:42:00,44.5,6.3,2
TKT009156,CU01041,AG040,Web Form,Delivery,2025-05-25 20:54:00,53.0,14.3,5
TKT009157,CU01123,AG040,Phone,Technical Issue,2025-05-22 13:55:00,8.8,1.3,3
TKT009158,CU02487,AG035,Chat,Billing,2025-08-22 13:18:00,1.6,3.1,4
TKT009159,CU00036,AG020,Social Media,Refund,2025-02-19 13:34:00,84.0,0.4,4
TKT009160,CU00628,AG012,Email,Technical Issue,2025-05-31 17:43:00,92.0,10.5,5
TKT009161,CU01820,AG007,Social Media,Billing,2025-06-02 21:11:00,165.3,1.1,4
TKT009162,CU02337,AG015,Email,Billing,2025-06-07 15:41:00,55.3,57.4,3
TKT009163,CU00437,AG014,Email,Delivery,2025-09-20 10:10:00,88.7,8.1,4
TKT009164,CU01447,AG012,Chat,Delivery,2025-04-12 13:33:00,3.0,2.1,3
TKT009165,CU01231,AG039,Chat,Technical Issue,2025-02-25 10:23:00,1.8,19.1,4
TKT009166,CU02138,AG027,Phone,Technical Issue,2025-08-11 15:22:00,6.5,9.3,3
TKT009167,CU01203,AG009,Email,Refund,2025-01-07 23:19:00,125.9,10.9,5
TKT009168,CU00008,AG026,Chat,Technical Issue,2025-12-27 18:29:00,1.4,6.1,4
TKT009169,CU02121,AG029,Social Media,Billing,2025-11-26 12:24:00,84.1,6.9,4
TKT009170,CU03394,AG021,Chat,Technical Issue,2025-05-20 10:15:00,1.0,56.4,2
TKT009171,CU02339,AG038,Chat,Delivery,2025-09-13 12:13:00,1.3,4.5,4
TKT009172,CU01448,AG039,Email,Technical Issue,2025-07-09 10:29:00,231.3,62.3,4
TKT009173,CU01930,AG018,Email,Billing,2025-09-11 23:59:00,121.4,2.4,4
TKT009174,CU00561,AG019,Phone,Account Access,2025-03-22 09:39:00,3.9,29.1,2
TKT009175,CU00947,AG009,Chat,Technical Issue,2025-12-12 17:05:00,2.1,1.6,5
TKT009176,CU01752,AG032,Phone,Product Inquiry,2025-11-18 11:04:00,1.7,21.0,5
TKT009177,CU02370,AG038,Chat,Refund,2025-07-10 15:44:00,1.0,3.9,5
TKT009178,CU01945,AG027,Web Form,Delivery,2025-11-17 20:32:00,67.8,3.4,3
TKT009179,CU03852,AG009,Email,Billing,2025-04-27 14:34:00,111.7,5.1,4
TKT009180,CU02550,AG021,Chat,Technical Issue,2025-10-14 14:22:00,1.8,42.1,3
TKT009181,CU00092,AG032,Chat,Account Access,2025-11-28 04:33:00,2.8,2.9,5
TKT009182,CU02099,AG002,Chat,Technical Issue,2025-09-12 08:35:00,1.2,71.9,3
TKT009183,CU02332,AG024,Email,Delivery,2025-12-26 13:36:00,102.5,26.7,3
TKT009184,CU00175,AG027,Chat,Technical Issue,2025-03-20 11:56:00,1.6,2.3,5
TKT009185,CU01541,AG022,Email,Delivery,2025-01-08 14:54:00,168.5,10.8,4
TKT009186,CU03487,AG026,Phone,Billing,2025-07-12 11:50:00,3.3,3.9,2
TKT009187,CU01428,AG036,Email,Account Access,2025-05-01 08:40:00,98.8,35.8,3
TKT009188,CU01827,AG005,Social Media,Technical Issue,2025-08-22 17:41:00,228.4,1.1,5
TKT009189,CU00885,AG023,Email,Technical Issue,2025-05-13 18:16:00,143.1,7.6,3
TKT009190,CU00308,AG032,Chat,Billing,2025-11-14 21:51:00,2.9,4.4,4
TKT009191,CU01273,AG033,Web Form,Billing,2025-02-10 09:16:00,20.3,29.8,3
TKT009192,CU03092,AG019,Phone,Product Inquiry,2025-12-18 10:07:00,2.0,50.5,4
TKT009193,CU03933,AG040,Chat,Billing,2025-03-22 10:49:00,2.8,6.2,4
TKT009194,CU02641,AG013,Chat,Technical Issue,2025-04-30 20:24:00,1.8,5.7,4
TKT009195,CU03324,AG018,Chat,Account Access,2025-01-09 14:28:00,1.6,3.9,5
TKT009196,CU02598,AG033,Social Media,Billing,2025-09-05 20:37:00,53.4,24.7,2
TKT009197,CU02635,AG018,Email,Refund,2025-09-12 19:42:00,239.2,46.8,4
TKT009198,CU01708,AG014,Email,Technical Issue,2025-12-06 09:04:00,200.7,13.1,4
TKT009199,CU00245,AG023,Email,Refund,2025-02-09 12:22:00,135.1,6.3,3
TKT009200,CU01642,AG025,Chat,Delivery,2025-06-26 11:47:00,2.3,42.4,3
TKT009201,CU03460,AG039,Chat,Technical Issue,2025-11-20 13:44:00,1.7,22.9,2
TKT009202,CU02146,AG025,Chat,Billing,2025-01-11 23:37:00,1.4,2.8,4
TKT009203,CU03048,AG008,Chat,Account Access,2025-08-02 08:25:00,1.5,3.8,4
TKT009204,CU00203,AG003,Chat,Account Access,2025-03-25 17:21:00,3.0,6.8,5
TKT009205,CU00805,AG039,Phone,Billing,2025-05-10 09:29:00,3.2,63.6,5
TKT009206,CU01196,AG017,Chat,Account Access,2025-10-03 16:10:00,2.1,7.5,4
TKT009207,CU01438,AG009,Phone,Delivery,2025-10-23 09:55:00,3.2,4.8,4
TKT009208,CU03952,AG009,Email,Account Access,2025-01-03 13:11:00,234.7,5.0,3
TKT009209,CU01848,AG005,Email,Account Access,2025-08-26 15:29:00,97.9,4.7,5
TKT009210,CU02649,AG008,Web Form,Refund,2025-05-24 12:45:00,127.4,6.2,4
TKT009211,CU02578,AG032,Email,Account Access,2025-10-02 21:13:00,102.1,8.6,2
TKT009212,CU01676,AG027,Email,Billing,2025-11-04 16:59:00,102.2,11.7,1
TKT009213,CU03866,AG024,Email,Technical Issue,2025-11-17 08:31:00,421.4,6.7,4
TKT009214,CU00890,AG001,Email,Technical Issue,2025-02-07 11:09:00,77.9,5.5,4
TKT009215,CU00139,AG027,Phone,Billing,2025-10-22 10:00:00,3.9,16.4,4
TKT009216,CU02981,AG039,Phone,Billing,2025-12-19 10:18:00,7.0,4.4,5
TKT009217,CU02616,AG037,Chat,Delivery,2025-10-12 09:16:00,1.0,5.5,5
TKT009218,CU01042,AG016,Chat,Technical Issue,2025-05-18 08:02:00,2.3,62.6,3
TKT009219,CU03472,AG025,Phone,Delivery,2025-09-24 18:36:00,1.7,3.9,5
TKT009220,CU00650,AG012,Chat,Technical Issue,2025-01-25 22:31:00,2.0,7.9,4
TKT009221,CU01004,AG036,Social Media,Technical Issue,2025-05-18 08:04:00,275.8,49.7,4
TKT009222,CU00619,AG037,Email,Billing,2025-10-28 17:49:00,38.4,5.0,4
TKT009223,CU00745,AG009,Email,Billing,2025-08-26 09:27:00,134.3,3.8,5
TKT009224,CU02918,AG020,Social Media,Technical Issue,2025-04-07 13:35:00,70.1,62.8,1
TKT009225,CU02814,AG010,Email,Technical Issue,2025-07-26 09:35:00,80.4,5.1,5
TKT009226,CU02572,AG025,Email,Account Access,2025-01-01 09:50:00,60.3,15.5,5
TKT009227,CU03444,AG012,Phone,Billing,2025-12-18 11:13:00,7.3,11.4,4
TKT009228,CU00280,AG028,Chat,Billing,2025-07-20 16:02:00,2.2,13.2,2
TKT009229,CU02482,AG040,Social Media,Billing,2025-07-02 12:13:00,32.4,47.0,1
TKT009230,CU00461,AG035,Email,Billing,2025-05-02 17:40:00,83.4,44.1,2
TKT009231,CU03823,AG008,Chat,Technical Issue,2025-03-22 07:40:00,1.5,8.0,3
TKT009232,CU02536,AG006,Web Form,Billing,2025-04-30 14:18:00,23.2,4.0,4
TKT009233,CU03040,AG033,Email,Account Access,2025-06-17 07:58:00,146.9,2.0,4
TKT009234,CU02285,AG004,Web Form,Account Access,2025-06-05 07:41:00,63.3,3.8,3
TKT009235,CU01535,AG017,Chat,Product Inquiry,2025-06-01 10:18:00,2.3,8.0,5
TKT009236,CU02744,AG040,Chat,Refund,2025-07-05 07:59:00,6.1,11.4,3
TKT009237,CU03344,AG018,Email,Technical Issue,2025-06-21 17:12:00,83.4,23.9,4
TKT009238,CU00713,AG001,Chat,Technical Issue,2025-04-24 13:01:00,1.5,1.7,5
TKT009239,CU03488,AG040,Chat,Refund,2025-08-01 15:59:00,1.5,9.6,5
TKT009240,CU02907,AG029,Chat,Billing,2025-03-31 05:26:00,3.2,6.8,2
TKT009241,CU00344,AG014,Social Media,Account Access,2025-12-13 09:50:00,135.6,18.8,4
TKT009242,CU03745,AG025,Chat,Delivery,2025-09-01 13:51:00,1.1,11.5,4
TKT009243,CU00721,AG025,Email,Account Access,2025-04-13 06:56:00,310.0,4.2,4
TKT009244,CU02405,AG023,Web Form,Technical Issue,2025-09-10 08:45:00,33.4,4.0,5
TKT009245,CU00519,AG039,Chat,Technical Issue,2025-12-20 02:02:00,3.2,4.1,2
TKT009246,CU00785,AG032,Phone,Technical Issue,2025-10-07 19:32:00,6.2,64.0,2
TKT009247,CU02572,AG011,Web Form,Technical Issue,2025-10-12 12:56:00,68.5,1.3,5
TKT009248,CU02719,AG040,Social Media,Technical Issue,2025-03-21 05:45:00,75.1,2.9,5
TKT009249,CU02748,AG039,Chat,Delivery,2025-03-08 12:50:00,1.7,1.9,3
TKT009250,CU01373,AG002,Chat,Billing,2025-07-24 19:47:00,2.6,0.6,4
TKT009251,CU03281,AG012,Chat,Technical Issue,2025-04-13 08:17:00,2.7,66.8,4
TKT009252,CU00198,AG025,Phone,Technical Issue,2025-02-13 09:46:00,5.9,66.1,3
TKT009253,CU03418,AG036,Chat,Product Inquiry,2025-11-28 22:37:00,3.0,53.3,1
TKT009254,CU01210,AG029,Email,Technical Issue,2025-05-07 18:34:00,169.0,0.3,4
TKT009255,CU02483,AG023,Email,Technical Issue,2025-10-20 14:10:00,304.6,51.1,1
TKT009256,CU03623,AG013,Web Form,Account Access,2025-09-25 08:06:00,39.5,5.5,4
TKT009257,CU01022,AG004,Web Form,Technical Issue,2025-02-22 09:25:00,56.3,5.5,5
TKT009258,CU01645,AG036,Email,Technical Issue,2025-03-10 18:14:00,103.0,50.8,1
TKT009259,CU03314,AG022,Email,Technical Issue,2025-08-02 15:36:00,536.8,57.7,3
TKT009260,CU03459,AG019,Email,Product Inquiry,2025-08-16 11:18:00,213.2,4.7,4
TKT009261,CU00941,AG040,Email,Account Access,2025-04-12 03:06:00,244.4,70.7,2
TKT009262,CU02035,AG007,Chat,Account Access,2025-02-25 08:02:00,2.6,3.4,5
TKT009263,CU01334,AG011,Email,Refund,2025-08-18 16:57:00,135.7,2.7,5
TKT009264,CU02068,AG035,Chat,Account Access,2025-03-28 15:06:00,8.7,9.8,4
TKT009265,CU01517,AG012,Web Form,Technical Issue,2025-03-05 11:55:00,107.3,5.4,4
TKT009266,CU00021,AG038,Chat,Account Access,2025-05-19 14:33:00,1.7,9.1,5
TKT009267,CU03699,AG035,Chat,Account Access,2025-05-09 16:52:00,1.7,15.4,4
TKT009268,CU02549,AG004,Email,Billing,2025-05-27 15:54:00,158.2,10.1,4
TKT009269,CU01847,AG019,Web Form,Delivery,2025-05-22 09:07:00,40.8,2.3,2
TKT009270,CU00432,AG031,Web Form,Technical Issue,2025-07-26 21:32:00,45.4,25.8,3
TKT009271,CU00286,AG020,Chat,Technical Issue,2025-07-16 02:40:00,1.0,5.5,5
TKT009272,CU01915,AG009,Chat,Billing,2025-01-14 14:37:00,1.0,6.6,4
TKT009273,CU02597,AG002,Email,Technical Issue,2025-03-29 09:53:00,415.3,47.8,1
TKT009274,CU01042,AG001,Phone,Product Inquiry,2025-07-04 16:10:00,3.0,31.1,5
TKT009275,CU02978,AG008,Phone,Account Access,2025-09-23 14:08:00,3.4,7.5,2
TKT009276,CU01570,AG011,Email,Technical Issue,2025-01-12 09:50:00,145.4,1.3,1
TKT009277,CU00045,AG013,Social Media,Account Access,2025-10-23 13:38:00,132.0,3.4,5
TKT009278,CU02149,AG035,Phone,Refund,2025-02-04 13:55:00,6.1,36.9,1
TKT009279,CU00725,AG021,Email,Billing,2025-08-22 12:12:00,246.6,3.7,2
TKT009280,CU00058,AG006,Web Form,Account Access,2025-03-21 04:03:00,75.5,5.7,5
TKT009281,CU00521,AG004,Chat,Delivery,2025-11-26 09:41:00,1.7,11.5,4
TKT009282,CU01139,AG006,Email,Technical Issue,2025-09-10 21:45:00,280.7,4.5,4
TKT009283,CU02060,AG013,Email,Account Access,2025-10-16 08:38:00,126.9,4.7,5
TKT009284,CU03959,AG030,Web Form,Delivery,2025-10-24 12:02:00,97.0,4.4,3
TKT009285,CU00874,AG002,Chat,Refund,2025-01-17 10:52:00,1.0,47.5,3
TKT009286,CU00230,AG017,Email,Product Inquiry,2025-11-06 16:15:00,286.4,8.9,4
TKT009287,CU00766,AG018,Email,Product Inquiry,2025-01-31 14:29:00,85.7,8.3,2
TKT009288,CU01278,AG006,Chat,Technical Issue,2025-07-18 16:01:00,1.0,15.9,3
TKT009289,CU00821,AG003,Email,Refund,2025-08-29 15:45:00,68.5,3.3,5
TKT009290,CU01286,AG010,Email,Delivery,2025-11-25 13:49:00,156.5,7.5,4
TKT009291,CU03877,AG007,Chat,Billing,2025-09-21 21:11:00,7.0,3.3,5
TKT009292,CU01518,AG032,Phone,Product Inquiry,2025-09-17 16:04:00,3.6,15.0,5
TKT009293,CU02539,AG037,Chat,Refund,2025-12-20 15:38:00,1.9,58.1,3
TKT009294,CU02740,AG025,Phone,Delivery,2025-01-06 15:33:00,6.1,19.4,4
TKT009295,CU00521,AG031,Chat,Technical Issue,2025-01-02 12:52:00,1.5,56.5,3
TKT009296,CU00991,AG031,Email,Technical Issue,2025-03-11 15:17:00,128.9,6.7,4
TKT009297,CU01663,AG036,Phone,Product Inquiry,2025-03-28 14:43:00,3.3,4.3,4
TKT009298,CU01842,AG004,Email,Product Inquiry,2025-07-02 19:50:00,413.1,42.7,3
TKT009299,CU00053,AG040,Email,Billing,2025-10-31 22:52:00,145.9,11.3,4
TKT009300,CU02580,AG019,Web Form,Billing,2025-05-24 13:05:00,83.0,9.8,2
TKT009301,CU01203,AG022,Chat,Delivery,2025-11-22 14:37:00,1.4,10.7,5
TKT009302,CU01290,AG032,Social Media,Technical Issue,2025-08-22 10:20:00,48.1,11.6,4
TKT009303,CU02413,AG020,Chat,Account Access,2025-06-19 18:33:00,2.9,7.9,5
TKT009304,CU03796,AG011,Chat,Product Inquiry,2025-10-17 16:40:00,2.3,5.5,4
TKT009305,CU03460,AG001,Social Media,Billing,2025-06-26 20:54:00,158.6,2.6,4
TKT009306,CU03919,AG007,Chat,Delivery,2025-01-16 14:28:00,1.2,2.2,5
TKT009307,CU01655,AG004,Email,Account Access,2025-11-08 16:19:00,133.1,2.5,5
TKT009308,CU00479,AG016,Phone,Billing,2025-02-18 07:11:00,2.0,9.6,4
TKT009309,CU00864,AG032,Web Form,Billing,2025-06-17 14:44:00,41.9,6.7,5
TKT009310,CU01376,AG014,Web Form,Account Access,2025-02-26 11:20:00,24.8,3.9,4
TKT009311,CU01201,AG024,Social Media,Delivery,2025-10-15 13:41:00,77.0,3.3,1
TKT009312,CU00832,AG008,Phone,Account Access,2025-08-21 10:16:00,8.2,1.7,4
TKT009313,CU00604,AG024,Email,Product Inquiry,2025-12-13 10:48:00,87.3,4.7,4
TKT009314,CU00748,AG039,Email,Technical Issue,2025-11-13 17:40:00,86.7,3.2,5
TKT009315,CU02634,AG013,Chat,Product Inquiry,2025-04-06 14:29:00,1.8,2.5,5
TKT009316,CU01964,AG020,Email,Account Access,2025-04-03 09:59:00,126.5,1.3,2
TKT009317,CU00151,AG039,Email,Billing,2025-04-11 17:29:00,213.8,3.3,5
TKT009318,CU02256,AG025,Chat,Technical Issue,2025-02-26 06:32:00,1.0,2.2,5
TKT009319,CU03370,AG016,Email,Billing,2025-12-09 10:02:00,35.3,56.2,2
TKT009320,CU01703,AG005,Phone,Billing,2025-01-31 10:38:00,4.1,5.2,3
TKT009321,CU01275,AG038,Chat,Product Inquiry,2025-06-04 08:55:00,5.1,8.9,4
TKT009322,CU01091,AG025,Phone,Delivery,2025-04-13 18:34:00,3.6,5.3,5
TKT009323,CU01518,AG003,Phone,Technical Issue,2025-01-06 15:23:00,5.0,12.5,4
TKT009324,CU01115,AG023,Phone,Billing,2025-10-31 15:38:00,3.8,38.2,1
TKT009325,CU03697,AG039,Chat,Account Access,2025-07-03 14:33:00,3.0,3.7,4
TKT009326,CU03969,AG038,Email,Refund,2025-11-17 11:12:00,119.1,9.6,4
TKT009327,CU01374,AG008,Phone,Delivery,2025-08-14 15:11:00,3.8,70.5,4
TKT009328,CU03695,AG017,Web Form,Technical Issue,2025-07-01 16:53:00,135.4,3.8,4
TKT009329,CU03415,AG040,Phone,Technical Issue,2025-03-31 13:36:00,7.5,1.8,5
TKT009330,CU00304,AG032,Web Form,Technical Issue,2025-08-04 12:53:00,37.6,3.7,4
TKT009331,CU01964,AG023,Email,Account Access,2025-09-23 09:20:00,97.1,5.4,4
TKT009332,CU02627,AG013,Phone,Technical Issue,2025-01-11 06:57:00,2.9,17.1,5
TKT009333,CU01689,AG031,Chat,Technical Issue,2025-03-27 04:35:00,1.1,3.4,3
TKT009334,CU01828,AG024,Phone,Refund,2025-05-13 16:51:00,3.0,5.4,5
TKT009335,CU01977,AG021,Chat,Billing,2025-02-13 11:44:00,1.9,23.9,4
TKT009336,CU02756,AG038,Phone,Product Inquiry,2025-01-31 16:55:00,2.6,16.9,4
TKT009337,CU01176,AG016,Chat,Delivery,2025-04-02 13:36:00,2.6,9.9,5
TKT009338,CU02388,AG026,Web Form,Technical Issue,2025-05-05 12:46:00,21.9,40.6,5
TKT009339,CU00974,AG002,Phone,Technical Issue,2025-07-14 15:01:00,2.1,5.3,5
TKT009340,CU03558,AG029,Social Media,Account Access,2025-10-24 08:32:00,129.3,9.4,3
TKT009341,CU00339,AG022,Web Form,Delivery,2025-11-09 22:48:00,156.5,6.0,3
TKT009342,CU00268,AG036,Social Media,Billing,2025-05-20 10:49:00,103.4,0.8,4
TKT009343,CU00151,AG014,Email,Product Inquiry,2025-07-13 17:33:00,88.5,25.1,3
TKT009344,CU01399,AG038,Chat,Delivery,2025-01-06 09:56:00,1.1,4.0,5
TKT009345,CU02425,AG024,Chat,Account Access,2025-11-06 12:14:00,1.6,38.9,3
TKT009346,CU03942,AG009,Email,Technical Issue,2025-03-27 13:47:00,281.0,5.7,3
TKT009347,CU01819,AG007,Web Form,Billing,2025-01-24 10:19:00,73.0,3.8,3
TKT009348,CU00730,AG008,Chat,Account Access,2025-08-08 11:15:00,1.0,11.1,4
TKT009349,CU01473,AG013,Social Media,Technical Issue,2025-05-16 12:48:00,109.8,13.4,5
TKT009350,CU00510,AG023,Web Form,Refund,2025-05-31 18:48:00,121.1,11.9,4
TKT009351,CU01888,AG035,Email,Billing,2025-06-08 13:56:00,268.0,64.6,1
TKT009352,CU02916,AG040,Social Media,Technical Issue,2025-08-18 07:25:00,187.1,13.8,5
TKT009353,CU00143,AG028,Chat,Delivery,2025-10-20 09:48:00,3.1,45.4,4
TKT009354,CU03110,AG020,Chat,Account Access,2025-07-28 22:46:00,1.0,23.9,4
TKT009355,CU00915,AG025,Social Media,Technical Issue,2025-08-11 07:53:00,57.7,19.6,3
TKT009356,CU02690,AG014,Chat,Account Access,2025-10-23 15:18:00,5.2,2.0,3
TKT009357,CU03262,AG010,Web Form,Delivery,2025-10-14 09:29:00,45.6,5.7,5
TKT009358,CU03105,AG022,Chat,Billing,2025-03-04 12:42:00,1.0,41.1,3
TKT009359,CU02680,AG034,Social Media,Billing,2025-05-04 11:25:00,125.6,8.5,5
TKT009360,CU02775,AG003,Chat,Delivery,2025-06-30 22:59:00,3.6,8.8,5
TKT009361,CU00751,AG005,Email,Delivery,2025-12-07 14:49:00,133.9,12.8,4
TKT009362,CU00544,AG008,Phone,Technical Issue,2025-08-10 09:01:00,5.4,15.2,4
TKT009363,CU01526,AG009,Phone,Technical Issue,2025-10-24 14:23:00,2.5,2.1,1
TKT009364,CU02433,AG006,Chat,Delivery,2025-10-18 06:32:00,1.5,18.1,4
TKT009365,CU02473,AG006,Email,Technical Issue,2025-12-01 20:42:00,51.8,5.7,3
TKT009366,CU03108,AG002,Chat,Product Inquiry,2025-07-09 10:32:00,1.1,57.2,3
TKT009367,CU01234,AG014,Email,Technical Issue,2025-04-06 19:36:00,308.5,32.4,2
TKT009368,CU03463,AG029,Web Form,Delivery,2025-05-31 17:35:00,8.9,6.8,5
TKT009369,CU01797,AG007,Email,Product Inquiry,2025-01-03 08:09:00,113.1,3.9,3
TKT009370,CU00985,AG014,Phone,Billing,2025-09-07 21:21:00,3.0,1.7,5
TKT009371,CU02942,AG039,Chat,Account Access,2025-08-13 23:18:00,2.8,5.5,3
TKT009372,CU00510,AG007,Chat,Technical Issue,2025-03-02 17:22:00,1.0,4.6,4
TKT009373,CU01622,AG040,Chat,Delivery,2025-06-29 12:12:00,1.3,15.1,5
TKT009374,CU03125,AG021,Phone,Product Inquiry,2025-09-19 15:57:00,2.9,50.8,2
TKT009375,CU03085,AG029,Web Form,Product Inquiry,2025-10-12 06:07:00,68.7,4.2,5
TKT009376,CU01027,AG013,Phone,Billing,2025-10-11 20:19:00,4.0,7.5,5
TKT009377,CU00667,AG013,Email,Refund,2025-02-05 09:25:00,56.3,53.6,3
TKT009378,CU00128,AG016,Chat,Refund,2025-05-17 16:37:00,1.7,69.6,3
TKT009379,CU00358,AG006,Chat,Billing,2025-08-06 17:11:00,1.3,5.3,3
TKT009380,CU03301,AG013,Email,Refund,2025-02-08 21:42:00,180.7,4.7,3
TKT009381,CU03135,AG036,Email,Technical Issue,2025-03-14 18:04:00,122.3,1.0,5
TKT009382,CU02024,AG001,Email,Product Inquiry,2025-12-11 17:03:00,366.3,37.7,3
TKT009383,CU02281,AG023,Social Media,Refund,2025-07-07 16:12:00,62.5,0.9,3
TKT009384,CU01307,AG028,Chat,Account Access,2025-07-31 14:13:00,1.5,1.7,5
TKT009385,CU00769,AG006,Chat,Billing,2025-02-27 04:37:00,1.5,3.9,2
TKT009386,CU00046,AG005,Email,Product Inquiry,2025-08-20 21:48:00,125.9,54.4,4
TKT009387,CU02688,AG023,Chat,Technical Issue,2025-11-30 12:48:00,3.2,64.9,3
TKT009388,CU00142,AG009,Email,Account Access,2025-12-17 17:10:00,109.8,7.3,5
TKT009389,CU00421,AG040,Chat,Account Access,2025-03-08 11:27:00,1.6,10.5,5
TKT009390,CU03171,AG008,Chat,Billing,2025-03-23 12:10:00,2.4,3.5,5
TKT009391,CU02332,AG006,Chat,Technical Issue,2025-07-29 12:36:00,1.2,39.5,4
TKT009392,CU01959,AG014,Chat,Technical Issue,2025-11-20 22:15:00,2.8,8.3,4
TKT009393,CU00874,AG014,Chat,Product Inquiry,2025-01-03 09:39:00,1.6,5.3,3
TKT009394,CU00599,AG007,Chat,Refund,2025-03-24 13:46:00,1.2,4.1,5
TKT009395,CU01866,AG027,Web Form,Refund,2025-02-27 08:39:00,20.0,53.0,3
TKT009396,CU01435,AG014,Email,Account Access,2025-10-16 13:00:00,76.4,22.4,4
TKT009397,CU02137,AG022,Email,Delivery,2025-07-02 14:59:00,125.0,2.4,4
TKT009398,CU00662,AG010,Phone,Account Access,2025-09-18 08:27:00,3.8,18.0,4
TKT009399,CU00926,AG004,Email,Delivery,2025-01-15 16:36:00,119.7,2.8,5
TKT009400,CU00452,AG003,Email,Refund,2025-02-18 18:41:00,62.0,9.2,5
TKT009401,CU01698,AG003,Web Form,Technical Issue,2025-07-18 17:32:00,49.0,1.3,4
TKT009402,CU01106,AG035,Chat,Product Inquiry,2025-06-03 16:57:00,1.0,1.4,5
TKT009403,CU00894,AG011,Web Form,Product Inquiry,2025-03-09 08:52:00,27.4,14.9,5
TKT009404,CU02199,AG013,Social Media,Billing,2025-04-06 15:39:00,163.5,2.1,4
TKT009405,CU01990,AG024,Phone,Product Inquiry,2025-09-23 16:37:00,3.7,10.1,4
TKT009406,CU00841,AG004,Email,Refund,2025-01-06 16:20:00,176.6,7.2,5
TKT009407,CU02797,AG025,Web Form,Technical Issue,2025-11-13 16:27:00,118.8,5.8,5
TKT009408,CU01375,AG021,Chat,Technical Issue,2025-02-28 15:00:00,1.9,9.6,3
TKT009409,CU01366,AG032,Chat,Delivery,2025-10-04 16:44:00,3.3,9.2,3
TKT009410,CU01912,AG005,Chat,Refund,2025-08-18 18:07:00,2.4,5.8,5
TKT009411,CU00557,AG001,Phone,Technical Issue,2025-01-24 14:13:00,2.6,0.7,5
TKT009412,CU01681,AG031,Chat,Account Access,2025-10-07 08:34:00,1.8,5.4,3
TKT009413,CU02330,AG015,Email,Account Access,2025-07-01 17:40:00,91.0,18.6,5
TKT009414,CU00515,AG003,Email,Billing,2025-04-20 15:02:00,192.5,3.2,2
TKT009415,CU02260,AG023,Chat,Technical Issue,2025-02-10 15:46:00,3.4,32.1,3
TKT009416,CU00156,AG019,Phone,Technical Issue,2025-02-12 10:08:00,1.9,1.6,5
TKT009417,CU02414,AG039,Email,Refund,2025-05-30 08:38:00,84.8,44.1,5
TKT009418,CU00142,AG038,Email,Technical Issue,2025-04-18 17:46:00,112.9,5.8,5
TKT009419,CU00701,AG022,Email,Delivery,2025-11-03 05:11:00,87.8,3.9,3
TKT009420,CU01401,AG007,Chat,Delivery,2025-07-18 11:23:00,1.7,5.5,5
TKT009421,CU02459,AG030,Phone,Product Inquiry,2025-01-16 13:30:00,4.8,4.6,4
TKT009422,CU02876,AG009,Email,Product Inquiry,2025-11-17 02:33:00,278.8,14.3,3
TKT009423,CU01876,AG034,Phone,Product Inquiry,2025-04-02 14:48:00,3.0,2.8,5
TKT009424,CU00526,AG025,Email,Account Access,2025-08-10 07:57:00,101.5,36.6,4
TKT009425,CU01550,AG015,Chat,Technical Issue,2025-10-29 09:24:00,2.4,3.7,4
TKT009426,CU03148,AG040,Phone,Billing,2025-09-01 23:35:00,3.8,2.9,4
TKT009427,CU00362,AG021,Email,Account Access,2025-05-29 14:55:00,58.3,38.2,2
TKT009428,CU02863,AG016,Email,Technical Issue,2025-01-03 21:36:00,85.5,71.5,3
TKT009429,CU01544,AG008,Chat,Technical Issue,2025-03-27 13:02:00,1.6,5.9,5
TKT009430,CU00016,AG026,Phone,Billing,2025-07-27 17:18:00,6.0,5.2,4
TKT009431,CU02779,AG011,Chat,Billing,2025-12-13 04:39:00,3.6,17.8,3
TKT009432,CU00107,AG007,Chat,Account Access,2025-01-14 10:59:00,1.1,5.7,4
TKT009433,CU01479,AG005,Phone,Product Inquiry,2025-02-26 10:13:00,2.6,55.6,1
TKT009434,CU00781,AG026,Chat,Billing,2025-05-11 06:12:00,3.1,7.1,4
TKT009435,CU02336,AG037,Chat,Technical Issue,2025-10-15 21:38:00,1.5,11.8,4
TKT009436,CU00225,AG011,Email,Account Access,2025-12-13 13:06:00,166.8,9.1,3
TKT009437,CU00365,AG009,Chat,Billing,2025-03-06 14:56:00,1.8,47.6,1
TKT009438,CU02126,AG025,Phone,Product Inquiry,2025-07-31 13:54:00,4.0,4.4,4
TKT009439,CU03976,AG006,Social Media,Billing,2025-12-18 09:34:00,70.1,40.7,2
TKT009440,CU00159,AG004,Chat,Billing,2025-12-31 20:20:00,3.6,5.8,3
TKT009441,CU01843,AG026,Chat,Delivery,2025-10-14 15:26:00,1.0,6.6,4
TKT009442,CU03211,AG021,Email,Account Access,2025-10-12 07:33:00,110.1,9.3,5
TKT009443,CU01164,AG002,Chat,Account Access,2025-04-11 12:51:00,3.4,14.7,4
TKT009444,CU01972,AG010,Phone,Technical Issue,2025-04-23 00:43:00,3.5,3.6,1
TKT009445,CU03355,AG008,Chat,Billing,2025-12-26 15:27:00,1.8,3.6,4
TKT009446,CU02912,AG028,Phone,Technical Issue,2025-08-16 13:38:00,6.6,27.8,2
TKT009447,CU01173,AG027,Chat,Delivery,2025-02-11 19:33:00,2.5,5.8,4
TKT009448,CU03003,AG030,Web Form,Technical Issue,2025-01-26 20:07:00,85.2,6.2,3
TKT009449,CU02704,AG004,Chat,Technical Issue,2025-11-10 07:18:00,3.8,31.1,5
TKT009450,CU02028,AG034,Phone,Account Access,2025-02-17 07:12:00,1.8,2.1,3
TKT009451,CU01765,AG009,Web Form,Account Access,2025-09-13 19:32:00,41.6,1.8,4
TKT009452,CU03702,AG040,Chat,Billing,2025-04-28 13:58:00,1.2,2.0,4
TKT009453,CU03498,AG035,Phone,Product Inquiry,2025-03-05 12:42:00,4.6,3.0,4
TKT009454,CU03961,AG019,Phone,Delivery,2025-02-11 14:39:00,6.9,17.1,5
TKT009455,CU02702,AG032,Email,Product Inquiry,2025-07-19 12:30:00,34.3,7.8,5
TKT009456,CU01437,AG027,Phone,Billing,2025-10-21 14:21:00,1.6,10.4,5
TKT009457,CU00439,AG031,Chat,Account Access,2025-01-05 20:12:00,1.0,2.0,4
TKT009458,CU00504,AG001,Email,Billing,2025-09-14 14:54:00,84.2,5.5,5
TKT009459,CU03805,AG004,Email,Billing,2025-07-29 10:01:00,137.5,9.5,3
TKT009460,CU01453,AG037,Email,Technical Issue,2025-10-17 09:54:00,326.5,62.9,4
TKT009461,CU00442,AG032,Chat,Technical Issue,2025-08-01 21:13:00,1.0,6.1,4
TKT009462,CU00894,AG025,Chat,Refund,2025-02-15 14:48:00,7.1,3.6,5
TKT009463,CU00084,AG013,Phone,Refund,2025-05-30 14:51:00,5.1,47.9,4
TKT009464,CU02125,AG017,Social Media,Technical Issue,2025-12-27 03:55:00,116.8,1.2,4
TKT009465,CU02364,AG016,Chat,Technical Issue,2025-10-28 20:57:00,2.8,6.7,5
TKT009466,CU01514,AG018,Web Form,Technical Issue,2025-05-09 12:30:00,24.1,4.2,3
TKT009467,CU02977,AG026,Chat,Delivery,2025-12-06 23:33:00,1.4,5.2,4
TKT009468,CU01922,AG031,Email,Technical Issue,2025-01-03 08:01:00,75.8,1.5,5
TKT009469,CU03840,AG016,Web Form,Delivery,2025-07-14 10:49:00,74.5,8.2,5
TKT009470,CU03053,AG034,Chat,Technical Issue,2025-10-10 09:34:00,1.2,19.7,4
TKT009471,CU00302,AG004,Web Form,Delivery,2025-09-03 11:02:00,46.3,10.6,5
TKT009472,CU01097,AG033,Web Form,Refund,2025-03-07 22:20:00,36.1,3.3,4
TKT009473,CU03017,AG028,Social Media,Technical Issue,2025-02-23 11:51:00,186.9,0.9,4
TKT009474,CU02150,AG021,Email,Refund,2025-09-29 18:23:00,94.8,31.6,2
TKT009475,CU03013,AG016,Chat,Product Inquiry,2025-12-31 16:17:00,1.0,12.1,3
TKT009476,CU01341,AG015,Chat,Account Access,2025-10-06 10:16:00,2.5,8.1,2
TKT009477,CU00153,AG015,Chat,Billing,2025-11-10 14:10:00,1.8,5.0,3
TKT009478,CU03140,AG038,Chat,Account Access,2025-11-29 18:32:00,4.1,11.7,5
TKT009479,CU03141,AG002,Chat,Billing,2025-12-13 14:16:00,2.2,6.5,3
TKT009480,CU02559,AG026,Web Form,Product Inquiry,2025-10-16 09:35:00,60.5,4.8,4
TKT009481,CU01618,AG040,Chat,Account Access,2025-10-11 18:29:00,3.1,10.3,3
TKT009482,CU00035,AG022,Chat,Refund,2025-10-16 14:39:00,2.4,13.7,5
TKT009483,CU02912,AG026,Chat,Account Access,2025-04-28 22:35:00,2.9,71.0,1
TKT009484,CU02641,AG024,Chat,Billing,2025-07-17 15:03:00,2.8,2.8,3
TKT009485,CU02671,AG021,Phone,Account Access,2025-03-22 12:00:00,3.2,70.3,2
TKT009486,CU00681,AG026,Chat,Refund,2025-07-13 12:18:00,1.0,7.0,5
TKT009487,CU02925,AG037,Social Media,Billing,2025-07-06 19:20:00,77.3,5.4,5
TKT009488,CU02898,AG029,Chat,Billing,2025-01-25 22:27:00,1.0,12.9,1
TKT009489,CU03430,AG034,Chat,Product Inquiry,2025-01-31 11:42:00,1.3,30.4,3
TKT009490,CU02270,AG023,Email,Billing,2025-12-14 08:58:00,106.7,7.2,4
TKT009491,CU02927,AG031,Chat,Refund,2025-07-21 04:45:00,3.9,43.9,4
TKT009492,CU01606,AG036,Email,Technical Issue,2025-01-12 10:21:00,122.0,64.8,1
TKT009493,CU02787,AG009,Email,Refund,2025-05-16 10:14:00,347.8,11.0,5
TKT009494,CU02777,AG035,Chat,Delivery,2025-11-22 12:21:00,2.5,18.7,3
TKT009495,CU03119,AG028,Phone,Technical Issue,2025-09-23 08:14:00,1.5,6.5,5
TKT009496,CU03427,AG018,Email,Technical Issue,2025-10-28 13:33:00,249.2,3.9,5
TKT009497,CU00013,AG031,Web Form,Billing,2025-08-17 20:40:00,92.5,11.7,4
TKT009498,CU03115,AG007,Email,Delivery,2025-09-13 09:15:00,52.7,69.5,3
TKT009499,CU03170,AG028,Email,Billing,2025-03-31 15:36:00,197.7,48.1,1
TKT009500,CU02182,AG024,Email,Billing,2025-11-04 04:22:00,293.6,58.6,3
TKT009501,CU02079,AG036,Email,Account Access,2025-09-25 15:29:00,40.8,9.4,5
TKT009502,CU02891,AG025,Chat,Product Inquiry,2025-03-29 20:14:00,1.0,44.2,5
TKT009503,CU01822,AG022,Email,Technical Issue,2025-04-24 10:32:00,223.8,38.9,2
TKT009504,CU01656,AG021,Chat,Delivery,2025-10-07 17:05:00,1.7,5.1,3
TKT009505,CU03214,AG023,Social Media,Product Inquiry,2025-04-01 06:29:00,193.0,3.8,4
TKT009506,CU03157,AG036,Web Form,Account Access,2025-09-02 11:26:00,88.1,56.6,4
TKT009507,CU00828,AG032,Email,Product Inquiry,2025-06-02 00:24:00,210.9,71.8,5
TKT009508,CU03317,AG004,Email,Account Access,2025-04-15 11:54:00,254.1,12.8,3
TKT009509,CU01306,AG022,Social Media,Delivery,2025-02-27 10:47:00,54.8,12.8,4
TKT009510,CU00550,AG012,Email,Refund,2025-09-21 15:34:00,112.8,6.9,4
TKT009511,CU03514,AG007,Social Media,Technical Issue,2025-04-29 10:53:00,250.8,3.2,1
TKT009512,CU00953,AG035,Phone,Account Access,2025-07-23 18:39:00,3.2,37.6,1
TKT009513,CU00812,AG035,Chat,Delivery,2025-04-05 10:38:00,3.5,2.2,5
TKT009514,CU01080,AG038,Chat,Technical Issue,2025-02-23 09:28:00,1.7,1.9,2
TKT009515,CU01967,AG016,Web Form,Billing,2025-01-08 13:16:00,34.5,3.4,2
TKT009516,CU00665,AG018,Chat,Delivery,2025-12-09 15:17:00,1.1,8.3,5
TKT009517,CU00639,AG032,Chat,Technical Issue,2025-04-20 19:58:00,2.6,1.6,3
TKT009518,CU01571,AG008,Chat,Billing,2025-07-30 17:40:00,3.9,8.9,5
TKT009519,CU00872,AG003,Email,Technical Issue,2025-06-20 13:05:00,175.1,37.0,1
TKT009520,CU00773,AG017,Web Form,Technical Issue,2025-05-16 22:14:00,60.5,7.3,5
TKT009521,CU03649,AG026,Web Form,Account Access,2025-10-30 10:57:00,28.0,5.8,3
TKT009522,CU02383,AG019,Chat,Technical Issue,2025-11-29 23:12:00,1.9,52.9,3
TKT009523,CU00056,AG009,Chat,Billing,2025-03-07 11:33:00,2.1,5.3,4
TKT009524,CU00407,AG021,Email,Technical Issue,2025-01-12 09:21:00,82.5,1.6,5
TKT009525,CU03256,AG038,Chat,Product Inquiry,2025-04-30 11:42:00,2.4,16.2,3
TKT009526,CU01080,AG011,Chat,Refund,2025-02-07 14:51:00,1.3,4.2,5
TKT009527,CU00610,AG017,Chat,Technical Issue,2025-01-11 12:25:00,1.5,4.4,4
TKT009528,CU02663,AG013,Chat,Technical Issue,2025-10-21 05:00:00,2.9,47.2,5
TKT009529,CU03353,AG012,Phone,Technical Issue,2025-01-28 11:21:00,9.2,18.3,3
TKT009530,CU01595,AG027,Email,Technical Issue,2025-01-26 13:01:00,307.5,10.8,5
TKT009531,CU02972,AG015,Email,Delivery,2025-05-10 15:13:00,123.9,6.9,4
TKT009532,CU01686,AG025,Web Form,Account Access,2025-07-27 21:23:00,71.2,5.8,4
TKT009533,CU00436,AG001,Email,Account Access,2025-07-02 21:06:00,190.0,4.3,4
TKT009534,CU03192,AG027,Email,Refund,2025-09-30 13:02:00,189.4,7.8,4
TKT009535,CU03676,AG005,Email,Refund,2025-10-01 14:18:00,143.8,3.7,5
TKT009536,CU03939,AG016,Chat,Billing,2025-01-07 16:01:00,3.9,5.6,4
TKT009537,CU00401,AG035,Phone,Delivery,2025-10-06 18:15:00,2.7,13.4,5
TKT009538,CU02261,AG014,Web Form,Billing,2025-01-16 16:07:00,28.1,5.2,5
TKT009539,CU02494,AG028,Phone,Delivery,2025-11-30 16:32:00,4.7,8.2,5
TKT009540,CU00317,AG015,Chat,Technical Issue,2025-04-22 12:47:00,1.6,4.5,4
TKT009541,CU03807,AG037,Chat,Billing,2025-11-28 18:51:00,5.5,4.2,3
TKT009542,CU00412,AG039,Phone,Technical Issue,2025-12-31 15:37:00,3.0,12.7,5
TKT009543,CU01075,AG037,Email,Technical Issue,2025-02-07 08:05:00,237.2,9.6,4
TKT009544,CU03875,AG016,Social Media,Billing,2025-05-20 14:04:00,112.0,11.8,5
TKT009545,CU02225,AG013,Email,Delivery,2025-02-10 10:44:00,62.2,7.8,5
TKT009546,CU02717,AG025,Phone,Billing,2025-12-20 09:44:00,5.3,6.2,5
TKT009547,CU01975,AG033,Chat,Product Inquiry,2025-07-01 15:16:00,1.3,1.2,5
TKT009548,CU03010,AG021,Phone,Billing,2025-11-02 15:59:00,14.4,2.7,5
TKT009549,CU00326,AG030,Web Form,Product Inquiry,2025-08-04 21:38:00,34.2,2.3,4
TKT009550,CU02704,AG036,Social Media,Technical Issue,2025-11-06 22:26:00,52.0,32.1,3
TKT009551,CU00267,AG031,Phone,Billing,2025-08-07 11:37:00,1.2,7.0,5
TKT009552,CU00719,AG015,Phone,Technical Issue,2025-01-18 08:01:00,2.5,2.4,2
TKT009553,CU02025,AG010,Chat,Technical Issue,2025-06-27 08:44:00,2.9,2.0,4
TKT009554,CU01794,AG018,Chat,Technical Issue,2025-08-28 21:13:00,1.1,4.5,5
TKT009555,CU00611,AG024,Email,Delivery,2025-12-25 11:00:00,178.4,1.7,5
TKT009556,CU03193,AG034,Phone,Technical Issue,2025-10-31 10:37:00,4.4,13.1,4
TKT009557,CU01208,AG013,Phone,Technical Issue,2025-07-05 15:00:00,2.2,51.4,3
TKT009558,CU03466,AG007,Chat,Technical Issue,2025-10-22 05:01:00,1.8,34.2,2
TKT009559,CU00060,AG013,Social Media,Delivery,2025-12-08 15:10:00,51.5,3.2,1
TKT009560,CU00950,AG024,Chat,Billing,2025-11-16 19:57:00,3.1,62.9,1
TKT009561,CU01188,AG010,Phone,Technical Issue,2025-12-27 16:58:00,1.4,54.8,3
TKT009562,CU02384,AG016,Email,Technical Issue,2025-05-12 12:25:00,201.6,43.3,4
TKT009563,CU01605,AG011,Chat,Delivery,2025-06-12 07:20:00,1.3,15.5,5
TKT009564,CU00629,AG040,Email,Delivery,2025-01-06 09:25:00,143.3,2.0,5
TKT009565,CU02285,AG021,Email,Billing,2025-02-18 09:37:00,173.7,6.5,1
TKT009566,CU03834,AG029,Chat,Account Access,2025-10-26 11:34:00,2.1,6.8,4
TKT009567,CU00535,AG021,Social Media,Technical Issue,2025-04-29 08:18:00,268.6,5.6,3
TKT009568,CU01009,AG001,Chat,Account Access,2025-06-10 14:15:00,1.5,12.0,4
TKT009569,CU01914,AG011,Chat,Delivery,2025-05-11 11:29:00,1.0,9.2,5
TKT009570,CU02907,AG034,Web Form,Delivery,2025-12-05 13:17:00,174.5,3.9,5
TKT009571,CU00547,AG021,Phone,Billing,2025-11-21 10:26:00,4.7,42.4,5
TKT009572,CU00925,AG029,Phone,Delivery,2025-09-27 12:01:00,4.2,3.7,3
TKT009573,CU00941,AG031,Social Media,Account Access,2025-12-18 16:11:00,296.8,1.7,4
TKT009574,CU02465,AG023,Email,Delivery,2025-07-19 07:58:00,65.6,15.1,4
TKT009575,CU00330,AG024,Email,Delivery,2025-03-03 13:21:00,128.8,18.0,4
TKT009576,CU02638,AG010,Email,Delivery,2025-08-20 14:26:00,74.2,2.1,5
TKT009577,CU01702,AG010,Chat,Technical Issue,2025-01-08 15:11:00,1.8,6.1,5
TKT009578,CU01314,AG006,Chat,Billing,2025-06-03 20:52:00,1.0,11.9,2
TKT009579,CU03449,AG012,Web Form,Technical Issue,2025-10-31 17:16:00,55.8,48.8,5
TKT009580,CU03276,AG026,Email,Billing,2025-03-07 16:17:00,136.4,69.0,2
TKT009581,CU03212,AG038,Phone,Billing,2025-07-23 18:25:00,3.8,7.1,4
TKT009582,CU03542,AG018,Email,Delivery,2025-10-11 19:48:00,38.8,7.8,5
TKT009583,CU00936,AG025,Phone,Account Access,2025-10-02 18:47:00,5.9,5.8,5
TKT009584,CU03421,AG035,Chat,Account Access,2025-08-05 14:10:00,1.7,11.4,5
TKT009585,CU00704,AG028,Chat,Delivery,2025-05-02 18:11:00,8.2,39.6,5
TKT009586,CU01324,AG011,Chat,Billing,2025-03-30 10:15:00,1.5,65.0,2
TKT009587,CU02223,AG012,Email,Technical Issue,2025-02-27 21:11:00,95.6,18.0,4
TKT009588,CU02978,AG026,Web Form,Technical Issue,2025-09-26 08:30:00,58.2,46.3,2
TKT009589,CU02311,AG012,Email,Delivery,2025-04-07 09:14:00,68.9,7.5,3
TKT009590,CU02238,AG010,Chat,Technical Issue,2025-08-26 08:04:00,3.8,4.9,4
TKT009591,CU01506,AG024,Chat,Billing,2025-01-18 17:47:00,1.2,7.3,2
TKT009592,CU02371,AG026,Chat,Billing,2025-04-17 12:20:00,1.2,2.5,3
TKT009593,CU01901,AG011,Web Form,Account Access,2025-05-21 16:14:00,84.9,2.3,4
TKT009594,CU01910,AG002,Phone,Product Inquiry,2025-10-10 13:08:00,4.5,6.4,4
TKT009595,CU02343,AG031,Chat,Refund,2025-02-06 11:49:00,2.2,50.6,1
TKT009596,CU02402,AG016,Chat,Technical Issue,2025-06-21 19:36:00,1.0,1.0,3
TKT009597,CU01320,AG026,Email,Account Access,2025-06-19 12:19:00,238.9,7.2,5
TKT009598,CU00543,AG007,Chat,Technical Issue,2025-04-28 14:49:00,1.1,60.9,5
TKT009599,CU01199,AG013,Social Media,Refund,2025-10-19 18:18:00,34.8,1.4,5
TKT009600,CU01636,AG025,Chat,Billing,2025-12-24 09:14:00,2.5,2.2,4
TKT009601,CU00644,AG005,Chat,Technical Issue,2025-01-18 11:22:00,1.8,2.0,4
TKT009602,CU00711,AG013,Phone,Account Access,2025-12-07 08:02:00,3.5,5.7,5
TKT009603,CU03804,AG029,Chat,Billing,2025-11-24 14:26:00,2.9,59.5,2
TKT009604,CU01121,AG031,Email,Product Inquiry,2025-11-04 17:45:00,117.4,7.3,5
TKT009605,CU02956,AG015,Chat,Technical Issue,2025-02-14 05:25:00,1.0,4.3,5
TKT009606,CU00512,AG005,Chat,Product Inquiry,2025-05-22 06:34:00,1.7,18.4,3
TKT009607,CU03890,AG002,Social Media,Technical Issue,2025-08-28 16:23:00,105.4,0.7,5
TKT009608,CU00850,AG023,Chat,Technical Issue,2025-03-16 16:49:00,2.2,3.7,3
TKT009609,CU01576,AG028,Phone,Delivery,2025-03-29 11:59:00,3.6,0.6,4
TKT009610,CU03128,AG024,Chat,Account Access,2025-07-25 11:32:00,7.5,5.1,4
TKT009611,CU00806,AG017,Phone,Product Inquiry,2025-11-05 10:41:00,10.0,3.6,2
TKT009612,CU02200,AG001,Chat,Account Access,2025-03-01 06:36:00,1.0,11.8,4
TKT009613,CU03143,AG010,Social Media,Account Access,2025-01-04 13:52:00,42.4,47.4,3
TKT009614,CU00095,AG002,Chat,Technical Issue,2025-12-30 14:54:00,4.1,2.2,4
TKT009615,CU00102,AG019,Phone,Product Inquiry,2025-06-03 18:53:00,7.2,3.5,4
TKT009616,CU03155,AG013,Email,Delivery,2025-01-28 13:04:00,315.9,6.0,4
TKT009617,CU01051,AG003,Chat,Account Access,2025-12-18 08:25:00,1.6,4.5,5
TKT009618,CU03638,AG025,Chat,Refund,2025-04-10 10:30:00,1.8,28.8,2
TKT009619,CU03710,AG015,Chat,Technical Issue,2025-02-11 17:46:00,1.0,30.6,2
TKT009620,CU03522,AG039,Email,Refund,2025-09-02 14:33:00,151.5,3.3,4
TKT009621,CU03988,AG017,Chat,Account Access,2025-10-05 17:28:00,1.4,2.7,5
TKT009622,CU03293,AG004,Email,Refund,2025-02-16 11:31:00,91.1,6.3,5
TKT009623,CU01534,AG029,Phone,Delivery,2025-09-23 06:35:00,6.6,10.0,5
TKT009624,CU03969,AG029,Email,Billing,2025-05-18 19:36:00,128.5,0.9,3
TKT009625,CU01384,AG038,Email,Delivery,2025-04-27 11:44:00,220.4,6.1,4
TKT009626,CU02346,AG028,Social Media,Delivery,2025-09-01 06:24:00,84.8,4.1,4
TKT009627,CU00023,AG015,Email,Technical Issue,2025-01-23 14:34:00,189.3,52.3,2
TKT009628,CU03851,AG027,Email,Delivery,2025-03-03 16:07:00,68.0,39.6,3
TKT009629,CU02368,AG032,Web Form,Account Access,2025-11-01 13:30:00,32.0,3.3,4
TKT009630,CU03796,AG021,Chat,Refund,2025-12-26 14:22:00,2.6,11.2,5
TKT009631,CU01412,AG032,Social Media,Refund,2025-11-27 12:00:00,228.3,15.9,4
TKT009632,CU01253,AG039,Chat,Technical Issue,2025-10-13 17:12:00,2.6,25.3,2
TKT009633,CU02090,AG031,Social Media,Technical Issue,2025-02-16 17:58:00,90.8,5.4,2
TKT009634,CU03454,AG021,Email,Technical Issue,2025-04-23 16:32:00,319.9,3.9,3
TKT009635,CU02196,AG020,Phone,Delivery,2025-11-06 02:02:00,3.5,3.5,5
TKT009636,CU03170,AG034,Web Form,Refund,2025-09-18 13:53:00,35.5,64.2,3
TKT009637,CU00858,AG035,Email,Delivery,2025-11-01 17:07:00,140.5,4.2,5
TKT009638,CU03104,AG011,Chat,Refund,2025-05-30 09:37:00,2.5,14.3,4
TKT009639,CU02930,AG001,Email,Account Access,2025-07-30 09:02:00,69.8,40.2,3
TKT009640,CU03586,AG033,Email,Account Access,2025-09-26 19:50:00,150.3,14.0,4
TKT009641,CU00231,AG010,Web Form,Product Inquiry,2025-10-13 18:37:00,21.3,57.7,2
TKT009642,CU01537,AG040,Email,Technical Issue,2025-09-22 22:51:00,118.7,9.6,5
TKT009643,CU00355,AG002,Phone,Billing,2025-01-15 13:18:00,3.7,6.4,4
TKT009644,CU01601,AG037,Phone,Billing,2025-03-15 07:53:00,3.9,9.7,5
TKT009645,CU03036,AG028,Chat,Technical Issue,2025-07-01 00:53:00,1.0,2.6,4
TKT009646,CU02561,AG013,Web Form,Account Access,2025-09-13 16:28:00,58.1,1.7,3
TKT009647,CU03012,AG002,Email,Technical Issue,2025-12-19 17:35:00,226.4,2.7,2
TKT009648,CU02952,AG034,Phone,Billing,2025-04-20 12:22:00,8.7,3.1,5
TKT009649,CU03969,AG005,Web Form,Technical Issue,2025-10-10 12:46:00,122.3,51.8,3
TKT009650,CU03519,AG004,Email,Billing,2025-08-31 18:38:00,142.0,12.4,3
TKT009651,CU02345,AG032,Phone,Technical Issue,2025-04-08 08:08:00,15.6,62.3,2
TKT009652,CU03504,AG028,Chat,Product Inquiry,2025-03-05 06:24:00,1.3,2.8,4
TKT009653,CU00192,AG006,Chat,Account Access,2025-08-16 21:24:00,1.3,4.6,5
TKT009654,CU02886,AG014,Email,Refund,2025-04-30 14:26:00,141.4,60.6,2
TKT009655,CU02089,AG027,Chat,Account Access,2025-03-19 17:37:00,3.2,0.4,5
TKT009656,CU03828,AG027,Chat,Technical Issue,2025-03-21 21:16:00,2.8,9.7,4
TKT009657,CU02016,AG015,Chat,Delivery,2025-03-23 17:11:00,1.0,8.3,3
TKT009658,CU00715,AG017,Email,Technical Issue,2025-02-03 12:27:00,82.4,51.2,4
TKT009659,CU02897,AG004,Email,Billing,2025-03-11 15:22:00,213.5,4.1,5
TKT009660,CU03802,AG001,Email,Account Access,2025-12-23 15:54:00,85.9,10.5,3
TKT009661,CU00065,AG039,Email,Delivery,2025-03-11 20:45:00,130.4,61.0,4
TKT009662,CU00257,AG010,Chat,Product Inquiry,2025-05-30 08:14:00,2.4,6.3,3
TKT009663,CU02646,AG038,Social Media,Technical Issue,2025-07-02 16:40:00,117.4,12.2,5
TKT009664,CU02223,AG002,Phone,Delivery,2025-09-14 18:36:00,6.4,4.6,5
TKT009665,CU02195,AG040,Chat,Account Access,2025-04-24 11:54:00,4.0,1.2,1
TKT009666,CU00361,AG018,Chat,Delivery,2025-10-29 16:44:00,2.8,11.0,3
TKT009667,CU02289,AG033,Email,Product Inquiry,2025-10-11 09:33:00,71.3,1.5,4
TKT009668,CU02273,AG034,Social Media,Account Access,2025-07-05 07:15:00,124.3,4.8,5
TKT009669,CU03398,AG015,Chat,Billing,2025-11-23 02:12:00,3.6,1.4,5
TKT009670,CU01561,AG030,Chat,Refund,2025-05-08 13:22:00,2.6,48.4,2
TKT009671,CU01392,AG014,Web Form,Account Access,2025-06-27 05:52:00,111.8,6.9,4
TKT009672,CU00327,AG032,Chat,Refund,2025-08-07 14:53:00,2.3,9.6,5
TKT009673,CU02268,AG039,Email,Account Access,2025-03-11 11:57:00,130.6,11.2,5
TKT009674,CU02593,AG033,Chat,Product Inquiry,2025-01-30 00:58:00,1.3,11.6,4
TKT009675,CU01123,AG030,Email,Technical Issue,2025-12-31 09:29:00,428.6,27.9,3
TKT009676,CU02925,AG015,Chat,Delivery,2025-01-18 16:36:00,1.1,5.2,5
TKT009677,CU03753,AG005,Chat,Billing,2025-01-18 11:05:00,2.0,11.9,4
TKT009678,CU00697,AG021,Chat,Delivery,2025-02-07 16:09:00,1.6,3.4,4
TKT009679,CU02291,AG006,Chat,Product Inquiry,2025-07-20 17:15:00,1.0,0.9,5
TKT009680,CU02778,AG021,Chat,Delivery,2025-04-08 17:10:00,3.3,37.0,5
TKT009681,CU00074,AG035,Chat,Delivery,2025-03-22 15:45:00,2.6,1.7,5
TKT009682,CU00717,AG005,Email,Technical Issue,2025-11-11 16:50:00,160.1,56.6,4
TKT009683,CU01583,AG037,Web Form,Technical Issue,2025-12-09 14:00:00,38.9,2.4,5
TKT009684,CU00550,AG024,Web Form,Account Access,2025-11-16 12:41:00,75.0,3.0,4
TKT009685,CU01423,AG002,Chat,Billing,2025-04-29 06:17:00,1.7,7.8,5
TKT009686,CU00590,AG029,Phone,Technical Issue,2025-02-01 22:29:00,5.2,68.7,3
TKT009687,CU03587,AG001,Chat,Delivery,2025-12-16 18:22:00,4.4,9.3,3
TKT009688,CU02397,AG025,Email,Delivery,2025-07-19 15:09:00,36.5,2.6,5
TKT009689,CU01317,AG021,Phone,Technical Issue,2025-12-22 15:47:00,6.9,3.9,5
TKT009690,CU03116,AG030,Chat,Technical Issue,2025-03-03 14:18:00,7.4,0.7,5
TKT009691,CU00074,AG016,Chat,Billing,2025-12-11 07:26:00,5.2,4.6,5
TKT009692,CU02388,AG005,Phone,Delivery,2025-04-24 10:35:00,6.1,7.1,5
TKT009693,CU02734,AG016,Email,Product Inquiry,2025-10-17 10:31:00,274.4,10.3,5
TKT009694,CU03238,AG031,Email,Billing,2025-02-10 17:11:00,87.7,43.2,1
TKT009695,CU00890,AG039,Chat,Technical Issue,2025-09-28 14:40:00,2.3,10.4,2
TKT009696,CU02366,AG009,Chat,Refund,2025-06-22 11:09:00,1.8,2.9,4
TKT009697,CU03071,AG015,Email,Technical Issue,2025-12-14 10:47:00,108.3,57.6,2
TKT009698,CU03190,AG036,Social Media,Delivery,2025-02-23 18:38:00,155.0,10.2,4
TKT009699,CU00703,AG013,Web Form,Billing,2025-03-23 17:20:00,49.3,14.3,4
TKT009700,CU03907,AG010,Chat,Product Inquiry,2025-08-21 17:21:00,1.0,23.6,4
TKT009701,CU01096,AG034,Chat,Delivery,2025-10-23 11:10:00,2.5,3.3,5
TKT009702,CU01564,AG020,Email,Technical Issue,2025-11-21 13:26:00,137.9,69.8,3
TKT009703,CU00769,AG024,Web Form,Billing,2025-02-11 14:10:00,80.5,29.2,2
TKT009704,CU00600,AG020,Phone,Technical Issue,2025-01-03 08:30:00,3.2,34.4,4
TKT009705,CU01022,AG025,Phone,Billing,2025-05-13 11:09:00,1.6,7.3,5
TKT009706,CU00542,AG011,Chat,Billing,2025-02-05 13:53:00,1.2,8.6,5
TKT009707,CU02932,AG030,Web Form,Account Access,2025-05-27 15:06:00,33.2,4.4,5
TKT009708,CU02390,AG015,Phone,Refund,2025-06-24 12:43:00,2.3,2.6,3
TKT009709,CU01561,AG021,Chat,Technical Issue,2025-12-30 08:26:00,1.5,36.1,5
TKT009710,CU02189,AG008,Email,Billing,2025-01-13 12:20:00,208.9,2.6,5
TKT009711,CU02417,AG001,Email,Refund,2025-04-28 13:10:00,65.5,70.1,1
TKT009712,CU00737,AG023,Chat,Billing,2025-05-04 15:38:00,3.3,8.7,4
TKT009713,CU01188,AG006,Social Media,Account Access,2025-07-22 18:46:00,44.8,7.0,3
TKT009714,CU03529,AG037,Chat,Delivery,2025-04-27 09:38:00,1.6,9.5,5
TKT009715,CU00049,AG039,Phone,Delivery,2025-08-20 14:00:00,3.9,3.1,5
TKT009716,CU03827,AG013,Email,Account Access,2025-11-06 12:49:00,118.7,4.8,3
TKT009717,CU03858,AG012,Phone,Product Inquiry,2025-09-05 15:57:00,5.6,3.6,5
TKT009718,CU01013,AG021,Email,Technical Issue,2025-08-30 19:42:00,131.9,5.7,5
TKT009719,CU01283,AG009,Email,Technical Issue,2025-02-13 13:00:00,128.4,63.1,4
TKT009720,CU00828,AG035,Web Form,Billing,2025-11-20 18:30:00,14.9,4.8,4
TKT009721,CU02243,AG005,Email,Technical Issue,2025-07-24 00:19:00,174.5,44.4,1
TKT009722,CU00856,AG019,Email,Technical Issue,2025-03-02 19:39:00,393.4,13.4,1
TKT009723,CU03163,AG008,Email,Technical Issue,2025-08-20 17:45:00,106.8,4.0,4
TKT009724,CU01550,AG034,Chat,Delivery,2025-06-27 08:53:00,2.9,6.6,4
TKT009725,CU03870,AG006,Web Form,Billing,2025-11-26 15:52:00,35.0,12.8,4
TKT009726,CU03413,AG018,Chat,Refund,2025-08-25 13:57:00,3.4,48.7,4
TKT009727,CU01606,AG034,Chat,Technical Issue,2025-12-16 21:05:00,2.7,26.5,5
TKT009728,CU02384,AG018,Chat,Delivery,2025-12-22 10:07:00,1.6,7.6,1
TKT009729,CU00098,AG008,Email,Technical Issue,2025-03-27 14:48:00,110.4,69.3,4
TKT009730,CU00271,AG007,Email,Technical Issue,2025-04-17 13:42:00,199.7,25.4,4
TKT009731,CU02025,AG025,Email,Delivery,2025-03-18 09:45:00,143.2,12.1,4
TKT009732,CU01892,AG005,Chat,Technical Issue,2025-03-26 17:14:00,1.0,48.4,3
TKT009733,CU01594,AG015,Email,Delivery,2025-09-07 16:27:00,60.4,7.0,5
TKT009734,CU00362,AG025,Email,Delivery,2025-12-13 14:38:00,193.5,6.2,5
TKT009735,CU03360,AG016,Email,Delivery,2025-06-28 20:37:00,92.0,37.4,4
TKT009736,CU01625,AG034,Email,Account Access,2025-10-23 20:51:00,142.7,42.9,4
TKT009737,CU01881,AG028,Phone,Refund,2025-09-29 17:22:00,5.5,3.5,4
TKT009738,CU01615,AG006,Chat,Technical Issue,2025-04-06 08:50:00,1.0,3.8,5
TKT009739,CU01990,AG033,Chat,Product Inquiry,2025-11-06 19:18:00,1.1,4.7,3
TKT009740,CU02594,AG037,Chat,Technical Issue,2025-06-24 10:45:00,4.9,4.8,5
TKT009741,CU03056,AG009,Chat,Account Access,2025-01-04 14:01:00,1.6,0.7,3
TKT009742,CU02198,AG015,Chat,Product Inquiry,2025-09-19 22:12:00,3.5,8.0,3
TKT009743,CU00664,AG016,Email,Technical Issue,2025-11-17 09:00:00,555.9,1.8,2
TKT009744,CU03500,AG018,Email,Refund,2025-03-31 09:12:00,159.7,6.3,2
TKT009745,CU01139,AG019,Chat,Account Access,2025-04-07 18:31:00,1.2,33.0,2
TKT009746,CU00066,AG036,Social Media,Refund,2025-09-25 01:52:00,96.5,6.4,4
TKT009747,CU00157,AG027,Email,Technical Issue,2025-12-20 08:00:00,126.2,58.7,3
TKT009748,CU03096,AG036,Email,Account Access,2025-04-05 10:35:00,145.3,34.1,2
TKT009749,CU01548,AG015,Web Form,Technical Issue,2025-06-07 16:07:00,81.6,5.9,4
TKT009750,CU00091,AG021,Chat,Technical Issue,2025-09-05 13:10:00,3.2,5.7,4
TKT009751,CU03246,AG005,Phone,Delivery,2025-11-08 11:05:00,1.3,2.1,5
TKT009752,CU01218,AG012,Phone,Delivery,2025-01-13 20:35:00,7.7,12.7,4
TKT009753,CU03912,AG024,Phone,Delivery,2025-03-14 16:37:00,4.6,2.2,4
TKT009754,CU03519,AG007,Web Form,Delivery,2025-11-23 15:16:00,40.1,50.1,5
TKT009755,CU00193,AG039,Email,Refund,2025-07-11 10:40:00,209.6,3.7,5
TKT009756,CU02762,AG011,Email,Billing,2025-10-04 18:24:00,78.6,40.7,2
TKT009757,CU02413,AG007,Social Media,Billing,2025-01-24 09:45:00,51.8,6.3,5
TKT009758,CU00688,AG032,Email,Delivery,2025-02-03 20:31:00,250.7,12.2,5
TKT009759,CU01373,AG004,Phone,Delivery,2025-09-26 09:58:00,4.2,7.3,4
TKT009760,CU01964,AG013,Email,Technical Issue,2025-05-18 17:40:00,331.6,31.4,4
TKT009761,CU00585,AG008,Email,Billing,2025-12-10 19:58:00,96.0,46.7,2
TKT009762,CU02888,AG028,Phone,Technical Issue,2025-06-07 09:54:00,4.7,1.1,4
TKT009763,CU01110,AG034,Phone,Delivery,2025-11-04 09:12:00,4.9,8.5,4
TKT009764,CU03750,AG008,Phone,Technical Issue,2025-07-18 06:20:00,5.0,3.2,4
TKT009765,CU03207,AG017,Chat,Delivery,2025-09-06 10:21:00,2.8,1.3,4
TKT009766,CU02538,AG020,Email,Delivery,2025-08-27 13:36:00,180.3,8.1,4
TKT009767,CU00480,AG028,Chat,Product Inquiry,2025-02-13 07:33:00,2.0,7.3,4
TKT009768,CU00099,AG015,Email,Billing,2025-10-17 08:28:00,48.1,15.9,4
TKT009769,CU00584,AG021,Social Media,Refund,2025-12-26 12:02:00,144.8,35.0,1
TKT009770,CU01999,AG021,Email,Delivery,2025-05-22 08:26:00,37.9,5.0,4
TKT009771,CU03126,AG001,Phone,Technical Issue,2025-05-06 17:11:00,2.0,29.4,2
TKT009772,CU00612,AG023,Phone,Billing,2025-08-06 10:56:00,2.7,15.9,3
TKT009773,CU02830,AG023,Email,Billing,2025-08-19 05:51:00,230.1,11.4,4
TKT009774,CU00192,AG040,Email,Technical Issue,2025-05-20 08:10:00,123.9,2.3,5
TKT009775,CU01063,AG021,Chat,Billing,2025-04-10 10:24:00,5.6,4.4,3
TKT009776,CU02395,AG036,Social Media,Technical Issue,2025-12-21 08:38:00,42.0,51.8,2
TKT009777,CU03314,AG014,Email,Refund,2025-10-29 09:29:00,76.5,5.5,5
TKT009778,CU03108,AG028,Email,Billing,2025-07-28 09:10:00,40.6,49.2,2
TKT009779,CU02131,AG037,Web Form,Technical Issue,2025-05-19 12:44:00,29.3,26.1,3
TKT009780,CU00145,AG007,Email,Account Access,2025-05-09 13:54:00,98.9,36.3,3
TKT009781,CU01174,AG023,Social Media,Refund,2025-05-23 15:48:00,201.4,70.6,4
TKT009782,CU03135,AG037,Email,Product Inquiry,2025-08-05 19:21:00,248.8,4.6,3
TKT009783,CU00325,AG023,Email,Product Inquiry,2025-01-02 15:51:00,159.6,9.3,4
TKT009784,CU02826,AG036,Chat,Refund,2025-08-28 09:52:00,1.7,12.6,2
TKT009785,CU02816,AG017,Chat,Billing,2025-07-29 12:53:00,3.0,3.5,5
TKT009786,CU03008,AG036,Phone,Account Access,2025-02-22 16:49:00,8.1,37.1,2
TKT009787,CU00869,AG026,Chat,Billing,2025-04-02 14:17:00,1.4,5.6,3
TKT009788,CU00979,AG020,Chat,Product Inquiry,2025-04-12 08:30:00,1.5,34.1,2
TKT009789,CU00795,AG009,Email,Technical Issue,2025-12-03 17:38:00,110.4,53.4,1
TKT009790,CU01575,AG007,Chat,Account Access,2025-12-08 09:48:00,1.0,2.4,5
TKT009791,CU02096,AG012,Social Media,Technical Issue,2025-10-13 10:06:00,175.2,63.2,4
TKT009792,CU00480,AG031,Email,Refund,2025-09-06 16:04:00,101.6,44.6,2
TKT009793,CU02270,AG019,Phone,Billing,2025-12-14 21:58:00,3.4,4.9,4
TKT009794,CU00956,AG016,Chat,Refund,2025-09-26 19:41:00,4.5,12.3,4
TKT009795,CU02249,AG019,Social Media,Product Inquiry,2025-05-23 21:16:00,66.9,45.3,4
TKT009796,CU01212,AG014,Phone,Technical Issue,2025-05-11 11:59:00,8.0,11.7,5
TKT009797,CU03819,AG033,Phone,Delivery,2025-08-30 12:23:00,1.5,4.4,5
TKT009798,CU01278,AG016,Email,Billing,2025-05-30 08:37:00,190.6,13.6,3
TKT009799,CU03486,AG019,Email,Billing,2025-06-14 12:55:00,109.6,31.2,4
TKT009800,CU00701,AG023,Chat,Billing,2025-12-21 17:51:00,1.0,11.4,5
TKT009801,CU00340,AG026,Web Form,Delivery,2025-11-28 06:37:00,29.5,1.3,4
TKT009802,CU00755,AG014,Chat,Billing,2025-08-10 10:33:00,2.2,55.8,3
TKT009803,CU01678,AG003,Chat,Delivery,2025-04-29 20:17:00,1.2,7.1,2
TKT009804,CU03606,AG028,Phone,Delivery,2025-06-11 08:10:00,4.9,10.6,5
TKT009805,CU00705,AG023,Phone,Billing,2025-04-30 10:05:00,2.7,59.2,5
TKT009806,CU03136,AG026,Phone,Technical Issue,2025-06-02 20:00:00,1.6,4.1,4
TKT009807,CU02788,AG022,Chat,Technical Issue,2025-05-14 10:29:00,3.4,53.9,3
TKT009808,CU01378,AG021,Email,Billing,2025-06-12 18:20:00,164.6,29.1,2
TKT009809,CU01346,AG038,Chat,Product Inquiry,2025-07-01 10:35:00,1.0,7.2,5
TKT009810,CU03791,AG003,Email,Billing,2025-08-23 09:30:00,200.5,55.0,2
TKT009811,CU02859,AG004,Email,Delivery,2025-11-21 08:40:00,149.7,0.8,5
TKT009812,CU00956,AG038,Phone,Product Inquiry,2025-07-12 06:11:00,3.2,8.7,5
TKT009813,CU03648,AG036,Email,Billing,2025-03-17 12:09:00,112.9,9.4,4
TKT009814,CU01628,AG017,Email,Account Access,2025-03-09 16:07:00,292.6,44.3,3
TKT009815,CU00319,AG022,Phone,Refund,2025-08-26 13:42:00,4.8,10.5,3
TKT009816,CU03255,AG018,Phone,Delivery,2025-12-31 11:54:00,8.6,3.7,3
TKT009817,CU03475,AG040,Phone,Technical Issue,2025-04-22 09:21:00,5.2,66.1,2
TKT009818,CU01772,AG019,Social Media,Delivery,2025-02-02 15:08:00,102.4,70.4,3
TKT009819,CU02816,AG031,Chat,Product Inquiry,2025-01-31 09:56:00,1.3,3.1,5
TKT009820,CU00939,AG015,Phone,Delivery,2025-04-11 03:13:00,4.4,10.9,4
TKT009821,CU03402,AG016,Chat,Delivery,2025-12-15 21:39:00,3.5,10.5,5
TKT009822,CU01475,AG027,Chat,Delivery,2025-10-12 20:52:00,2.1,12.6,3
TKT009823,CU01070,AG016,Email,Delivery,2025-10-14 09:55:00,406.1,7.9,4
TKT009824,CU02003,AG001,Chat,Technical Issue,2025-05-02 09:13:00,3.5,6.7,3
TKT009825,CU01069,AG007,Social Media,Product Inquiry,2025-12-14 14:01:00,46.6,3.5,5
TKT009826,CU02483,AG035,Phone,Technical Issue,2025-05-29 12:25:00,3.1,2.5,4
TKT009827,CU02991,AG015,Chat,Refund,2025-05-27 19:54:00,2.9,38.1,2
TKT009828,CU01623,AG005,Chat,Billing,2025-12-09 12:28:00,1.0,37.5,3
TKT009829,CU03134,AG038,Chat,Delivery,2025-10-04 08:52:00,1.9,7.5,2
TKT009830,CU01726,AG040,Chat,Refund,2025-04-16 14:50:00,1.2,2.1,3
TKT009831,CU03881,AG020,Phone,Refund,2025-08-26 07:30:00,4.1,7.6,3
TKT009832,CU01056,AG026,Chat,Technical Issue,2025-05-08 12:52:00,1.2,11.3,2
TKT009833,CU02819,AG031,Chat,Delivery,2025-08-14 14:58:00,3.6,8.3,4
TKT009834,CU02142,AG003,Web Form,Technical Issue,2025-02-20 20:40:00,41.6,2.0,5
TKT009835,CU03775,AG012,Email,Technical Issue,2025-01-15 10:44:00,201.8,37.1,3
TKT009836,CU00878,AG023,Phone,Account Access,2025-12-18 15:26:00,1.8,7.6,3
TKT009837,CU00787,AG022,Email,Product Inquiry,2025-01-27 00:59:00,118.4,2.3,4
TKT009838,CU03471,AG014,Chat,Product Inquiry,2025-05-27 18:21:00,1.0,25.4,2
TKT009839,CU03605,AG001,Email,Account Access,2025-03-13 10:45:00,269.9,6.0,5
TKT009840,CU02990,AG039,Chat,Delivery,2025-01-06 09:56:00,1.3,3.4,5
TKT009841,CU01900,AG025,Phone,Technical Issue,2025-10-01 07:54:00,3.8,4.9,3
TKT009842,CU01642,AG031,Chat,Technical Issue,2025-04-14 17:52:00,2.4,9.4,3
TKT009843,CU02667,AG018,Email,Delivery,2025-10-19 05:11:00,92.9,5.5,5
TKT009844,CU02989,AG021,Chat,Refund,2025-07-20 14:58:00,1.0,10.5,5
TKT009845,CU01104,AG018,Chat,Delivery,2025-08-25 10:11:00,2.2,9.9,4
TKT009846,CU00028,AG018,Email,Technical Issue,2025-09-02 16:14:00,48.4,67.9,4
TKT009847,CU00295,AG027,Chat,Billing,2025-03-12 21:30:00,4.2,5.7,5
TKT009848,CU01378,AG040,Phone,Technical Issue,2025-06-16 10:08:00,3.7,8.7,3
TKT009849,CU02727,AG032,Email,Refund,2025-10-11 15:43:00,62.2,44.7,4
TKT009850,CU01762,AG027,Phone,Billing,2025-03-27 11:55:00,3.5,71.2,2
TKT009851,CU02474,AG001,Email,Billing,2025-02-11 13:15:00,192.4,11.5,3
TKT009852,CU01880,AG021,Email,Account Access,2025-06-01 06:19:00,89.3,1.1,5
TKT009853,CU01007,AG039,Phone,Technical Issue,2025-11-23 09:25:00,1.4,38.6,1
TKT009854,CU02995,AG016,Chat,Billing,2025-04-28 17:05:00,1.9,7.0,4
TKT009855,CU02894,AG022,Phone,Delivery,2025-05-21 10:10:00,6.1,8.7,5
TKT009856,CU03852,AG013,Social Media,Billing,2025-02-16 00:56:00,102.3,22.6,5
TKT009857,CU03303,AG008,Web Form,Account Access,2025-09-23 10:55:00,68.6,11.3,3
TKT009858,CU01520,AG029,Chat,Product Inquiry,2025-05-04 15:30:00,3.4,3.9,4
TKT009859,CU02819,AG013,Email,Technical Issue,2025-03-03 21:44:00,334.4,10.9,5
TKT009860,CU01403,AG024,Email,Technical Issue,2025-02-07 18:02:00,31.8,18.1,5
TKT009861,CU03492,AG024,Web Form,Delivery,2025-04-25 16:02:00,26.5,35.2,2
TKT009862,CU02443,AG034,Phone,Account Access,2025-03-16 20:53:00,4.4,40.8,1
TKT009863,CU03339,AG038,Chat,Product Inquiry,2025-06-30 15:01:00,2.3,15.2,4
TKT009864,CU01126,AG023,Web Form,Technical Issue,2025-06-05 13:42:00,23.5,8.2,3
TKT009865,CU00060,AG003,Social Media,Refund,2025-07-01 13:59:00,58.5,3.3,5
TKT009866,CU00566,AG024,Social Media,Account Access,2025-05-14 20:47:00,232.0,5.0,3
TKT009867,CU02126,AG036,Chat,Technical Issue,2025-02-05 00:23:00,1.6,7.8,4
TKT009868,CU03847,AG020,Email,Account Access,2025-10-11 13:32:00,157.2,1.5,3
TKT009869,CU02509,AG023,Email,Billing,2025-07-20 17:36:00,374.9,11.8,5
TKT009870,CU03239,AG031,Phone,Technical Issue,2025-03-09 04:26:00,4.2,3.6,5
